;execution_time_recording_timestamp;execution_time
0;1666596805.6630535;7.000000000000001e-06
1;1666596805.6677017;5e-06
2;1666596805.6726987;5e-06
3;1666596805.6776128;4.000000000000001e-06
4;1666596805.6827114;5e-06
5;1666596805.6873221;5e-06
6;1666596805.6919534;5e-06
7;1666596805.876451;0.154342
8;1666596805.8821545;5e-06
9;1666596805.88714;5e-06
10;1666596805.8920798;5e-06
11;1666596805.897076;4.000000000000001e-06
12;1666596806.0295367;0.11020300000000001
13;1666596806.0341365;5e-06
14;1666596806.0388863;4.000000000000001e-06
15;1666596806.0437577;5e-06
16;1666596806.0489028;5e-06
17;1666596806.0535724;5e-06
18;1666596806.2121117;0.13228600000000001
19;1666596806.2178144;5e-06
20;1666596806.2226994;4.000000000000001e-06
21;1666596806.2274468;5e-06
22;1666596806.2323344;5e-06
23;1666596806.3635736;0.110181
24;1666596806.3686411;5e-06
25;1666596806.3749366;5e-06
26;1666596806.3800323;5e-06
27;1666596806.4895232;0.088175
28;1666596806.5220203;0.022052000000000002
29;1666596806.5280247;5e-06
30;1666596806.5862682;0.044084000000000005
31;1666596806.6184237;0.022044
32;1666596806.6247814;5e-06
33;1666596806.6829727;0.044092000000000006
34;1666596806.6892781;5e-06
35;1666596806.6947331;4.000000000000001e-06
36;1666596806.7011673;5e-06
37;1666596806.7076473;5e-06
38;1666596806.7141452;5e-06
39;1666596806.8767338;0.132268
40;1666596806.8825183;5e-06
41;1666596806.888804;5e-06
42;1666596806.8942788;4.000000000000001e-06
43;1666596806.9006815;5e-06
44;1666596806.9068437;5e-06
45;1666596807.068438;0.132257
46;1666596807.0731423;5e-06
47;1666596807.0787866;5e-06
48;1666596807.084187;4.000000000000001e-06
49;1666596807.089612;5e-06
50;1666596807.0949001;5e-06
51;1666596807.1005967;5e-06
52;1666596807.1074123;5e-06
53;1666596807.113925;5e-06
54;1666596807.3549554;0.198387
55;1666596807.3598044;5e-06
56;1666596807.3647053;4.000000000000001e-06
57;1666596807.370648;5e-06
58;1666596807.375887;5e-06
59;1666596807.3813334;5e-06
60;1666596807.3866808;5e-06
61;1666596807.3918061;4.000000000000001e-06
62;1666596807.3971624;5e-06
63;1666596807.4029925;5e-06
64;1666596807.4080682;5e-06
65;1666596807.6964297;0.242541
66;1666596807.7026575;5e-06
67;1666596807.7080429;5e-06
68;1666596807.790929;0.06615700000000001
69;1666596807.7960377;5e-06
70;1666596807.8014061;4.000000000000001e-06
71;1666596807.8066773;5e-06
72;1666596807.81164;5e-06
73;1666596807.8167543;5e-06
74;1666596807.821583;5e-06
75;1666596807.8263924;5e-06
76;1666596807.8312612;4.000000000000001e-06
77;1666596807.8368099;5e-06
78;1666596807.8419628;5e-06
79;1666596808.12832;0.242544
80;1666596808.133638;5e-06
81;1666596808.190081;0.044092000000000006
82;1666596808.1954188;4.000000000000001e-06
83;1666596808.200075;5e-06
84;1666596808.205566;5e-06
85;1666596808.2105715;5e-06
86;1666596808.2152753;4.000000000000001e-06
87;1666596808.2201455;5e-06
88;1666596808.2248628;5e-06
89;1666596808.2295713;5e-06
90;1666596808.2341433;4.000000000000001e-06
91;1666596808.2391393;5e-06
92;1666596808.2440197;5e-06
93;1666596808.2488976;5e-06
94;1666596808.2539084;4.000000000000001e-06
95;1666596808.2591212;5e-06
96;1666596808.26427;5e-06
97;1666596808.6764255;0.352814
98;1666596808.706871;0.022048
99;1666596808.7121418;4.000000000000001e-06
100;1666596808.7167983;5e-06
101;1666596808.7221787;5e-06
102;1666596808.726904;5e-06
103;1666596808.7315717;5e-06
104;1666596808.7359478;4.000000000000001e-06
105;1666596808.7403219;5e-06
106;1666596808.744992;5e-06
107;1666596808.7498028;5e-06
108;1666596808.7544928;4.000000000000001e-06
109;1666596808.7595146;5e-06
110;1666596808.764199;5e-06
111;1666596808.768916;5e-06
112;1666596808.7742968;4.000000000000001e-06
113;1666596808.7796178;5e-06
114;1666596808.7849088;5e-06
115;1666596808.7902446;5e-06
116;1666596809.2554932;0.39693
117;1666596809.2861538;0.022047
118;1666596809.3171272;0.022051
119;1666596809.321771;5e-06
120;1666596809.3272705;5e-06
121;1666596809.332652;4.000000000000001e-06
122;1666596809.4410715;0.088186
123;1666596809.4712062;0.022051
124;1666596809.4766765;5e-06
125;1666596809.4818294;4.000000000000001e-06
126;1666596809.4869566;5e-06
127;1666596809.4915788;5e-06
128;1666596809.4966493;5e-06
129;1666596809.5016418;5e-06
130;1666596809.506395;5e-06
131;1666596809.5113244;4.000000000000001e-06
132;1666596809.5164974;5e-06
133;1666596809.5214043;5e-06
134;1666596809.526199;5e-06
135;1666596809.5314007;4.000000000000001e-06
136;1666596809.5364847;5e-06
137;1666596809.897497;0.308724
138;1666596809.9028893;5e-06
139;1666596809.9084013;5e-06
140;1666596809.9141161;5e-06
141;1666596809.9195242;4.000000000000001e-06
142;1666596809.9250538;5e-06
143;1666596809.9300296;5e-06
144;1666596809.9348035;5e-06
145;1666596809.940038;5e-06
146;1666596809.9451506;4.000000000000001e-06
147;1666596809.9499512;5e-06
148;1666596809.9547634;5e-06
149;1666596809.9599943;5e-06
150;1666596809.9653614;4.000000000000001e-06
151;1666596809.9702637;5e-06
152;1666596809.9752088;5e-06
153;1666596809.9799523;5e-06
154;1666596809.985017;5e-06
155;1666596809.990329;4.000000000000001e-06
156;1666596809.9957662;5e-06
157;1666596810.001169;5e-06
158;1666596810.0068886;5e-06
159;1666596810.0121257;5e-06
160;1666596810.0168257;4.000000000000001e-06
161;1666596810.0215123;5e-06
162;1666596810.6666038;0.551425
163;1666596810.6715734;5e-06
164;1666596810.6770465;4.000000000000001e-06
165;1666596810.6819923;5e-06
166;1666596810.687073;5e-06
167;1666596810.6924036;5e-06
168;1666596810.8501475;0.132257
169;1666596810.8555229;5e-06
170;1666596810.860806;5e-06
171;1666596810.8660483;5e-06
172;1666596810.870637;4.000000000000001e-06
173;1666596810.8756378;5e-06
174;1666596810.8803315;5e-06
175;1666596810.8853936;5e-06
176;1666596811.094133;0.17636600000000002
177;1666596811.099074;5e-06
178;1666596811.1043882;4.000000000000001e-06
179;1666596811.1093585;5e-06
180;1666596811.1140137;5e-06
181;1666596811.11881;5e-06
182;1666596811.1235747;5e-06
183;1666596811.1286185;4.000000000000001e-06
184;1666596811.1336472;5e-06
185;1666596811.138421;5e-06
186;1666596811.1430156;5e-06
187;1666596811.147684;4.000000000000001e-06
188;1666596811.4565492;0.264563
189;1666596811.4872978;0.02205
190;1666596811.4922054;4.000000000000001e-06
191;1666596811.4969552;5e-06
192;1666596811.5019953;5e-06
193;1666596811.5066411;5e-06
194;1666596811.6376865;0.11021
195;1666596811.6427765;5e-06
196;1666596811.6986408;0.044090000000000004
197;1666596811.7037382;5e-06
198;1666596811.708582;5e-06
199;1666596811.7135794;4.000000000000001e-06
200;1666596811.8198857;0.088162
201;1666596811.8249984;5e-06
202;1666596811.8302727;4.000000000000001e-06
203;1666596811.9110398;0.066133
204;1666596811.9161575;5e-06
205;1666596811.9211426;5e-06
206;1666596812.0012555;0.066126
207;1666596812.0061765;4.000000000000001e-06
208;1666596812.0108297;5e-06
209;1666596812.0158281;5e-06
210;1666596812.122328;0.08818400000000001
211;1666596812.127265;5e-06
212;1666596812.182883;0.044084000000000005
213;1666596812.1880252;5e-06
214;1666596812.244356;0.04408
215;1666596812.249206;5e-06
216;1666596812.2541432;5e-06
217;1666596812.259152;5e-06
218;1666596812.3653948;0.088172
219;1666596812.3956444;0.02204
220;1666596812.4005032;5e-06
221;1666596812.4054902;5e-06
222;1666596812.4105794;4.000000000000001e-06
223;1666596812.416143;5e-06
224;1666596812.5485425;0.11024500000000001
225;1666596812.5788429;0.022039000000000003
226;1666596812.583954;5e-06
227;1666596812.5890296;4.000000000000001e-06
228;1666596812.5940158;5e-06
229;1666596812.599015;5e-06
230;1666596812.6038618;5e-06
231;1666596812.6088657;5e-06
232;1666596812.61399;4.000000000000001e-06
233;1666596812.6188293;5e-06
234;1666596812.6236382;5e-06
235;1666596812.628264;5e-06
236;1666596812.6328268;4.000000000000001e-06
237;1666596812.6378908;5e-06
238;1666596812.643002;5e-06
239;1666596812.6477635;5e-06
240;1666596812.6525507;5e-06
241;1666596812.6570137;4.000000000000001e-06
242;1666596812.661952;5e-06
243;1666596812.6668618;5e-06
244;1666596812.6722713;5e-06
245;1666596812.6770134;5e-06
246;1666596812.6817722;4.000000000000001e-06
247;1666596812.6862633;5e-06
248;1666596812.6911347;5e-06
249;1666596812.695577;5e-06
250;1666596812.7000773;5e-06
251;1666596812.7049487;4.000000000000001e-06
252;1666596812.709514;5e-06
253;1666596812.7140875;5e-06
254;1666596812.718764;5e-06
255;1666596812.7233243;5e-06
256;1666596812.7276988;4.000000000000001e-06
257;1666596812.732491;5e-06
258;1666596812.7373235;5e-06
259;1666596812.742077;5e-06
260;1666596812.74661;4.000000000000001e-06
261;1666596812.751448;5e-06
262;1666596812.7561386;5e-06
263;1666596812.7605126;5e-06
264;1666596812.7652004;5e-06
265;1666596812.7700202;4.000000000000001e-06
266;1666596812.7745728;5e-06
267;1666596812.778948;5e-06
268;1666596812.7834477;5e-06
269;1666596812.7881372;5e-06
270;1666596812.7933621;4.000000000000001e-06
271;1666596812.7982357;5e-06
272;1666596812.8029487;5e-06
273;1666596812.8079965;5e-06
274;1666596812.812579;5e-06
275;1666596812.8176453;4.000000000000001e-06
276;1666596812.8223875;5e-06
277;1666596812.827275;5e-06
278;1666596812.8318248;5e-06
279;1666596812.8362048;5e-06
280;1666596812.8410525;4.000000000000001e-06
281;1666596812.8457644;5e-06
282;1666596812.8503282;5e-06
283;1666596814.337404;1.280327
284;1666596814.3430274;5e-06
285;1666596814.347885;5e-06
286;1666596814.3524275;4.000000000000001e-06
287;1666596814.3573987;5e-06
288;1666596814.362014;5e-06
289;1666596814.3667693;5e-06
290;1666596814.371449;5e-06
291;1666596814.376272;5e-06
292;1666596814.3812716;4.000000000000001e-06
293;1666596814.3863776;5e-06
294;1666596814.3912678;5e-06
295;1666596814.3962765;5e-06
296;1666596814.401272;4.000000000000001e-06
297;1666596814.7657948;0.308711
298;1666596814.7708268;5e-06
299;1666596814.775884;5e-06
300;1666596814.7808878;5e-06
301;1666596814.7861478;5e-06
302;1666596814.7916377;4.000000000000001e-06
303;1666596814.9506562;0.13226400000000002
304;1666596814.9812016;0.022057
305;1666596814.9866574;5e-06
306;1666596814.9920714;5e-06
307;1666596814.9973893;5e-06
308;1666596815.0026593;4.000000000000001e-06
309;1666596815.0075743;5e-06
310;1666596815.0123246;5e-06
311;1666596815.1963682;0.15432300000000002
312;1666596815.2275229;0.022049000000000003
313;1666596815.2322652;5e-06
314;1666596815.2371397;5e-06
315;1666596815.2417653;4.000000000000001e-06
316;1666596815.2470226;5e-06
317;1666596815.2518244;5e-06
318;1666596815.2568893;5e-06
319;1666596815.4416811;0.15432300000000002
320;1666596815.4727006;0.022051
321;1666596815.5035217;0.022047
322;1666596815.534423;0.022043
323;1666596815.565075;0.022052000000000002
324;1666596815.5705242;4.000000000000001e-06
325;1666596815.574952;5e-06
326;1666596815.5799978;5e-06
327;1666596815.5848925;5e-06
328;1666596815.5897968;5e-06
329;1666596815.5945141;4.000000000000001e-06
330;1666596815.5991995;5e-06
331;1666596815.6038823;5e-06
332;1666596815.6086104;5e-06
333;1666596815.8697753;0.22043400000000002
334;1666596815.8748002;5e-06
335;1666596815.8801463;4.000000000000001e-06
336;1666596815.8856454;5e-06
337;1666596815.890515;5e-06
338;1666596815.8956769;5e-06
339;1666596815.9007697;5e-06
340;1666596815.9052641;5e-06
341;1666596815.9105198;4.000000000000001e-06
342;1666596815.9156225;5e-06
343;1666596816.1792002;0.22049800000000003
344;1666596816.1841419;5e-06
345;1666596816.1893976;5e-06
346;1666596816.1940145;5e-06
347;1666596816.1984499;4.000000000000001e-06
348;1666596816.2035875;5e-06
349;1666596816.2090473;5e-06
350;1666596816.21414;5e-06
351;1666596816.2194283;5e-06
352;1666596816.2247088;4.000000000000001e-06
353;1666596816.2296402;5e-06
354;1666596816.2345145;5e-06
355;1666596816.2392619;5e-06
356;1666596816.2440681;5e-06
357;1666596816.2491517;5e-06
358;1666596816.2544045;4.000000000000001e-06
359;1666596816.2599344;5e-06
360;1666596816.2644513;5e-06
361;1666596816.2693267;5e-06
362;1666596816.274654;4.000000000000001e-06
363;1666596816.2795148;5e-06
364;1666596816.284773;5e-06
365;1666596816.2903907;5e-06
366;1666596816.2960508;5e-06
367;1666596816.3016229;4.000000000000001e-06
368;1666596816.3069036;5e-06
369;1666596816.311935;5e-06
370;1666596816.3169496;5e-06
371;1666596816.3218896;5e-06
372;1666596816.327363;4.000000000000001e-06
373;1666596816.3329623;5e-06
374;1666596816.3381891;5e-06
375;1666596816.343886;5e-06
376;1666596816.3495753;5e-06
377;1666596816.3546433;4.000000000000001e-06
378;1666596816.3595157;5e-06
379;1666596816.3640177;5e-06
380;1666596816.3691344;5e-06
381;1666596816.374641;5e-06
382;1666596816.3798835;5e-06
383;1666596816.3849168;4.000000000000001e-06
384;1666596816.3903136;5e-06
385;1666596816.3958087;5e-06
386;1666596816.400625;5e-06
387;1666596816.4054167;4.000000000000001e-06
388;1666596816.4103065;5e-06
389;1666596816.4153934;5e-06
390;1666596816.421003;5e-06
391;1666596816.4264262;5e-06
392;1666596816.431774;4.000000000000001e-06
393;1666596816.4368076;5e-06
394;1666596816.4418046;5e-06
395;1666596816.4470184;5e-06
396;1666596816.452208;5e-06
397;1666596816.4574463;5e-06
398;1666596816.462015;4.000000000000001e-06
399;1666596816.46716;5e-06
400;1666596816.472269;5e-06
401;1666596817.965493;1.280343
402;1666596817.9705229;5e-06
403;1666596817.9758854;5e-06
404;1666596817.9810653;4.000000000000001e-06
405;1666596817.9863985;5e-06
406;1666596817.9911535;5e-06
407;1666596817.9960752;5e-06
408;1666596818.0008287;5e-06
409;1666596818.00555;4.000000000000001e-06
410;1666596818.0102718;5e-06
411;1666596818.0148327;5e-06
412;1666596818.0198617;4.000000000000001e-06
413;1666596818.0244572;5e-06
414;1666596818.0291755;5e-06
415;1666596818.0339007;5e-06
416;1666596818.0384579;5e-06
417;1666596818.043374;4.000000000000001e-06
418;1666596818.0483818;5e-06
419;1666596818.0533044;5e-06
420;1666596818.057707;4.000000000000001e-06
421;1666596818.0624533;5e-06
422;1666596818.0670156;5e-06
423;1666596818.0718844;5e-06
424;1666596818.0764544;5e-06
425;1666596818.0811765;4.000000000000001e-06
426;1666596818.0857687;5e-06
427;1666596818.0906465;5e-06
428;1666596818.095557;4.000000000000001e-06
429;1666596818.1002662;5e-06
430;1666596818.1049883;5e-06
431;1666596818.1095781;5e-06
432;1666596818.1141412;5e-06
433;1666596818.1187077;4.000000000000001e-06
434;1666596818.123581;5e-06
435;1666596818.1283014;5e-06
436;1666596818.1330197;5e-06
437;1666596818.1379013;4.000000000000001e-06
438;1666596819.0893338;0.8163520000000001
439;1666596819.0946453;5e-06
440;1666596819.0996418;5e-06
441;1666596819.1044905;5e-06
442;1666596819.1093938;4.000000000000001e-06
443;1666596819.11442;5e-06
444;1666596819.1188257;5e-06
445;1666596819.1238835;5e-06
446;1666596819.1285033;5e-06
447;1666596819.133391;4.000000000000001e-06
448;1666596819.1380227;5e-06
449;1666596819.1431592;5e-06
450;1666596819.1493046;4.000000000000001e-06
451;1666596819.1540167;5e-06
452;1666596819.1590521;5e-06
453;1666596819.164146;5e-06
454;1666596819.1690576;5e-06
455;1666596819.1741488;4.000000000000001e-06
456;1666596819.1794262;5e-06
457;1666596819.1844525;5e-06
458;1666596819.1905162;4.000000000000001e-06
459;1666596819.1955771;5e-06
460;1666596819.200333;5e-06
461;1666596819.2052474;5e-06
462;1666596819.210144;5e-06
463;1666596819.21489;4.000000000000001e-06
464;1666596819.2195034;5e-06
465;1666596819.2246184;5e-06
466;1666596819.947885;0.6175860000000001
467;1666596819.9531622;5e-06
468;1666596820.0092707;0.044087
469;1666596820.0148792;5e-06
470;1666596820.020151;5e-06
471;1666596820.0252414;5e-06
472;1666596820.030151;5e-06
473;1666596820.0347793;4.000000000000001e-06
474;1666596820.039885;5e-06
475;1666596820.0453103;5e-06
476;1666596820.0503914;5e-06
477;1666596820.2850575;0.198409
478;1666596820.2905843;4.000000000000001e-06
479;1666596820.3471737;0.044088
480;1666596820.352648;5e-06
481;1666596820.35824;5e-06
482;1666596820.4400215;0.066133
483;1666596820.4453204;4.000000000000001e-06
484;1666596820.4506528;5e-06
485;1666596820.4556546;5e-06
486;1666596820.4607685;5e-06
487;1666596820.4658003;4.000000000000001e-06
488;1666596820.470457;5e-06
489;1666596820.4754965;5e-06
490;1666596820.4802752;5e-06
491;1666596820.4853668;4.000000000000001e-06
492;1666596820.4907637;5e-06
493;1666596820.495765;5e-06
494;1666596820.5007694;5e-06
495;1666596820.8356545;0.286652
496;1666596820.8408988;5e-06
497;1666596820.846435;5e-06
498;1666596820.9283211;0.066149
499;1666596820.9336994;5e-06
500;1666596820.9385808;5e-06
501;1666596821.0206816;0.066109
502;1666596821.0260708;4.000000000000001e-06
503;1666596821.0316143;5e-06
504;1666596821.0369012;5e-06
505;1666596821.0418253;5e-06
506;1666596821.046892;5e-06
507;1666596821.0517054;4.000000000000001e-06
508;1666596821.0569248;5e-06
509;1666596821.0616736;5e-06
510;1666596821.0665302;5e-06
511;1666596821.0710747;5e-06
512;1666596821.075765;4.000000000000001e-06
513;1666596821.0803342;5e-06
514;1666596821.0851393;5e-06
515;1666596821.0900223;5e-06
516;1666596821.0947726;5e-06
517;1666596821.0993257;4.000000000000001e-06
518;1666596821.1040154;5e-06
519;1666596821.108578;5e-06
520;1666596821.1134264;5e-06
521;1666596821.1178253;4.000000000000001e-06
522;1666596821.1226416;5e-06
523;1666596821.127304;5e-06
524;1666596821.132143;5e-06
525;1666596821.7520428;0.529333
526;1666596821.7601497;4.000000000000001e-06
527;1666596821.765303;5e-06
528;1666596821.7703967;5e-06
529;1666596821.7751405;5e-06
530;1666596821.77989;4.000000000000001e-06
531;1666596821.7844512;5e-06
532;1666596821.7890303;5e-06
533;1666596821.7937891;5e-06
534;1666596821.7984505;5e-06
535;1666596821.8033285;5e-06
536;1666596821.8078814;4.000000000000001e-06
537;1666596821.8126135;5e-06
538;1666596821.817325;5e-06
539;1666596821.822121;5e-06
540;1666596821.826828;5e-06
541;1666596821.8313894;4.000000000000001e-06
542;1666596821.8359513;5e-06
543;1666596821.840333;5e-06
544;1666596821.845397;5e-06
545;1666596821.850077;5e-06
546;1666596821.8551188;4.000000000000001e-06
547;1666596821.860034;5e-06
548;1666596821.8647687;5e-06
549;1666596821.8696172;5e-06
550;1666596821.8744295;5e-06
551;1666596821.8791292;4.000000000000001e-06
552;1666596821.8839908;5e-06
553;1666596821.8886771;5e-06
554;1666596821.8930767;5e-06
555;1666596821.8974538;5e-06
556;1666596822.6918826;0.68393
557;1666596822.722454;0.022061
558;1666596822.7274532;5e-06
559;1666596822.732026;4.000000000000001e-06
560;1666596822.7367659;5e-06
561;1666596822.7416396;5e-06
562;1666596822.7461424;5e-06
563;1666596822.7508347;5e-06
564;1666596822.7557406;5e-06
565;1666596822.7612693;4.000000000000001e-06
566;1666596822.7660782;5e-06
567;1666596822.7711163;5e-06
568;1666596822.7758281;5e-06
569;1666596822.780678;4.000000000000001e-06
570;1666596822.7855167;5e-06
571;1666596822.7900808;5e-06
572;1666596822.7949245;5e-06
573;1666596822.7997694;5e-06
574;1666596822.80465;4.000000000000001e-06
575;1666596822.8096132;5e-06
576;1666596822.8141403;5e-06
577;1666596822.8187654;5e-06
578;1666596822.8233914;4.000000000000001e-06
579;1666596822.8283772;5e-06
580;1666596822.8332064;5e-06
581;1666596822.8378935;5e-06
582;1666596822.8427746;5e-06
583;1666596822.847577;4.000000000000001e-06
584;1666596822.8525195;5e-06
585;1666596822.8572664;5e-06
586;1666596822.8622694;5e-06
587;1666596822.867115;5e-06
588;1666596822.871954;4.000000000000001e-06
589;1666596822.876517;5e-06
590;1666596822.881079;5e-06
591;1666596822.8858993;5e-06
592;1666596822.8904536;5e-06
593;1666596822.8951402;4.000000000000001e-06
594;1666596822.8998823;5e-06
595;1666596822.9046159;5e-06
596;1666596822.9096184;5e-06
597;1666596822.9144497;5e-06
598;1666596822.9191134;4.000000000000001e-06
599;1666596822.92408;5e-06
600;1666596822.9288917;5e-06
601;1666596822.9337375;5e-06
602;1666596822.9387012;4.000000000000001e-06
603;1666596822.9441745;5e-06
604;1666596822.9487016;5e-06
605;1666596822.9533277;5e-06
606;1666596822.9580772;5e-06
607;1666596822.9631133;4.000000000000001e-06
608;1666596822.9678278;5e-06
609;1666596822.9725192;5e-06
610;1666596822.9775147;5e-06
611;1666596822.9822047;5e-06
612;1666596822.9868994;4.000000000000001e-06
613;1666596822.9914598;5e-06
614;1666596822.9963272;5e-06
615;1666596823.001299;5e-06
616;1666596824.5070274;1.3024820000000001
617;1666596824.5123994;4.000000000000001e-06
618;1666596824.516951;5e-06
619;1666596824.5216386;5e-06
620;1666596824.5260153;5e-06
621;1666596824.5305521;5e-06
622;1666596824.5352685;4.000000000000001e-06
623;1666596824.5401218;5e-06
624;1666596824.5449896;5e-06
625;1666596824.5497012;5e-06
626;1666596824.5542371;4.000000000000001e-06
627;1666596824.8404741;0.242574
628;1666596824.8453922;5e-06
629;1666596824.8502991;5e-06
630;1666596824.8551404;5e-06
631;1666596824.8600376;4.000000000000001e-06
632;1666596824.8648953;5e-06
633;1666596824.8695161;5e-06
634;1666596824.874266;5e-06
635;1666596824.8788276;5e-06
636;1666596824.8835232;4.000000000000001e-06
637;1666596824.8880796;5e-06
638;1666596824.8929043;5e-06
639;1666596824.8977711;4.000000000000001e-06
640;1666596824.9021406;5e-06
641;1666596824.9066317;5e-06
642;1666596824.911767;5e-06
643;1666596824.9164512;5e-06
644;1666596824.9214542;4.000000000000001e-06
645;1666596824.9263985;5e-06
646;1666596824.931652;5e-06
647;1666596825.4463863;0.441056
648;1666596825.4520152;5e-06
649;1666596825.4575157;5e-06
650;1666596825.4627826;5e-06
651;1666596825.468181;4.000000000000001e-06
652;1666596825.4730227;5e-06
653;1666596825.4779267;5e-06
654;1666596825.4827743;5e-06
655;1666596825.487326;5e-06
656;1666596825.492067;4.000000000000001e-06
657;1666596825.4966755;5e-06
658;1666596825.50158;5e-06
659;1666596825.506266;5e-06
660;1666596825.5108268;4.000000000000001e-06
661;1666596825.5155768;5e-06
662;1666596825.5202668;5e-06
663;1666596825.5251799;5e-06
664;1666596825.5300255;4.000000000000001e-06
665;1666596825.9945858;0.39688700000000005
666;1666596826.000178;5e-06
667;1666596826.0049515;5e-06
668;1666596826.0098305;5e-06
669;1666596826.014579;5e-06
670;1666596826.0192082;4.000000000000001e-06
671;1666596826.0238345;5e-06
672;1666596826.0285223;5e-06
673;1666596826.033145;5e-06
674;1666596826.0382435;5e-06
675;1666596826.0431705;4.000000000000001e-06
676;1666596826.0484054;5e-06
677;1666596826.0535166;5e-06
678;1666596826.0582657;5e-06
679;1666596826.0630243;5e-06
680;1666596826.0681653;4.000000000000001e-06
681;1666596826.0733767;5e-06
682;1666596826.0779517;5e-06
683;1666596826.082519;5e-06
684;1666596826.087206;4.000000000000001e-06
685;1666596826.0921514;5e-06
686;1666596826.096891;5e-06
687;1666596826.1017826;6e-06
688;1666596826.1066494;5e-06
689;1666596826.11153;4.000000000000001e-06
690;1666596826.1163003;5e-06
691;1666596826.1213953;5e-06
692;1666596826.126144;5e-06
693;1666596826.131048;4.000000000000001e-06
694;1666596826.1361966;5e-06
695;1666596826.1411464;5e-06
696;1666596826.145892;5e-06
697;1666596826.1507654;5e-06
698;1666596826.1553915;4.000000000000001e-06
699;1666596826.1600814;5e-06
700;1666596826.1653738;5e-06
701;1666596826.1708038;5e-06
702;1666596826.1755824;5e-06
703;1666596826.180207;4.000000000000001e-06
704;1666596826.1850777;5e-06
705;1666596826.1899302;5e-06
706;1666596826.1946485;5e-06
707;1666596826.1993904;5e-06
708;1666596826.2042074;4.000000000000001e-06
709;1666596826.2089527;5e-06
710;1666596826.213647;5e-06
711;1666596826.2186613;5e-06
712;1666596826.2233949;5e-06
713;1666596826.228175;4.000000000000001e-06
714;1666596826.233051;5e-06
715;1666596826.2382748;5e-06
716;1666596826.2431564;5e-06
717;1666596826.2478833;4.000000000000001e-06
718;1666596826.2529674;5e-06
719;1666596826.2580564;5e-06
720;1666596826.26344;5e-06
721;1666596826.268714;5e-06
722;1666596826.273772;4.000000000000001e-06
723;1666596826.2785227;5e-06
724;1666596826.2832656;5e-06
725;1666596827.827017;1.3246010000000001
726;1666596827.8326387;4.000000000000001e-06
727;1666596827.8379004;5e-06
728;1666596827.8426297;5e-06
729;1666596827.8475208;5e-06
730;1666596827.8525608;4.000000000000001e-06
731;1666596828.0100703;0.132273
732;1666596828.0151427;4.000000000000001e-06
733;1666596828.0200205;5e-06
734;1666596828.024906;5e-06
735;1666596828.029641;5e-06
736;1666596828.0346508;5e-06
737;1666596828.0393946;4.000000000000001e-06
738;1666596828.044377;5e-06
739;1666596828.0492692;5e-06
740;1666596828.0538292;5e-06
741;1666596828.0585167;4.000000000000001e-06
742;1666596828.0630958;5e-06
743;1666596828.3754609;0.264615
744;1666596828.3809614;5e-06
745;1666596828.437328;0.044071000000000006
746;1666596828.4680374;0.022057
747;1666596828.4731824;5e-06
748;1666596828.4783058;5e-06
749;1666596828.483369;4.000000000000001e-06
750;1666596828.488267;5e-06
751;1666596828.4931536;5e-06
752;1666596828.498028;5e-06
753;1666596828.5027697;5e-06
754;1666596828.712585;0.17636300000000002
755;1666596828.7177675;5e-06
756;1666596828.7229269;4.000000000000001e-06
757;1666596828.727766;5e-06
758;1666596828.7324579;5e-06
759;1666596828.7371435;5e-06
760;1666596828.741691;5e-06
761;1666596828.7465572;5e-06
762;1666596828.7511294;5e-06
763;1666596828.7557058;4.000000000000001e-06
764;1666596828.760561;5e-06
765;1666596828.7651432;5e-06
766;1666596828.7697053;5e-06
767;1666596828.7745783;4.000000000000001e-06
768;1666596828.7796502;5e-06
769;1666596828.7840178;5e-06
770;1666596828.7885509;5e-06
771;1666596828.7939942;5e-06
772;1666596828.7990816;5e-06
773;1666596828.8040261;4.000000000000001e-06
774;1666596828.8085787;5e-06
775;1666596828.813422;5e-06
776;1666596828.8185797;5e-06
777;1666596828.8237734;5e-06
778;1666596828.8282032;4.000000000000001e-06
779;1666596828.8327703;5e-06
780;1666596828.8376422;5e-06
781;1666596828.8425303;5e-06
782;1666596828.8472667;5e-06
783;1666596828.8518274;4.000000000000001e-06
784;1666596828.8565543;5e-06
785;1666596828.861454;5e-06
786;1666596828.8663316;5e-06
787;1666596828.871368;5e-06
788;1666596828.876274;5e-06
789;1666596828.8813803;4.000000000000001e-06
790;1666596828.886392;5e-06
791;1666596828.8914049;5e-06
792;1666596828.8959556;5e-06
793;1666596828.9006195;5e-06
794;1666596828.9054515;5e-06
795;1666596828.9102669;4.000000000000001e-06
796;1666596828.9149573;5e-06
797;1666596828.9193273;5e-06
798;1666596830.0496154;0.970762
799;1666596830.054829;5e-06
800;1666596830.0599573;5e-06
801;1666596830.0651853;5e-06
802;1666596830.06988;5e-06
803;1666596830.074652;4.000000000000001e-06
804;1666596830.0790815;5e-06
805;1666596830.0837667;5e-06
806;1666596830.0883348;5e-06
807;1666596830.093013;5e-06
808;1666596830.0975785;5e-06
809;1666596830.1023304;4.000000000000001e-06
810;1666596830.1068919;5e-06
811;1666596830.111267;5e-06
812;1666596830.1159916;5e-06
813;1666596830.1207058;5e-06
814;1666596830.1252716;5e-06
815;1666596830.1301525;5e-06
816;1666596830.1351478;4.000000000000001e-06
817;1666596830.1397088;5e-06
818;1666596830.1445644;5e-06
819;1666596830.1492426;5e-06
820;1666596830.7154248;0.48512500000000003
821;1666596830.7469423;0.022059000000000002
822;1666596830.7526395;5e-06
823;1666596830.7580044;4.000000000000001e-06
824;1666596830.8398328;0.066136
825;1666596830.8453634;5e-06
826;1666596830.8505812;5e-06
827;1666596830.8555799;5e-06
828;1666596830.8603277;4.000000000000001e-06
829;1666596830.865563;5e-06
830;1666596830.8702717;5e-06
831;1666596830.8750257;5e-06
832;1666596830.8794565;4.000000000000001e-06
833;1666596830.884518;5e-06
834;1666596830.8893685;5e-06
835;1666596830.8943975;5e-06
836;1666596830.8992999;4.000000000000001e-06
837;1666596830.9041474;5e-06
838;1666596830.9089935;5e-06
839;1666596830.9139533;5e-06
840;1666596830.918641;5e-06
841;1666596830.923142;4.000000000000001e-06
842;1666596830.928035;5e-06
843;1666596830.9328725;5e-06
844;1666596830.9377074;4.000000000000001e-06
845;1666596830.9424305;5e-06
846;1666596830.947017;5e-06
847;1666596830.951881;5e-06
848;1666596830.9567413;4.000000000000001e-06
849;1666596830.961767;5e-06
850;1666596830.9665713;5e-06
851;1666596830.9714262;5e-06
852;1666596830.9763687;4.000000000000001e-06
853;1666596830.980955;5e-06
854;1666596830.985644;5e-06
855;1666596830.99052;5e-06
856;1666596830.995525;4.000000000000001e-06
857;1666596831.0000868;5e-06
858;1666596831.0051224;5e-06
859;1666596831.0101502;5e-06
860;1666596831.0149922;4.000000000000001e-06
861;1666596831.0198312;5e-06
862;1666596831.0242076;5e-06
863;1666596831.0285811;5e-06
864;1666596831.033268;5e-06
865;1666596831.037642;4.000000000000001e-06
866;1666596831.0423172;5e-06
867;1666596831.0468934;5e-06
868;1666596831.0518806;4.000000000000001e-06
869;1666596831.0571167;5e-06
870;1666596831.0623047;5e-06
871;1666596832.2720385;1.037188
872;1666596832.2776196;4.000000000000001e-06
873;1666596832.2827048;5e-06
874;1666596832.3648314;0.066127
875;1666596832.37015;4.000000000000001e-06
876;1666596832.375393;5e-06
877;1666596832.3805237;5e-06
878;1666596832.3854303;5e-06
879;1666596832.3903031;5e-06
880;1666596832.394829;5e-06
881;1666596832.3993924;4.000000000000001e-06
882;1666596832.4040687;5e-06
883;1666596832.4089055;5e-06
884;1666596832.4134557;5e-06
885;1666596832.4182794;4.000000000000001e-06
886;1666596832.4229546;5e-06
887;1666596832.4276578;5e-06
888;1666596832.432519;5e-06
889;1666596832.4372056;5e-06
890;1666596832.441893;4.000000000000001e-06
891;1666596832.4465842;5e-06
892;1666596832.4518807;5e-06
893;1666596832.4565856;5e-06
894;1666596832.461302;4.000000000000001e-06
895;1666596832.4662437;5e-06
896;1666596832.471118;5e-06
897;1666596832.4758334;5e-06
898;1666596832.4809055;5e-06
899;1666596832.4857688;4.000000000000001e-06
900;1666596832.4903283;5e-06
901;1666596832.4950163;5e-06
902;1666596832.499881;5e-06
903;1666596832.5049083;4.000000000000001e-06
904;1666596832.5096478;5e-06
905;1666596832.5145;5e-06
906;1666596832.519309;5e-06
907;1666596832.5237072;5e-06
908;1666596832.5285625;4.000000000000001e-06
909;1666596832.533302;5e-06
910;1666596832.5383093;5e-06
911;1666596833.4905195;0.8162750000000001
912;1666596833.4955838;5e-06
913;1666596833.5515404;0.044072
914;1666596833.5571427;4.000000000000001e-06
915;1666596833.5620203;5e-06
916;1666596833.5670252;5e-06
917;1666596833.6753857;0.088189
918;1666596833.6805222;4.000000000000001e-06
919;1666596833.6853027;5e-06
920;1666596833.767666;0.06614
921;1666596833.7728965;4.000000000000001e-06
922;1666596833.777995;5e-06
923;1666596833.7828963;5e-06
924;1666596833.7874622;5e-06
925;1666596833.7925172;4.000000000000001e-06
926;1666596833.7973042;5e-06
927;1666596833.8020208;5e-06
928;1666596833.8067038;5e-06
929;1666596833.8112714;4.000000000000001e-06
930;1666596833.8161452;5e-06
931;1666596833.8211226;5e-06
932;1666596833.8258324;5e-06
933;1666596833.830706;4.000000000000001e-06
934;1666596834.1923413;0.308686
935;1666596834.2237039;0.022045000000000002
936;1666596834.2290301;4.000000000000001e-06
937;1666596834.2856536;0.044101
938;1666596834.3171442;0.022037
939;1666596834.3223813;4.000000000000001e-06
940;1666596834.3277764;5e-06
941;1666596834.3330233;5e-06
942;1666596834.337579;5e-06
943;1666596834.3419564;5e-06
944;1666596834.3464537;4.000000000000001e-06
945;1666596834.5304549;0.15432300000000002
946;1666596834.5356464;4.000000000000001e-06
947;1666596834.5407434;5e-06
948;1666596834.545896;5e-06
949;1666596834.5507765;5e-06
950;1666596834.5556443;4.000000000000001e-06
951;1666596834.560535;5e-06
952;1666596834.5665298;5e-06
953;1666596834.571646;5e-06
954;1666596834.5765681;4.000000000000001e-06
955;1666596834.5816526;5e-06
956;1666596834.586079;5e-06
957;1666596834.5907445;5e-06
958;1666596834.595582;4.000000000000001e-06
959;1666596834.600621;5e-06
960;1666596834.6056156;5e-06
961;1666596834.6107745;5e-06
962;1666596834.6154928;4.000000000000001e-06
963;1666596834.6203344;5e-06
964;1666596834.625019;5e-06
965;1666596834.6298904;5e-06
966;1666596834.6345818;4.000000000000001e-06
967;1666596834.6395557;5e-06
968;1666596834.6444113;5e-06
969;1666596834.6495833;5e-06
970;1666596834.6539557;4.000000000000001e-06
971;1666596834.6585195;5e-06
972;1666596834.663697;5e-06
973;1666596834.6688356;5e-06
974;1666596834.674119;4.000000000000001e-06
975;1666596834.6785214;5e-06
976;1666596834.6831188;5e-06
977;1666596834.688037;5e-06
978;1666596834.6930296;4.000000000000001e-06
979;1666596834.698329;5e-06
980;1666596834.7036824;5e-06
981;1666596834.7089567;5e-06
982;1666596834.713643;4.000000000000001e-06
983;1666596834.7182045;5e-06
984;1666596835.719127;0.860484
985;1666596835.7243934;5e-06
986;1666596835.730018;5e-06
987;1666596835.7350183;4.000000000000001e-06
988;1666596835.739777;5e-06
989;1666596835.8737524;0.110225
990;1666596835.8794558;4.000000000000001e-06
991;1666596835.8844578;5e-06
992;1666596835.8891432;5e-06
993;1666596835.8939178;5e-06
994;1666596835.8988955;4.000000000000001e-06
995;1666596835.9032679;5e-06
996;1666596835.908023;5e-06
997;1666596835.9128323;5e-06
998;1666596835.917394;5e-06
999;1666596835.9221313;4.000000000000001e-06
1000;1666596835.9271636;5e-06
1001;1666596835.931889;5e-06
1002;1666596835.936455;5e-06
1003;1666596835.9408379;5e-06
1004;1666596835.9459302;4.000000000000001e-06
1005;1666596835.9510198;5e-06
1006;1666596835.9558291;5e-06
1007;1666596835.9609163;5e-06
1008;1666596835.9660199;4.000000000000001e-06
1009;1666596835.970897;5e-06
1010;1666596835.9759989;5e-06
1011;1666596835.9805198;5e-06
1012;1666596835.985279;5e-06
1013;1666596835.9901466;5e-06
1014;1666596835.994964;4.000000000000001e-06
1015;1666596835.999454;5e-06
1016;1666596836.004312;5e-06
1017;1666596836.0087054;5e-06
1018;1666596836.0136776;4.000000000000001e-06
1019;1666596836.7825909;0.661709
1020;1666596836.814029;0.022052000000000002
1021;1666596836.8194563;4.000000000000001e-06
1022;1666596836.8743951;0.044084000000000005
1023;1666596836.8796468;5e-06
1024;1666596836.884929;4.000000000000001e-06
1025;1666596836.8906176;5e-06
1026;1666596836.8961194;5e-06
1027;1666596836.901368;5e-06
1028;1666596836.906079;5e-06
1029;1666596836.9104543;4.000000000000001e-06
1030;1666596836.9153068;5e-06
1031;1666596836.9197037;5e-06
1032;1666596836.9246151;5e-06
1033;1666596836.9295225;4.000000000000001e-06
1034;1666596836.9343967;5e-06
1035;1666596836.9392478;5e-06
1036;1666596836.9437702;5e-06
1037;1666596836.9483294;5e-06
1038;1666596837.3627071;0.35283000000000003
1039;1666596837.3680322;5e-06
1040;1666596837.3728316;4.000000000000001e-06
1041;1666596837.3778083;5e-06
1042;1666596837.3838997;5e-06
1043;1666596837.389149;5e-06
1044;1666596837.547175;0.13229300000000002
1045;1666596837.5528758;5e-06
1046;1666596837.5583937;4.000000000000001e-06
1047;1666596837.639586;0.06614300000000001
1048;1666596837.6445143;5e-06
1049;1666596837.6494067;4.000000000000001e-06
1050;1666596837.6540234;5e-06
1051;1666596837.6588037;5e-06
1052;1666596837.6640375;5e-06
1053;1666596837.6694047;5e-06
1054;1666596837.674519;4.000000000000001e-06
1055;1666596837.6797752;5e-06
1056;1666596837.6845238;5e-06
1057;1666596837.6900337;5e-06
1058;1666596837.694835;4.000000000000001e-06
1059;1666596837.6998813;5e-06
1060;1666596837.7049017;5e-06
1061;1666596837.7097712;5e-06
1062;1666596837.7149096;5e-06
1063;1666596837.7197428;4.000000000000001e-06
1064;1666596837.724561;5e-06
1065;1666596837.7294273;5e-06
1066;1666596837.73433;5e-06
1067;1666596837.7396421;5e-06
1068;1666596837.7440193;4.000000000000001e-06
1069;1666596837.749278;5e-06
1070;1666596837.7562182;5e-06
1071;1666596837.7617507;5e-06
1072;1666596837.7665224;4.000000000000001e-06
1073;1666596837.7711437;5e-06
1074;1666596837.7758837;5e-06
1075;1666596837.7812142;5e-06
1076;1666596837.786755;5e-06
1077;1666596837.7915854;5e-06
1078;1666596837.796933;4.000000000000001e-06
1079;1666596837.801899;5e-06
1080;1666596837.8064578;5e-06
1081;1666596837.811636;5e-06
1082;1666596837.8165286;4.000000000000001e-06
1083;1666596837.8214018;5e-06
1084;1666596837.826395;5e-06
1085;1666596837.8312814;5e-06
1086;1666596837.8358293;5e-06
1087;1666596837.8404002;4.000000000000001e-06
1088;1666596837.8453135;5e-06
1089;1666596837.8503969;5e-06
1090;1666596837.855335;5e-06
1091;1666596837.8604107;4.000000000000001e-06
1092;1666596837.8654366;5e-06
1093;1666596837.8702695;5e-06
1094;1666596837.8748326;5e-06
1095;1666596839.1105843;1.05918
1096;1666596839.116035;4.000000000000001e-06
1097;1666596839.1211848;5e-06
1098;1666596839.126029;5e-06
1099;1666596839.1308053;5e-06
1100;1666596839.1355178;4.000000000000001e-06
1101;1666596839.1405613;5e-06
1102;1666596839.1451473;5e-06
1103;1666596839.1497054;5e-06
1104;1666596839.1545792;5e-06
1105;1666596839.1592846;4.000000000000001e-06
1106;1666596839.1641665;5e-06
1107;1666596839.168954;5e-06
1108;1666596839.173785;5e-06
1109;1666596839.1787927;4.000000000000001e-06
1110;1666596839.1849003;5e-06
1111;1666596839.189906;5e-06
1112;1666596839.1948433;5e-06
1113;1666596839.1999402;4.000000000000001e-06
1114;1666596839.2045856;5e-06
1115;1666596839.2093298;5e-06
1116;1666596839.2139053;5e-06
1117;1666596839.2187486;4.000000000000001e-06
1118;1666596839.223396;5e-06
1119;1666596839.228275;5e-06
1120;1666596839.233277;5e-06
1121;1666596839.238423;4.000000000000001e-06
1122;1666596839.243144;5e-06
1123;1666596839.2480326;5e-06
1124;1666596839.2524617;5e-06
1125;1666596839.2571437;5e-06
1126;1666596839.2617111;5e-06
1127;1666596839.266455;5e-06
1128;1666596839.271306;4.000000000000001e-06
1129;1666596839.2760227;5e-06
1130;1666596839.281221;5e-06
1131;1666596839.2868185;5e-06
1132;1666596839.291809;5e-06
1133;1666596839.2967505;4.000000000000001e-06
1134;1666596839.3013976;5e-06
1135;1666596839.3059561;5e-06
1136;1666596839.3106441;5e-06
1137;1666596839.3156567;4.000000000000001e-06
1138;1666596839.3204088;5e-06
1139;1666596839.3252656;5e-06
1140;1666596839.3299034;5e-06
1141;1666596839.3344548;4.000000000000001e-06
1142;1666596839.3392828;5e-06
1143;1666596839.3441267;5e-06
1144;1666596839.349306;5e-06
1145;1666596839.354366;5e-06
1146;1666596839.3592067;4.000000000000001e-06
1147;1666596839.364071;5e-06
1148;1666596839.3690598;5e-06
1149;1666596839.373455;5e-06
1150;1666596840.7881393;1.2139630000000001
1151;1666596840.7939298;5e-06
1152;1666596840.7993977;4.000000000000001e-06
1153;1666596840.8042743;5e-06
1154;1666596840.8090215;5e-06
1155;1666596840.813901;5e-06
1156;1666596840.8185813;5e-06
1157;1666596840.8232512;4.000000000000001e-06
1158;1666596841.0321343;0.176349
1159;1666596841.0380235;4.000000000000001e-06
1160;1666596841.0430603;5e-06
1161;1666596841.0477862;5e-06
1162;1666596841.0522118;5e-06
1163;1666596841.0568943;4.000000000000001e-06
1164;1666596841.0614552;5e-06
1165;1666596841.2460346;0.15432400000000002
1166;1666596841.2514331;4.000000000000001e-06
1167;1666596841.3073416;0.044090000000000004
1168;1666596841.3131382;4.000000000000001e-06
1169;1666596841.3184285;5e-06
1170;1666596841.3233945;5e-06
1171;1666596841.328748;5e-06
1172;1666596841.3336446;4.000000000000001e-06
1173;1666596841.3385253;5e-06
1174;1666596841.343521;5e-06
1175;1666596841.5527525;0.176369
1176;1666596841.5838041;0.022051
1177;1666596841.589933;5e-06
1178;1666596841.595399;5e-06
1179;1666596841.6003335;4.000000000000001e-06
1180;1666596841.6054041;5e-06
1181;1666596841.6101544;5e-06
1182;1666596841.6147707;5e-06
1183;1666596841.6200235;4.000000000000001e-06
1184;1666596841.6244574;5e-06
1185;1666596841.62921;5e-06
1186;1666596841.634275;5e-06
1187;1666596841.6389947;4.000000000000001e-06
1188;1666596841.9514127;0.264541
1189;1666596841.956894;5e-06
1190;1666596841.96193;5e-06
1191;1666596841.9674282;5e-06
1192;1666596841.9725635;4.000000000000001e-06
1193;1666596841.9770193;5e-06
1194;1666596842.1357844;0.132284
1195;1666596842.1414325;5e-06
1196;1666596842.146787;5e-06
1197;1666596842.2291887;0.066127
1198;1666596842.234331;5e-06
1199;1666596842.2395322;5e-06
1200;1666596842.2450542;4.000000000000001e-06
1201;1666596842.250279;5e-06
1202;1666596842.2552764;5e-06
1203;1666596842.2601461;5e-06
1204;1666596842.2647061;4.000000000000001e-06
1205;1666596842.2696304;5e-06
1206;1666596842.274339;5e-06
1207;1666596842.2791827;5e-06
1208;1666596842.5668898;0.24249800000000002
1209;1666596842.5725625;5e-06
1210;1666596842.5775201;5e-06
1211;1666596842.582583;4.000000000000001e-06
1212;1666596842.5880384;5e-06
1213;1666596842.5929062;5e-06
1214;1666596842.5976503;5e-06
1215;1666596842.6022768;5e-06
1216;1666596842.6069045;4.000000000000001e-06
1217;1666596842.6117506;5e-06
1218;1666596842.6169405;5e-06
1219;1666596842.6218328;5e-06
1220;1666596842.6266444;4.000000000000001e-06
1221;1666596842.6312075;5e-06
1222;1666596842.6359599;5e-06
1223;1666596842.6408057;5e-06
1224;1666596842.6457767;5e-06
1225;1666596842.650494;4.000000000000001e-06
1226;1666596842.6552057;5e-06
1227;1666596842.6597736;5e-06
1228;1666596842.6643348;5e-06
1229;1666596842.6690202;5e-06
1230;1666596842.6735811;4.000000000000001e-06
1231;1666596842.6782746;5e-06
1232;1666596842.6832814;5e-06
1233;1666596842.6880693;5e-06
1234;1666596842.6928992;4.000000000000001e-06
1235;1666596843.3832724;0.5954170000000001
1236;1666596843.3886957;4.000000000000001e-06
1237;1666596843.3941827;5e-06
1238;1666596843.3995001;5e-06
1239;1666596843.404146;5e-06
1240;1666596843.40871;5e-06
1241;1666596843.413456;4.000000000000001e-06
1242;1666596843.4181454;5e-06
1243;1666596843.422899;5e-06
1244;1666596843.4275806;5e-06
1245;1666596843.4324095;4.000000000000001e-06
1246;1666596843.4369562;5e-06
1247;1666596843.441785;5e-06
1248;1666596843.446643;5e-06
1249;1666596843.4515312;5e-06
1250;1666596843.456406;5e-06
1251;1666596843.4609585;4.000000000000001e-06
1252;1666596843.465649;5e-06
1253;1666596843.4705198;5e-06
1254;1666596843.4753752;5e-06
1255;1666596843.4804113;4.000000000000001e-06
1256;1666596843.4852812;5e-06
1257;1666596843.490211;6e-06
1258;1666596843.4951444;5e-06
1259;1666596843.4997094;4.000000000000001e-06
1260;1666596843.5044608;5e-06
1261;1666596843.509497;5e-06
1262;1666596843.5146224;5e-06
1263;1666596844.2340896;0.6174820000000001
1264;1666596844.2653239;0.022065
1265;1666596844.270875;5e-06
1266;1666596844.3274968;0.044077000000000005
1267;1666596844.3331454;5e-06
1268;1666596844.390022;0.044107
1269;1666596844.395582;5e-06
1270;1666596844.4012709;5e-06
1271;1666596844.4060285;5e-06
1272;1666596844.4115589;4.000000000000001e-06
1273;1666596844.4164562;5e-06
1274;1666596844.4212058;5e-06
1275;1666596844.4255826;5e-06
1276;1666596844.4299564;4.000000000000001e-06
1277;1666596844.4346488;5e-06
1278;1666596844.439522;5e-06
1279;1666596844.4442108;5e-06
1280;1666596844.448771;4.000000000000001e-06
1281;1666596844.4537864;5e-06
1282;1666596844.458659;5e-06
1283;1666596844.4633927;5e-06
1284;1666596844.4684103;4.000000000000001e-06
1285;1666596844.4732785;5e-06
1286;1666596844.4783096;5e-06
1287;1666596844.483498;5e-06
1288;1666596844.4884183;4.000000000000001e-06
1289;1666596844.493275;5e-06
1290;1666596844.4981563;5e-06
1291;1666596844.5029585;5e-06
1292;1666596844.5079947;4.000000000000001e-06
1293;1666596844.5128334;5e-06
1294;1666596844.5176897;5e-06
1295;1666596844.5228753;5e-06
1296;1666596845.2437084;0.6176630000000001
1297;1666596845.2489355;4.000000000000001e-06
1298;1666596845.2542517;5e-06
1299;1666596845.2595322;5e-06
1300;1666596845.2640228;5e-06
1301;1666596845.2685206;5e-06
1302;1666596845.2733366;4.000000000000001e-06
1303;1666596845.2786186;5e-06
1304;1666596845.2836566;5e-06
1305;1666596845.5180187;0.198417
1306;1666596845.5228965;5e-06
1307;1666596845.528463;4.000000000000001e-06
1308;1666596845.5338337;5e-06
1309;1666596845.5388951;5e-06
1310;1666596845.671302;0.110211
1311;1666596845.6766784;5e-06
1312;1666596845.6811516;4.000000000000001e-06
1313;1666596845.6856494;5e-06
1314;1666596845.6908054;5e-06
1315;1666596845.6958795;5e-06
1316;1666596845.700524;4.000000000000001e-06
1317;1666596845.7054954;5e-06
1318;1666596845.7108686;5e-06
1319;1666596845.7156465;5e-06
1320;1666596845.7204633;4.000000000000001e-06
1321;1666596845.7254953;5e-06
1322;1666596845.7303958;5e-06
1323;1666596845.735181;5e-06
1324;1666596845.7401507;5e-06
1325;1666596845.744771;5e-06
1326;1666596845.7496824;5e-06
1327;1666596845.7566504;4.000000000000001e-06
1328;1666596845.762;5e-06
1329;1666596845.766958;5e-06
1330;1666596845.771332;4.000000000000001e-06
1331;1666596845.7755198;5e-06
1332;1666596845.780753;5e-06
1333;1666596846.3713224;0.507271
1334;1666596846.3768716;5e-06
1335;1666596846.3825018;5e-06
1336;1666596846.4646728;0.066142
1337;1666596846.495965;0.022045000000000002
1338;1666596846.501551;5e-06
1339;1666596846.5067768;5e-06
1340;1666596846.5113316;4.000000000000001e-06
1341;1666596846.5162766;5e-06
1342;1666596846.5210786;5e-06
1343;1666596846.5258048;5e-06
1344;1666596846.5308065;5e-06
1345;1666596846.5356624;4.000000000000001e-06
1346;1666596846.5403957;5e-06
1347;1666596846.545408;5e-06
1348;1666596846.549958;5e-06
1349;1666596846.554769;5e-06
1350;1666596846.5592701;4.000000000000001e-06
1351;1666596846.5639582;5e-06
1352;1666596846.5688043;5e-06
1353;1666596846.573779;5e-06
1354;1666596846.5786242;5e-06
1355;1666596846.5836415;4.000000000000001e-06
1356;1666596846.5885286;5e-06
1357;1666596846.5934656;5e-06
1358;1666596846.5990305;5e-06
1359;1666596846.6037743;5e-06
1360;1666596846.6083357;4.000000000000001e-06
1361;1666596846.612706;5e-06
1362;1666596846.617531;5e-06
1363;1666596846.6222117;5e-06
1364;1666596846.6267595;4.000000000000001e-06
1365;1666596846.631444;5e-06
1366;1666596846.6359937;5e-06
1367;1666596846.6409936;5e-06
1368;1666596846.646125;5e-06
1369;1666596846.6510422;4.000000000000001e-06
1370;1666596846.656154;5e-06
1371;1666596846.6610005;5e-06
1372;1666596846.6660304;5e-06
1373;1666596846.6706471;5e-06
1374;1666596846.6752143;4.000000000000001e-06
1375;1666596846.6803997;5e-06
1376;1666596846.6855285;5e-06
1377;1666596846.6908832;5e-06
1378;1666596846.6959314;4.000000000000001e-06
1379;1666596846.7006884;5e-06
1380;1666596846.7055871;5e-06
1381;1666596846.7106237;5e-06
1382;1666596846.7154942;5e-06
1383;1666596846.7205172;5e-06
1384;1666596846.7255166;4.000000000000001e-06
1385;1666596846.7305517;5e-06
1386;1666596846.7352738;5e-06
1387;1666596846.740273;5e-06
1388;1666596846.7452478;4.000000000000001e-06
1389;1666596846.7502818;5e-06
1390;1666596846.7549562;5e-06
1391;1666596846.759649;5e-06
1392;1666596846.764149;5e-06
1393;1666596846.7685204;4.000000000000001e-06
1394;1666596846.7738311;5e-06
1395;1666596846.7785544;5e-06
1396;1666596846.783271;5e-06
1397;1666596846.788017;4.000000000000001e-06
1398;1666596846.793275;5e-06
1399;1666596846.7980254;5e-06
1400;1666596846.802934;5e-06
1401;1666596846.8081253;5e-06
1402;1666596846.8127713;4.000000000000001e-06
1403;1666596846.8174176;5e-06
1404;1666596846.8220372;5e-06
1405;1666596846.8269398;5e-06
1406;1666596846.8320389;5e-06
1407;1666596846.8366466;5e-06
1408;1666596846.8419077;4.000000000000001e-06
1409;1666596846.8466837;5e-06
1410;1666596846.8516502;5e-06
1411;1666596846.8566504;5e-06
1412;1666596846.8615224;4.000000000000001e-06
1413;1666596846.866654;5e-06
1414;1666596846.8716526;5e-06
1415;1666596846.876651;5e-06
1416;1666596846.8815262;5e-06
1417;1666596846.8862095;4.000000000000001e-06
1418;1666596846.8913994;5e-06
1419;1666596846.896654;5e-06
1420;1666596846.9015214;5e-06
1421;1666596846.906689;4.000000000000001e-06
1422;1666596846.911834;5e-06
1423;1666596846.9168322;5e-06
1424;1666596846.9221182;5e-06
1425;1666596846.9274;5e-06
1426;1666596846.9324086;4.000000000000001e-06
1427;1666596846.937087;5e-06
1428;1666596846.9420862;5e-06
1429;1666596846.9473977;5e-06
1430;1666596846.9524128;4.000000000000001e-06
1431;1666596846.9577441;5e-06
1432;1666596846.9625833;5e-06
1433;1666596846.967022;5e-06
1434;1666596846.9718282;5e-06
1435;1666596846.9768057;5e-06
1436;1666596846.9816608;4.000000000000001e-06
1437;1666596847.0123081;0.022146000000000002
1438;1666596847.0425696;0.022152
1439;1666596847.0725844;0.022155
1440;1666596847.1032739;0.022146000000000002
1441;1666596847.1334395;0.022165
1442;1666596847.1640363;0.022177000000000002
1443;1666596847.1949534;0.022145
1444;1666596847.2259138;0.022151
1445;1666596847.2567513;0.022163000000000002
1446;1666596847.2873085;0.022153000000000003
1447;1666596847.3173966;0.022159
1448;1666596847.3475308;0.022150000000000003
1449;1666596847.3781803;0.022146000000000002
1450;1666596847.409294;0.022163000000000002
1451;1666596847.4398806;0.022158
1452;1666596847.4713986;0.022149000000000002
1453;1666596847.5023212;0.022162
1454;1666596847.5336232;0.022153000000000003
1455;1666596850.1000357;2.209394
1456;1666596850.1051836;5e-06
1457;1666596850.1607895;0.044102
1458;1666596850.1657805;5e-06
1459;1666596850.1710863;4.000000000000001e-06
1460;1666596850.1760385;5e-06
1461;1666596850.1809983;5e-06
1462;1666596850.1860054;5e-06
1463;1666596850.1912756;5e-06
1464;1666596850.1965287;4.000000000000001e-06
1465;1666596850.201404;5e-06
1466;1666596850.206446;5e-06
1467;1666596850.2114124;5e-06
1468;1666596850.2162144;4.000000000000001e-06
1469;1666596850.2211804;5e-06
1470;1666596850.2258332;5e-06
1471;1666596850.2301488;5e-06
1472;1666596850.2352707;5e-06
1473;1666596850.240379;4.000000000000001e-06
1474;1666596850.2456462;5e-06
1475;1666596850.2506626;5e-06
1476;1666596850.2556515;5e-06
1477;1666596850.260467;4.000000000000001e-06
1478;1666596850.2654665;5e-06
1479;1666596850.2705226;5e-06
1480;1666596850.2752755;5e-06
1481;1666596850.28007;5e-06
1482;1666596850.2851279;4.000000000000001e-06
1483;1666596850.290024;5e-06
1484;1666596850.2953787;5e-06
1485;1666596850.3000388;5e-06
1486;1666596850.3050287;5e-06
1487;1666596850.310099;4.000000000000001e-06
1488;1666596850.3153977;5e-06
1489;1666596850.3203804;5e-06
1490;1666596850.3256478;5e-06
1491;1666596850.3306293;5e-06
1492;1666596850.335781;4.000000000000001e-06
1493;1666596850.3405645;5e-06
1494;1666596851.293559;0.81644
1495;1666596851.2990654;5e-06
1496;1666596851.3040736;5e-06
1497;1666596851.3094416;5e-06
1498;1666596851.3146517;5e-06
1499;1666596851.3196528;4.000000000000001e-06
1500;1666596851.3246613;5e-06
1501;1666596851.3296282;5e-06
1502;1666596851.3346927;5e-06
1503;1666596851.3397722;4.000000000000001e-06
1504;1666596851.3448782;5e-06
1505;1666596851.349931;5e-06
1506;1666596851.3548977;5e-06
1507;1666596851.3597124;4.000000000000001e-06
1508;1666596851.364696;5e-06
1509;1666596851.369713;5e-06
1510;1666596851.3746507;5e-06
1511;1666596851.8155508;0.37489100000000003
1512;1666596851.8207757;5e-06
1513;1666596851.8257742;5e-06
1514;1666596851.8305314;5e-06
1515;1666596851.8351564;4.000000000000001e-06
1516;1666596851.8400261;5e-06
1517;1666596851.844908;5e-06
1518;1666596851.8496578;5e-06
1519;1666596851.8549414;5e-06
1520;1666596851.860408;4.000000000000001e-06
1521;1666596851.8656218;5e-06
1522;1666596851.8704627;5e-06
1523;1666596851.8752747;4.000000000000001e-06
1524;1666596851.8803785;5e-06
1525;1666596851.885279;5e-06
1526;1666596851.8902822;5e-06
1527;1666596851.895034;5e-06
1528;1666596851.9001644;4.000000000000001e-06
1529;1666596851.9051492;5e-06
1530;1666596851.9100885;5e-06
1531;1666596851.9153159;5e-06
1532;1666596851.9198358;4.000000000000001e-06
1533;1666596851.924712;5e-06
1534;1666596851.9319167;5e-06
1535;1666596851.9375007;5e-06
1536;1666596851.942906;4.000000000000001e-06
1537;1666596851.947838;5e-06
1538;1666596851.9528105;5e-06
1539;1666596851.9580355;4.000000000000001e-06
1540;1666596851.9631271;5e-06
1541;1666596851.9679506;5e-06
1542;1666596852.763444;0.683836
1543;1666596852.7689612;5e-06
1544;1666596852.7741497;5e-06
1545;1666596852.856343;0.066139
1546;1666596852.861635;4.000000000000001e-06
1547;1666596852.8673956;5e-06
1548;1666596852.8725643;5e-06
1549;1666596852.8776264;5e-06
1550;1666596852.882645;5e-06
1551;1666596852.8873987;5e-06
1552;1666596852.8922112;4.000000000000001e-06
1553;1666596852.8966484;5e-06
1554;1666596852.9014988;5e-06
1555;1666596852.9064667;5e-06
1556;1666596852.9117768;4.000000000000001e-06
1557;1666596852.9171255;5e-06
1558;1666596852.922279;5e-06
1559;1666596852.9272902;5e-06
1560;1666596853.31832;0.33075000000000004
1561;1666596853.323777;4.000000000000001e-06
1562;1666596853.328901;5e-06
1563;1666596853.333709;5e-06
1564;1666596853.3392775;5e-06
1565;1666596853.3440018;5e-06
1566;1666596853.3491244;5e-06
1567;1666596853.3544025;4.000000000000001e-06
1568;1666596853.3591485;5e-06
1569;1666596853.3637092;5e-06
1570;1666596853.3684626;5e-06
1571;1666596853.373621;4.000000000000001e-06
1572;1666596853.3785858;5e-06
1573;1666596853.3840985;5e-06
1574;1666596853.3894362;5e-06
1575;1666596853.394399;5e-06
1576;1666596853.3992817;5e-06
1577;1666596853.4038346;4.000000000000001e-06
1578;1666596853.4089322;5e-06
1579;1666596853.4143343;5e-06
1580;1666596853.4190888;5e-06
1581;1666596853.4237149;5e-06
1582;1666596853.4289033;4.000000000000001e-06
1583;1666596854.022166;0.507283
1584;1666596854.0276206;5e-06
1585;1666596854.084241;0.044085000000000006
1586;1666596854.1155596;0.022051
1587;1666596854.1212738;5e-06
1588;1666596854.126665;4.000000000000001e-06
1589;1666596854.1321592;5e-06
1590;1666596854.2396796;0.088175
1591;1666596854.2456567;5e-06
1592;1666596854.2511487;5e-06
1593;1666596854.2560709;4.000000000000001e-06
1594;1666596854.261423;5e-06
1595;1666596854.2662785;5e-06
1596;1666596854.2708352;5e-06
1597;1666596854.2756493;5e-06
1598;1666596854.280412;4.000000000000001e-06
1599;1666596854.2851639;5e-06
1600;1666596854.2897727;5e-06
1601;1666596854.294782;5e-06
1602;1666596854.2998881;4.000000000000001e-06
1603;1666596854.3047144;5e-06
1604;1666596854.6709347;0.308707
1605;1666596854.676306;5e-06
1606;1666596854.73346;0.044092000000000006
1607;1666596854.7389061;4.000000000000001e-06
1608;1666596854.744669;5e-06
1609;1666596854.7497506;5e-06
1610;1666596854.7547777;5e-06
1611;1666596854.759527;5e-06
1612;1666596854.7643209;4.000000000000001e-06
1613;1666596854.7691212;5e-06
1614;1666596854.7740235;5e-06
1615;1666596854.778712;5e-06
1616;1666596854.784042;4.000000000000001e-06
1617;1666596854.7892833;5e-06
1618;1666596854.7945328;5e-06
1619;1666596854.799273;5e-06
1620;1666596854.8041663;5e-06
1621;1666596854.808775;5e-06
1622;1666596854.813624;4.000000000000001e-06
1623;1666596854.8184147;5e-06
1624;1666596855.2820039;0.396944
1625;1666596855.2872095;5e-06
1626;1666596855.2921498;4.000000000000001e-06
1627;1666596855.2970278;5e-06
1628;1666596855.3021839;5e-06
1629;1666596855.3072793;5e-06
1630;1666596855.3119626;5e-06
1631;1666596855.3166897;5e-06
1632;1666596855.3212733;4.000000000000001e-06
1633;1666596855.3261216;5e-06
1634;1666596855.3309531;5e-06
1635;1666596855.3353457;5e-06
1636;1666596855.6466665;0.264597
1637;1666596855.6520696;4.000000000000001e-06
1638;1666596855.657438;5e-06
1639;1666596855.6627762;5e-06
1640;1666596855.668133;5e-06
1641;1666596855.6734388;4.000000000000001e-06
1642;1666596855.6783326;5e-06
1643;1666596855.6833732;5e-06
1644;1666596855.6883872;5e-06
1645;1666596855.9221547;0.19839600000000002
1646;1666596855.927405;4.000000000000001e-06
1647;1666596855.9326868;5e-06
1648;1666596855.9381325;5e-06
1649;1666596855.9434018;5e-06
1650;1666596855.9480362;4.000000000000001e-06
1651;1666596855.9529142;5e-06
1652;1666596855.957803;5e-06
1653;1666596855.9624598;5e-06
1654;1666596855.9671524;5e-06
1655;1666596855.9717093;4.000000000000001e-06
1656;1666596855.976565;5e-06
1657;1666596855.9812822;5e-06
1658;1666596855.9861581;5e-06
1659;1666596855.9907095;5e-06
1660;1666596855.9955242;4.000000000000001e-06
1661;1666596856.0000253;5e-06
1662;1666596856.0049064;5e-06
1663;1666596856.0101378;5e-06
1664;1666596856.0151298;4.000000000000001e-06
1665;1666596856.0200355;5e-06
1666;1666596856.0249104;5e-06
1667;1666596856.0295844;5e-06
1668;1666596856.0342896;5e-06
1669;1666596856.039283;4.000000000000001e-06
1670;1666596856.0443068;5e-06
1671;1666596856.049277;5e-06
1672;1666596856.0539627;5e-06
1673;1666596856.0593715;5e-06
1674;1666596856.064624;4.000000000000001e-06
1675;1666596856.0697737;5e-06
1676;1666596856.0743356;5e-06
1677;1666596856.0792859;5e-06
1678;1666596856.084155;5e-06
1679;1666596856.0888984;4.000000000000001e-06
1680;1666596856.0934627;5e-06
1681;1666596856.098627;5e-06
1682;1666596856.1033413;5e-06
1683;1666596856.108038;5e-06
1684;1666596856.113289;5e-06
1685;1666596856.118216;4.000000000000001e-06
1686;1666596856.1229596;5e-06
1687;1666596856.1278183;5e-06
1688;1666596856.1323352;5e-06
1689;1666596856.1368988;4.000000000000001e-06
1690;1666596856.141462;5e-06
1691;1666596856.14615;5e-06
1692;1666596856.1507099;5e-06
1693;1666596856.1550875;5e-06
1694;1666596856.1596491;4.000000000000001e-06
1695;1666596856.1648228;5e-06
1696;1666596856.1699963;5e-06
1697;1666596856.1751597;5e-06
1698;1666596856.1803112;4.000000000000001e-06
1699;1666596856.1852784;5e-06
1700;1666596856.1899607;5e-06
1701;1666596856.1947827;5e-06
1702;1666596856.1993413;5e-06
1703;1666596856.2040253;4.000000000000001e-06
1704;1666596857.713841;1.302319
1705;1666596857.71916;5e-06
1706;1666596857.7243822;5e-06
1707;1666596857.7294638;5e-06
1708;1666596857.7345197;4.000000000000001e-06
1709;1666596857.7393746;5e-06
1710;1666596857.7443793;5e-06
1711;1666596857.7492132;5e-06
1712;1666596857.75415;5e-06
1713;1666596857.7619061;4.000000000000001e-06
1714;1666596857.7665946;5e-06
1715;1666596857.7711525;5e-06
1716;1666596857.7756493;5e-06
1717;1666596857.7805934;5e-06
1718;1666596857.785914;4.000000000000001e-06
1719;1666596858.1735337;0.330778
1720;1666596858.1790621;5e-06
1721;1666596858.1845567;5e-06
1722;1666596858.1897736;4.000000000000001e-06
1723;1666596858.1948078;5e-06
1724;1666596858.1998801;5e-06
1725;1666596858.2047505;5e-06
1726;1666596858.209578;4.000000000000001e-06
1727;1666596858.2147145;5e-06
1728;1666596858.2197528;5e-06
1729;1666596858.2246945;5e-06
1730;1666596858.2296622;4.000000000000001e-06
1731;1666596858.2345293;5e-06
1732;1666596858.239399;5e-06
1733;1666596858.244286;5e-06
1734;1666596858.2491665;5e-06
1735;1666596858.663503;0.352789
1736;1666596858.669182;5e-06
1737;1666596858.6742744;5e-06
1738;1666596858.6796403;5e-06
1739;1666596858.68491;5e-06
1740;1666596858.6899624;4.000000000000001e-06
1741;1666596858.694682;5e-06
1742;1666596858.8776808;0.154307
1743;1666596858.9095182;0.022048
1744;1666596858.9409;0.022032000000000003
1745;1666596858.9464176;5e-06
1746;1666596858.9516504;5e-06
1747;1666596858.956939;4.000000000000001e-06
1748;1666596858.961529;5e-06
1749;1666596858.9661849;5e-06
1750;1666596858.9709325;5e-06
1751;1666596858.9758828;5e-06
1752;1666596858.9814517;4.000000000000001e-06
1753;1666596858.986315;5e-06
1754;1666596858.9909024;5e-06
1755;1666596858.995585;5e-06
1756;1666596859.001008;5e-06
1757;1666596859.006038;4.000000000000001e-06
1758;1666596859.011276;5e-06
1759;1666596859.0165384;5e-06
1760;1666596859.021632;5e-06
1761;1666596859.026292;5e-06
1762;1666596859.0312774;4.000000000000001e-06
1763;1666596859.0360386;5e-06
1764;1666596859.0406487;5e-06
1765;1666596859.045932;5e-06
1766;1666596859.0509953;5e-06
1767;1666596859.0557098;4.000000000000001e-06
1768;1666596859.0609157;5e-06
1769;1666596859.066276;5e-06
1770;1666596859.071778;5e-06
1771;1666596859.0768807;4.000000000000001e-06
1772;1666596859.0819178;5e-06
1773;1666596859.0864625;5e-06
1774;1666596859.0926569;5e-06
1775;1666596859.0976512;5e-06
1776;1666596859.1025274;5e-06
1777;1666596859.1074064;4.000000000000001e-06
1778;1666596859.1124134;5e-06
1779;1666596859.1175342;5e-06
1780;1666596859.122376;5e-06
1781;1666596859.127282;4.000000000000001e-06
1782;1666596859.1320002;5e-06
1783;1666596859.1366904;5e-06
1784;1666596859.1415286;5e-06
1785;1666596859.1460876;5e-06
1786;1666596859.1507735;4.000000000000001e-06
1787;1666596859.1555908;5e-06
1788;1666596859.1599631;5e-06
1789;1666596859.1648102;5e-06
1790;1666596859.1697905;5e-06
1791;1666596859.174787;5e-06
1792;1666596859.1796277;4.000000000000001e-06
1793;1666596859.1843371;5e-06
1794;1666596859.1889026;5e-06
1795;1666596859.19346;5e-06
1796;1666596859.1979911;4.000000000000001e-06
1797;1666596859.2028375;5e-06
1798;1666596859.2077851;5e-06
1799;1666596859.2129047;5e-06
1800;1666596859.2178438;5e-06
1801;1666596859.2227132;4.000000000000001e-06
1802;1666596859.2274623;5e-06
1803;1666596859.232501;5e-06
1804;1666596859.2372146;5e-06
1805;1666596859.2422097;5e-06
1806;1666596859.2465847;5e-06
1807;1666596859.2516286;5e-06
1808;1666596859.2564638;4.000000000000001e-06
1809;1666596859.2612753;5e-06
1810;1666596859.2659605;5e-06
1811;1666596859.2706888;5e-06
1812;1666596859.275218;4.000000000000001e-06
1813;1666596859.279881;5e-06
1814;1666596859.2847102;5e-06
1815;1666596859.2894032;5e-06
1816;1666596859.2939603;5e-06
1817;1666596861.169311;1.612081
1818;1666596861.1743374;5e-06
1819;1666596861.1788993;5e-06
1820;1666596861.259707;0.06610500000000001
1821;1666596861.264833;5e-06
1822;1666596861.2697103;5e-06
1823;1666596861.2745252;4.000000000000001e-06
1824;1666596861.2796664;5e-06
1825;1666596861.2847533;5e-06
1826;1666596861.2899086;5e-06
1827;1666596861.2948384;5e-06
1828;1666596861.5034523;0.176356
1829;1666596861.5090785;4.000000000000001e-06
1830;1666596861.5147865;5e-06
1831;1666596861.5200531;5e-06
1832;1666596861.525406;5e-06
1833;1666596861.5307925;5e-06
1834;1666596861.5360434;5e-06
1835;1666596861.5413327;4.000000000000001e-06
1836;1666596861.5460298;5e-06
1837;1666596861.551213;5e-06
1838;1666596861.556702;5e-06
1839;1666596861.5620377;5e-06
1840;1666596861.5671597;4.000000000000001e-06
1841;1666596861.572029;5e-06
1842;1666596861.576781;5e-06
1843;1666596861.5817797;5e-06
1844;1666596861.5867932;5e-06
1845;1666596861.592007;5e-06
1846;1666596862.0575805;0.39687700000000004
1847;1666596862.0887873;0.022041
1848;1666596862.12022;0.022048
1849;1666596862.1260324;5e-06
1850;1666596862.13116;5e-06
1851;1666596862.136111;5e-06
1852;1666596862.1408331;4.000000000000001e-06
1853;1666596862.2719495;0.110208
1854;1666596862.3021467;0.022046000000000003
1855;1666596862.3072617;5e-06
1856;1666596862.313004;4.000000000000001e-06
1857;1666596862.3180315;5e-06
1858;1666596862.3228264;5e-06
1859;1666596862.327407;5e-06
1860;1666596862.332145;5e-06
1861;1666596862.3370063;5e-06
1862;1666596862.3418467;4.000000000000001e-06
1863;1666596862.3465948;5e-06
1864;1666596862.3511658;5e-06
1865;1666596862.3560412;5e-06
1866;1666596862.3607624;4.000000000000001e-06
1867;1666596862.3657842;5e-06
1868;1666596862.3706589;5e-06
1869;1666596862.3756402;5e-06
1870;1666596862.3803895;5e-06
1871;1666596862.8125172;0.374859
1872;1666596862.8176606;4.000000000000001e-06
1873;1666596862.8229067;5e-06
1874;1666596862.8281684;5e-06
1875;1666596862.833211;5e-06
1876;1666596862.838288;5e-06
1877;1666596862.8431573;5e-06
1878;1666596862.8490186;4.000000000000001e-06
1879;1666596862.8542159;5e-06
1880;1666596862.8590963;5e-06
1881;1666596862.8636918;5e-06
1882;1666596863.1445334;0.24250500000000003
1883;1666596863.149579;5e-06
1884;1666596863.1545856;5e-06
1885;1666596863.1595716;5e-06
1886;1666596863.1645079;5e-06
1887;1666596863.2969706;0.11021500000000001
1888;1666596863.302442;5e-06
1889;1666596863.3078837;5e-06
1890;1666596863.3132951;5e-06
1891;1666596863.3186579;4.000000000000001e-06
1892;1666596863.3241026;5e-06
1893;1666596863.3301654;5e-06
1894;1666596863.3362944;5e-06
1895;1666596863.3414488;4.000000000000001e-06
1896;1666596863.3467422;5e-06
1897;1666596863.3520732;5e-06
1898;1666596863.3573198;5e-06
1899;1666596863.3621538;4.000000000000001e-06
1900;1666596863.3675718;5e-06
1901;1666596863.373157;5e-06
1902;1666596863.3785727;5e-06
1903;1666596863.3836274;4.000000000000001e-06
1904;1666596863.3888545;5e-06
1905;1666596863.3942885;5e-06
1906;1666596863.4000432;5e-06
1907;1666596863.405101;4.000000000000001e-06
1908;1666596863.41033;5e-06
1909;1666596863.4150293;5e-06
1910;1666596863.4202871;5e-06
1911;1666596863.4258807;4.000000000000001e-06
1912;1666596863.4316492;5e-06
1913;1666596863.4370668;5e-06
1914;1666596863.4425306;5e-06
1915;1666596863.447678;4.000000000000001e-06
1916;1666596863.452822;5e-06
1917;1666596863.4579103;5e-06
1918;1666596863.4632819;5e-06
1919;1666596864.290795;0.7058420000000001
1920;1666596864.2963152;5e-06
1921;1666596864.3011618;5e-06
1922;1666596864.306314;5e-06
1923;1666596864.3111875;5e-06
1924;1666596864.3155897;4.000000000000001e-06
1925;1666596864.4743168;0.13228
1926;1666596864.4796658;5e-06
1927;1666596864.4852839;5e-06
1928;1666596864.4902003;5e-06
1929;1666596864.494776;4.000000000000001e-06
1930;1666596864.627813;0.110236
1931;1666596864.633443;5e-06
1932;1666596864.6390717;5e-06
1933;1666596864.6440399;4.000000000000001e-06
1934;1666596864.6489086;5e-06
1935;1666596864.6536524;5e-06
1936;1666596864.6582778;5e-06
1937;1666596864.662712;5e-06
1938;1666596864.66756;4.000000000000001e-06
1939;1666596864.672383;5e-06
1940;1666596864.6775594;5e-06
1941;1666596864.682468;5e-06
1942;1666596864.6871393;5e-06
1943;1666596864.6920369;4.000000000000001e-06
1944;1666596864.6967487;5e-06
1945;1666596864.7015;5e-06
1946;1666596864.706499;5e-06
1947;1666596864.7117813;5e-06
1948;1666596864.716567;4.000000000000001e-06
1949;1666596864.7212794;5e-06
1950;1666596864.726316;5e-06
1951;1666596864.731381;5e-06
1952;1666596864.7366874;5e-06
1953;1666596864.7417772;5e-06
1954;1666596865.3619087;0.5293410000000001
1955;1666596865.393306;0.022043
1956;1666596865.3988187;5e-06
1957;1666596865.455707;0.044096
1958;1666596865.4609623;4.000000000000001e-06
1959;1666596865.4661512;5e-06
1960;1666596865.4712121;5e-06
1961;1666596865.4761603;5e-06
1962;1666596865.4808962;5e-06
1963;1666596865.6392922;0.132225
1964;1666596865.6445918;5e-06
1965;1666596865.6501245;5e-06
1966;1666596865.730791;0.06613200000000001
1967;1666596865.7364147;4.000000000000001e-06
1968;1666596865.7418451;5e-06
1969;1666596865.7476625;5e-06
1970;1666596865.75304;5e-06
1971;1666596865.7606583;4.000000000000001e-06
1972;1666596865.9180717;0.132307
1973;1666596865.923682;5e-06
1974;1666596865.9291263;4.000000000000001e-06
1975;1666596865.9342797;5e-06
1976;1666596865.939097;5e-06
1977;1666596865.944288;5e-06
1978;1666596865.948962;5e-06
1979;1666596865.9536514;5e-06
1980;1666596865.9582126;4.000000000000001e-06
1981;1666596865.9628727;5e-06
1982;1666596865.9675314;5e-06
1983;1666596865.971837;6e-06
1984;1666596865.976334;4.000000000000001e-06
1985;1666596865.9809618;5e-06
1986;1666596865.98564;5e-06
1987;1666596865.9906518;5e-06
1988;1666596865.995527;5e-06
1989;1666596866.000407;4.000000000000001e-06
1990;1666596866.0052812;5e-06
1991;1666596866.010287;5e-06
1992;1666596866.0151508;5e-06
1993;1666596866.0200348;5e-06
1994;1666596866.0249014;4.000000000000001e-06
1995;1666596866.029816;5e-06
1996;1666596866.034527;5e-06
1997;1666596866.0397506;5e-06
1998;1666596866.0445294;5e-06
1999;1666596866.0494096;4.000000000000001e-06
2000;1666596866.0542903;5e-06
2001;1666596866.059161;5e-06
2002;1666596866.064039;5e-06
2003;1666596866.0685894;5e-06
2004;1666596866.0733097;5e-06
2005;1666596866.0781548;4.000000000000001e-06
2006;1666596866.083157;5e-06
2007;1666596866.0877116;5e-06
2008;1666596866.0924056;5e-06
2009;1666596866.0972764;5e-06
2010;1666596866.1019645;5e-06
2011;1666596866.1065261;4.000000000000001e-06
2012;1666596866.1115663;5e-06
2013;1666596867.1568363;0.9045550000000001
2014;1666596867.1621335;5e-06
2015;1666596867.1680422;5e-06
2016;1666596867.1735115;4.000000000000001e-06
2017;1666596867.178787;5e-06
2018;1666596867.1838343;5e-06
2019;1666596867.188912;5e-06
2020;1666596867.1942663;5e-06
2021;1666596867.1996715;4.000000000000001e-06
2022;1666596867.2048998;5e-06
2023;1666596867.2104523;5e-06
2024;1666596867.2157087;5e-06
2025;1666596867.2207685;5e-06
2026;1666596867.2260888;4.000000000000001e-06
2027;1666596867.2312603;5e-06
2028;1666596867.2365117;5e-06
2029;1666596867.2416477;5e-06
2030;1666596867.2466323;5e-06
2031;1666596867.2514184;4.000000000000001e-06
2032;1666596867.256275;5e-06
2033;1666596867.2612033;5e-06
2034;1666596867.2662065;5e-06
2035;1666596867.2710428;5e-06
2036;1666596867.276046;5e-06
2037;1666596867.2810333;4.000000000000001e-06
2038;1666596867.2858968;5e-06
2039;1666596867.2906616;5e-06
2040;1666596867.2955446;5e-06
2041;1666596867.300638;4.000000000000001e-06
2042;1666596867.305387;5e-06
2043;1666596868.0740116;0.661702
2044;1666596868.0794485;5e-06
2045;1666596868.0847874;5e-06
2046;1666596868.0896661;5e-06
2047;1666596868.0946324;4.000000000000001e-06
2048;1666596868.0995076;5e-06
2049;1666596868.1042743;5e-06
2050;1666596868.1091745;5e-06
2051;1666596868.1137834;4.000000000000001e-06
2052;1666596868.1187613;5e-06
2053;1666596868.1235409;5e-06
2054;1666596868.128569;5e-06
2055;1666596868.1336336;4.000000000000001e-06
2056;1666596868.4705343;0.286658
2057;1666596868.4756553;5e-06
2058;1666596868.480408;5e-06
2059;1666596868.485285;5e-06
2060;1666596868.5932617;0.08822
2061;1666596868.5986292;5e-06
2062;1666596868.603217;5e-06
2063;1666596868.607973;4.000000000000001e-06
2064;1666596868.6130376;5e-06
2065;1666596868.6179445;5e-06
2066;1666596868.7774034;0.132221
2067;1666596868.78242;4.000000000000001e-06
2068;1666596868.7869658;5e-06
2069;1666596868.7915277;5e-06
2070;1666596868.7963765;5e-06
2071;1666596868.801162;4.000000000000001e-06
2072;1666596868.8060343;5e-06
2073;1666596868.8108394;5e-06
2074;1666596868.8157177;5e-06
2075;1666596868.8207502;4.000000000000001e-06
2076;1666596868.82579;5e-06
2077;1666596868.830823;5e-06
2078;1666596868.836129;5e-06
2079;1666596868.841283;4.000000000000001e-06
2080;1666596868.8461533;5e-06
2081;1666596868.850903;5e-06
2082;1666596868.8555934;5e-06
2083;1666596868.8603487;5e-06
2084;1666596868.8651583;4.000000000000001e-06
2085;1666596868.870037;5e-06
2086;1666596868.87491;5e-06
2087;1666596868.879653;5e-06
2088;1666596868.8846247;4.000000000000001e-06
2089;1666596868.8892162;5e-06
2090;1666596868.8942564;5e-06
2091;1666596868.8988476;5e-06
2092;1666596869.572765;0.5734560000000001
2093;1666596869.578061;5e-06
2094;1666596869.5831556;5e-06
2095;1666596869.5880678;5e-06
2096;1666596869.5931313;5e-06
2097;1666596869.597912;4.000000000000001e-06
2098;1666596869.6031294;5e-06
2099;1666596869.6077197;5e-06
2100;1666596869.612535;5e-06
2101;1666596869.6174037;4.000000000000001e-06
2102;1666596869.6221428;5e-06
2103;1666596869.627031;5e-06
2104;1666596869.6319473;5e-06
2105;1666596869.6368182;5e-06
2106;1666596869.6416543;5e-06
2107;1666596869.6466632;4.000000000000001e-06
2108;1666596869.6517797;5e-06
2109;1666596869.6563826;5e-06
2110;1666596869.6612926;5e-06
2111;1666596869.6664197;4.000000000000001e-06
2112;1666596869.671812;5e-06
2113;1666596869.6770098;5e-06
2114;1666596870.2422593;0.48514300000000005
2115;1666596870.247405;4.000000000000001e-06
2116;1666596870.252414;5e-06
2117;1666596870.2576368;5e-06
2118;1666596870.3652864;0.088185
2119;1666596870.3966732;0.022064
2120;1666596870.4018865;4.000000000000001e-06
2121;1666596870.4070857;5e-06
2122;1666596870.4120383;5e-06
2123;1666596870.4168453;5e-06
2124;1666596870.5496566;0.11020700000000001
2125;1666596870.5807648;0.022047
2126;1666596870.585714;5e-06
2127;1666596870.591294;4.000000000000001e-06
2128;1666596870.5969129;5e-06
2129;1666596870.6021543;5e-06
2130;1666596870.6075575;5e-06
2131;1666596870.6129055;5e-06
2132;1666596870.617908;5e-06
2133;1666596870.6233256;4.000000000000001e-06
2134;1666596870.6291647;5e-06
2135;1666596870.634539;5e-06
2136;1666596870.6398106;5e-06
2137;1666596870.6457803;4.000000000000001e-06
2138;1666596870.6508946;5e-06
2139;1666596870.6563125;5e-06
2140;1666596870.662162;5e-06
2141;1666596870.6675277;5e-06
2142;1666596870.6735084;5e-06
2143;1666596870.6786573;4.000000000000001e-06
2144;1666596870.6837556;5e-06
2145;1666596870.6889122;5e-06
2146;1666596870.6941636;5e-06
2147;1666596870.699593;5e-06
2148;1666596870.7045324;4.000000000000001e-06
2149;1666596870.709155;5e-06
2150;1666596870.7139692;5e-06
2151;1666596870.7188146;5e-06
2152;1666596870.7236614;5e-06
2153;1666596870.7285917;4.000000000000001e-06
2154;1666596870.733286;5e-06
2155;1666596870.7377164;5e-06
2156;1666596870.7425296;5e-06
2157;1666596870.7473404;5e-06
2158;1666596870.7524147;4.000000000000001e-06
2159;1666596870.7579608;5e-06
2160;1666596870.7635949;5e-06
2161;1666596871.6874146;0.794258
2162;1666596871.6928308;5e-06
2163;1666596871.698146;4.000000000000001e-06
2164;1666596871.7030764;5e-06
2165;1666596871.7077868;5e-06
2166;1666596871.7125378;5e-06
2167;1666596871.7175722;5e-06
2168;1666596871.7222903;5e-06
2169;1666596871.727198;4.000000000000001e-06
2170;1666596871.7319522;5e-06
2171;1666596871.7367716;5e-06
2172;1666596871.7415419;5e-06
2173;1666596871.7464437;5e-06
2174;1666596872.0814698;0.286638
2175;1666596872.112179;0.022053
2176;1666596872.117442;5e-06
2177;1666596872.1221535;5e-06
2178;1666596872.1271505;4.000000000000001e-06
2179;1666596872.2335782;0.088201
2180;1666596872.2385337;4.000000000000001e-06
2181;1666596872.244007;5e-06
2182;1666596872.2490308;5e-06
2183;1666596872.2541342;5e-06
2184;1666596872.2587814;4.000000000000001e-06
2185;1666596872.2637794;5e-06
2186;1666596872.2688832;5e-06
2187;1666596872.2735395;5e-06
2188;1666596872.2784169;5e-06
2189;1666596872.538701;0.220454
2190;1666596872.5443819;5e-06
2191;1666596872.5495958;5e-06
2192;1666596872.5546548;5e-06
2193;1666596872.5594602;4.000000000000001e-06
2194;1666596872.5643802;5e-06
2195;1666596872.5693274;5e-06
2196;1666596872.5741413;5e-06
2197;1666596872.5786548;5e-06
2198;1666596872.583595;4.000000000000001e-06
2199;1666596872.5889103;5e-06
2200;1666596872.5938432;5e-06
2201;1666596872.5990298;5e-06
2202;1666596872.6042001;4.000000000000001e-06
2203;1666596872.6095324;5e-06
2204;1666596872.614634;5e-06
2205;1666596872.619283;5e-06
2206;1666596872.6244352;5e-06
2207;1666596872.6301284;4.000000000000001e-06
2208;1666596872.6352613;5e-06
2209;1666596872.6398466;5e-06
2210;1666596872.6452918;5e-06
2211;1666596872.6501656;5e-06
2212;1666596872.654841;4.000000000000001e-06
2213;1666596872.6603818;5e-06
2214;1666596872.6658125;5e-06
2215;1666596872.6715133;5e-06
2216;1666596872.6766722;4.000000000000001e-06
2217;1666596872.6814137;5e-06
2218;1666596872.6859653;5e-06
2219;1666596872.690812;5e-06
2220;1666596872.6958938;5e-06
2221;1666596872.7004685;5e-06
2222;1666596872.7052867;4.000000000000001e-06
2223;1666596872.7105033;5e-06
2224;1666596872.7154071;5e-06
2225;1666596872.7203422;5e-06
2226;1666596872.7252576;4.000000000000001e-06
2227;1666596872.730202;5e-06
2228;1666596872.7349677;5e-06
2229;1666596872.7395284;5e-06
2230;1666596872.7446291;5e-06
2231;1666596872.7492146;4.000000000000001e-06
2232;1666596872.7539034;5e-06
2233;1666596872.7586548;5e-06
2234;1666596872.7633944;5e-06
2235;1666596872.768501;5e-06
2236;1666596872.773477;5e-06
2237;1666596872.778404;4.000000000000001e-06
2238;1666596872.7832856;5e-06
2239;1666596872.788132;5e-06
2240;1666596874.097159;1.125644
2241;1666596874.1293182;0.022042000000000003
2242;1666596874.135066;4.000000000000001e-06
2243;1666596874.1926994;0.044089
2244;1666596874.1987913;4.000000000000001e-06
2245;1666596874.204409;5e-06
2246;1666596874.2096574;5e-06
2247;1666596874.2149081;5e-06
2248;1666596874.21959;5e-06
2249;1666596874.3782678;0.132274
2250;1666596874.383716;5e-06
2251;1666596874.3888416;5e-06
2252;1666596874.3944445;5e-06
2253;1666596874.4000278;5e-06
2254;1666596874.4049125;4.000000000000001e-06
2255;1666596874.4101985;5e-06
2256;1666596874.4158893;5e-06
2257;1666596874.4211597;5e-06
2258;1666596874.42616;5e-06
2259;1666596874.4313009;4.000000000000001e-06
2260;1666596874.4365315;5e-06
2261;1666596874.4413316;5e-06
2262;1666596874.4464092;5e-06
2263;1666596874.8094277;0.308664
2264;1666596874.8411987;0.022059000000000002
2265;1666596874.8470318;6e-06
2266;1666596874.9036705;0.044088
2267;1666596874.909166;4.000000000000001e-06
2268;1666596874.9143307;5e-06
2269;1666596874.9193792;5e-06
2270;1666596875.0262873;0.088177
2271;1666596875.057267;0.022042000000000003
2272;1666596875.0624702;4.000000000000001e-06
2273;1666596875.067844;5e-06
2274;1666596875.0731544;5e-06
2275;1666596875.0782828;5e-06
2276;1666596875.2102213;0.11019100000000001
2277;1666596875.241793;0.022058
2278;1666596875.246789;5e-06
2279;1666596875.252323;5e-06
2280;1666596875.2577875;5e-06
2281;1666596875.262909;4.000000000000001e-06
2282;1666596875.2678444;5e-06
2283;1666596875.272531;5e-06
2284;1666596875.455591;0.154342
2285;1666596875.4609723;5e-06
2286;1666596875.5173478;0.044072
2287;1666596875.5222533;5e-06
2288;1666596875.527793;4.000000000000001e-06
2289;1666596875.6105452;0.066141
2290;1666596875.61579;5e-06
2291;1666596875.6214032;5e-06
2292;1666596875.6266916;4.000000000000001e-06
2293;1666596875.6318448;5e-06
2294;1666596875.7648876;0.110211
2295;1666596875.770402;5e-06
2296;1666596875.7758398;4.000000000000001e-06
2297;1666596875.7814398;5e-06
2298;1666596875.7865934;5e-06
2299;1666596875.791413;5e-06
2300;1666596875.7960513;5e-06
2301;1666596875.8009717;5e-06
2302;1666596875.806156;4.000000000000001e-06
2303;1666596875.8111634;5e-06
2304;1666596875.8159723;5e-06
2305;1666596875.8209045;5e-06
2306;1666596876.1335776;0.264566
2307;1666596876.1653848;0.022049000000000003
2308;1666596876.170531;5e-06
2309;1666596876.175844;5e-06
2310;1666596876.1816287;5e-06
2311;1666596876.1866443;5e-06
2312;1666596876.1915798;4.000000000000001e-06
2313;1666596876.1965988;5e-06
2314;1666596876.2018833;5e-06
2315;1666596876.2069385;5e-06
2316;1666596876.2123475;5e-06
2317;1666596876.2172792;4.000000000000001e-06
2318;1666596876.5025735;0.24253100000000002
2319;1666596876.5075033;5e-06
2320;1666596876.5126674;5e-06
2321;1666596876.5177844;5e-06
2322;1666596876.5227757;5e-06
2323;1666596876.5276546;4.000000000000001e-06
2324;1666596876.532539;5e-06
2325;1666596876.537404;5e-06
2326;1666596876.5422583;5e-06
2327;1666596876.5472808;5e-06
2328;1666596876.5524058;4.000000000000001e-06
2329;1666596876.5569665;5e-06
2330;1666596876.8699043;0.26461
2331;1666596876.875223;5e-06
2332;1666596876.8800404;5e-06
2333;1666596876.8846545;4.000000000000001e-06
2334;1666596876.8897772;5e-06
2335;1666596876.8948054;5e-06
2336;1666596876.8998837;5e-06
2337;1666596876.9048836;5e-06
2338;1666596876.9100604;4.000000000000001e-06
2339;1666596877.14581;0.19842700000000002
2340;1666596877.17689;0.022054
2341;1666596877.2080355;0.022056000000000003
2342;1666596877.2131658;5e-06
2343;1666596877.2178433;5e-06
2344;1666596877.2223434;4.000000000000001e-06
2345;1666596877.2271945;5e-06
2346;1666596877.2320337;5e-06
2347;1666596877.2368848;5e-06
2348;1666596877.4186807;0.154348
2349;1666596877.4241927;5e-06
2350;1666596877.429169;5e-06
2351;1666596877.4340742;4.000000000000001e-06
2352;1666596877.4391284;5e-06
2353;1666596877.4440386;5e-06
2354;1666596877.4492764;5e-06
2355;1666596877.454287;5e-06
2356;1666596877.458971;5e-06
2357;1666596877.4634054;4.000000000000001e-06
2358;1666596877.4682853;5e-06
2359;1666596877.4729626;5e-06
2360;1666596877.4776564;5e-06
2361;1666596877.4823406;5e-06
2362;1666596877.4870331;4.000000000000001e-06
2363;1666596877.491842;5e-06
2364;1666596877.9058998;0.352818
2365;1666596877.911092;5e-06
2366;1666596877.9157922;5e-06
2367;1666596877.9206643;5e-06
2368;1666596877.9255059;5e-06
2369;1666596877.9304445;5e-06
2370;1666596877.9352772;5e-06
2371;1666596877.9400663;5e-06
2372;1666596877.944769;5e-06
2373;1666596877.9494736;4.000000000000001e-06
2374;1666596877.9543786;5e-06
2375;1666596877.9592257;5e-06
2376;1666596877.9637806;5e-06
2377;1666596877.968629;4.000000000000001e-06
2378;1666596877.9734707;5e-06
2379;1666596877.9781897;5e-06
2380;1666596877.9830449;5e-06
2381;1666596877.9878802;5e-06
2382;1666596877.9927015;4.000000000000001e-06
2383;1666596877.9975324;5e-06
2384;1666596878.0025265;5e-06
2385;1666596878.0074415;5e-06
2386;1666596878.0119672;5e-06
2387;1666596878.016342;4.000000000000001e-06
2388;1666596878.0210104;5e-06
2389;1666596878.6584084;0.551454
2390;1666596878.6634142;5e-06
2391;1666596878.6685443;5e-06
2392;1666596878.7506938;0.06614
2393;1666596878.7815273;0.022056000000000003
2394;1666596878.787089;5e-06
2395;1666596878.842165;0.044090000000000004
2396;1666596878.847168;5e-06
2397;1666596878.852579;5e-06
2398;1666596878.932425;0.066139
2399;1666596878.9625247;0.022039000000000003
2400;1666596878.9677863;5e-06
2401;1666596878.9728994;5e-06
2402;1666596878.9781742;5e-06
2403;1666596878.982917;4.000000000000001e-06
2404;1666596878.9878836;5e-06
2405;1666596878.9927602;5e-06
2406;1666596878.9982738;5e-06
2407;1666596879.0031636;4.000000000000001e-06
2408;1666596879.0080402;5e-06
2409;1666596879.0129128;5e-06
2410;1666596879.0176673;5e-06
2411;1666596879.0226696;4.000000000000001e-06
2412;1666596879.0273514;5e-06
2413;1666596879.0320776;5e-06
2414;1666596879.0367742;5e-06
2415;1666596879.0417902;4.000000000000001e-06
2416;1666596879.0467076;5e-06
2417;1666596879.051321;5e-06
2418;1666596879.0560439;5e-06
2419;1666596879.0609121;4.000000000000001e-06
2420;1666596879.0656648;5e-06
2421;1666596879.0703852;5e-06
2422;1666596879.075414;5e-06
2423;1666596879.0801685;4.000000000000001e-06
2424;1666596879.0849;5e-06
2425;1666596879.0899272;5e-06
2426;1666596879.0946655;5e-06
2427;1666596879.0995126;4.000000000000001e-06
2428;1666596879.1044006;5e-06
2429;1666596879.1091385;5e-06
2430;1666596879.1141613;5e-06
2431;1666596879.1192021;4.000000000000001e-06
2432;1666596879.12404;5e-06
2433;1666596879.128958;5e-06
2434;1666596879.1337984;5e-06
2435;1666596879.138509;4.000000000000001e-06
2436;1666596879.1433287;5e-06
2437;1666596879.1480768;5e-06
2438;1666596879.1528316;5e-06
2439;1666596879.1576638;5e-06
2440;1666596879.1625485;4.000000000000001e-06
2441;1666596879.1672857;5e-06
2442;1666596879.1721654;5e-06
2443;1666596879.1768863;4.000000000000001e-06
2444;1666596879.1819236;5e-06
2445;1666596879.1867874;5e-06
2446;1666596879.1916761;5e-06
2447;1666596879.1964118;5e-06
2448;1666596879.2013257;4.000000000000001e-06
2449;1666596879.2063386;5e-06
2450;1666596879.2110517;5e-06
2451;1666596879.2158277;4.000000000000001e-06
2452;1666596879.220399;5e-06
2453;1666596879.225286;5e-06
2454;1666596879.2300422;5e-06
2455;1666596879.234785;5e-06
2456;1666596879.240146;4.000000000000001e-06
2457;1666596879.2451513;5e-06
2458;1666596879.25041;5e-06
2459;1666596879.2553892;5e-06
2460;1666596879.2604234;4.000000000000001e-06
2461;1666596879.2651637;5e-06
2462;1666596879.2701614;5e-06
2463;1666596879.2749195;5e-06
2464;1666596879.2798831;4.000000000000001e-06
2465;1666596879.2849243;5e-06
2466;1666596879.291728;5e-06
2467;1666596879.2975256;5e-06
2468;1666596879.303012;4.000000000000001e-06
2469;1666596879.308389;5e-06
2470;1666596879.3138034;5e-06
2471;1666596879.3190777;5e-06
2472;1666596879.3239734;4.000000000000001e-06
2473;1666596879.3291028;5e-06
2474;1666596879.3359606;5e-06
2475;1666596879.3414185;5e-06
2476;1666596879.346535;4.000000000000001e-06
2477;1666596879.3517916;5e-06
2478;1666596879.3569121;5e-06
2479;1666596879.361661;5e-06
2480;1666596879.366908;4.000000000000001e-06
2481;1666596879.3723948;5e-06
2482;1666596879.377932;5e-06
2483;1666596879.3830938;5e-06
2484;1666596879.387847;4.000000000000001e-06
2485;1666596879.3929043;5e-06
2486;1666596879.3976586;5e-06
2487;1666596879.4024172;5e-06
2488;1666596879.4070938;5e-06
2489;1666596879.4122005;4.000000000000001e-06
2490;1666596879.4170425;5e-06
2491;1666596879.421909;5e-06
2492;1666596879.4266574;5e-06
2493;1666596879.4318807;4.000000000000001e-06
2494;1666596879.4369097;5e-06
2495;1666596879.4417944;5e-06
2496;1666596879.4465683;5e-06
2497;1666596879.4512787;4.000000000000001e-06
2498;1666596879.4558454;5e-06
2499;1666596879.4862208;0.022159
2500;1666596879.5172598;0.022159
2501;1666596879.5483246;0.022144
2502;1666596879.57951;0.022146000000000002
2503;1666596879.610022;0.022158
2504;1666596879.641689;0.022164
2505;1666596879.6730912;0.022167000000000003
2506;1666596879.7038062;0.022153000000000003
2507;1666596879.734803;0.022162
2508;1666596879.7660377;0.022158
2509;1666596879.7972083;0.022162
2510;1666596879.827885;0.022159
2511;1666596879.8587732;0.022155
2512;1666596879.8895326;0.022151
2513;1666596879.9199688;0.022158
2514;1666596879.9504523;0.022159
2515;1666596879.9811628;0.022149000000000002
2516;1666596882.529272;2.2097890000000002
2517;1666596882.5605369;0.022032000000000003
2518;1666596882.5652828;5e-06
2519;1666596882.5700934;5e-06
2520;1666596882.57546;5e-06
2521;1666596882.5807133;4.000000000000001e-06
2522;1666596882.5854082;5e-06
2523;1666596882.59047;5e-06
2524;1666596882.5951583;5e-06
2525;1666596882.6000266;5e-06
2526;1666596882.604594;4.000000000000001e-06
2527;1666596882.609523;5e-06
2528;1666596882.6139083;5e-06
2529;1666596882.6184688;5e-06
2530;1666596882.6234703;4.000000000000001e-06
2531;1666596882.628411;5e-06
2532;1666596882.6333463;5e-06
2533;1666596882.6383166;5e-06
2534;1666596882.6435378;5e-06
2535;1666596882.648547;4.000000000000001e-06
2536;1666596882.6534436;5e-06
2537;1666596882.6583145;5e-06
2538;1666596882.662722;5e-06
2539;1666596882.667767;5e-06
2540;1666596882.6726744;4.000000000000001e-06
2541;1666596882.6775491;5e-06
2542;1666596882.6824465;5e-06
2543;1666596882.6875138;5e-06
2544;1666596882.692197;4.000000000000001e-06
2545;1666596882.6967227;5e-06
2546;1666596882.7016358;5e-06
2547;1666596882.7065444;5e-06
2548;1666596882.7114067;5e-06
2549;1666596882.71605;4.000000000000001e-06
2550;1666596883.5659437;0.728029
2551;1666596883.571657;4.000000000000001e-06
2552;1666596883.5769138;5e-06
2553;1666596883.581782;5e-06
2554;1666596883.586942;5e-06
2555;1666596883.5914683;4.000000000000001e-06
2556;1666596883.5961998;5e-06
2557;1666596883.6008134;5e-06
2558;1666596883.6052186;5e-06
2559;1666596883.6095932;5e-06
2560;1666596883.6144423;5e-06
2561;1666596883.6193008;5e-06
2562;1666596883.6245067;4.000000000000001e-06
2563;1666596883.6295257;5e-06
2564;1666596883.6344564;5e-06
2565;1666596883.638969;5e-06
2566;1666596884.0526094;0.35277200000000003
2567;1666596884.0575984;4.000000000000001e-06
2568;1666596884.0631988;5e-06
2569;1666596884.0688457;5e-06
2570;1666596884.0740378;5e-06
2571;1666596884.0786617;4.000000000000001e-06
2572;1666596884.0842278;5e-06
2573;1666596884.089283;5e-06
2574;1666596884.0941043;5e-06
2575;1666596884.099795;4.000000000000001e-06
2576;1666596884.105291;5e-06
2577;1666596884.112963;5e-06
2578;1666596884.1192431;5e-06
2579;1666596884.125353;4.000000000000001e-06
2580;1666596884.1303334;5e-06
2581;1666596884.1355863;5e-06
2582;1666596884.1416848;5e-06
2583;1666596884.1477902;4.000000000000001e-06
2584;1666596884.1541722;5e-06
2585;1666596884.1598837;5e-06
2586;1666596884.1649497;5e-06
2587;1666596884.170319;4.000000000000001e-06
2588;1666596884.1753445;5e-06
2589;1666596884.1802828;5e-06
2590;1666596884.1849692;5e-06
2591;1666596884.1895983;4.000000000000001e-06
2592;1666596884.1946707;5e-06
2593;1666596884.1996603;5e-06
2594;1666596884.204666;5e-06
2595;1666596884.2094724;4.000000000000001e-06
2596;1666596884.2142828;5e-06
2597;1666596884.21946;5e-06
2598;1666596885.045299;0.705882
2599;1666596885.0509765;5e-06
2600;1666596885.0565867;5e-06
2601;1666596885.0615337;4.000000000000001e-06
2602;1666596885.1696627;0.08822
2603;1666596885.1750686;5e-06
2604;1666596885.1798437;5e-06
2605;1666596885.1848996;5e-06
2606;1666596885.1897829;5e-06
2607;1666596885.194846;4.000000000000001e-06
2608;1666596885.1998842;5e-06
2609;1666596885.2049115;5e-06
2610;1666596885.2097955;5e-06
2611;1666596885.2146518;5e-06
2612;1666596885.2196472;4.000000000000001e-06
2613;1666596885.2244217;5e-06
2614;1666596885.2291303;5e-06
2615;1666596885.234038;5e-06
2616;1666596885.2390394;5e-06
2617;1666596885.2438877;5e-06
2618;1666596885.6592612;0.35284000000000004
2619;1666596885.6645312;5e-06
2620;1666596885.6701899;5e-06
2621;1666596885.6753175;5e-06
2622;1666596885.680401;5e-06
2623;1666596885.6850348;4.000000000000001e-06
2624;1666596885.690417;5e-06
2625;1666596885.6956565;5e-06
2626;1666596885.700409;5e-06
2627;1666596885.7053502;5e-06
2628;1666596885.7103198;4.000000000000001e-06
2629;1666596885.7154202;5e-06
2630;1666596885.7203827;5e-06
2631;1666596885.725158;5e-06
2632;1666596885.730013;5e-06
2633;1666596885.7346585;4.000000000000001e-06
2634;1666596885.7394092;5e-06
2635;1666596885.7441585;5e-06
2636;1666596885.7488866;5e-06
2637;1666596885.7537892;4.000000000000001e-06
2638;1666596885.7613182;5e-06
2639;1666596885.7660458;5e-06
2640;1666596885.770853;5e-06
2641;1666596885.7757182;5e-06
2642;1666596886.3906393;0.5293380000000001
2643;1666596886.3966575;5e-06
2644;1666596886.402158;4.000000000000001e-06
2645;1666596886.4074166;5e-06
2646;1666596886.4120665;5e-06
2647;1666596886.4169128;5e-06
2648;1666596886.4214113;5e-06
2649;1666596886.426551;4.000000000000001e-06
2650;1666596886.4314706;5e-06
2651;1666596886.436221;5e-06
2652;1666596886.440908;5e-06
2653;1666596886.445287;4.000000000000001e-06
2654;1666596886.4497201;5e-06
2655;1666596886.45416;5e-06
2656;1666596886.4592857;5e-06
2657;1666596886.46416;4.000000000000001e-06
2658;1666596886.4689727;5e-06
2659;1666596886.4736054;5e-06
2660;1666596886.478843;5e-06
2661;1666596886.4843473;4.000000000000001e-06
2662;1666596886.4898143;5e-06
2663;1666596886.49447;5e-06
2664;1666596886.4996688;5e-06
2665;1666596886.504345;4.000000000000001e-06
2666;1666596886.5092216;5e-06
2667;1666596886.5137842;5e-06
2668;1666596886.5185437;5e-06
2669;1666596886.5230963;4.000000000000001e-06
2670;1666596886.527962;5e-06
2671;1666596886.5328445;5e-06
2672;1666596886.5376632;5e-06
2673;1666596886.5423434;4.000000000000001e-06
2674;1666596886.5472248;5e-06
2675;1666596886.5526555;5e-06
2676;1666596886.5577002;5e-06
2677;1666596886.562409;4.000000000000001e-06
2678;1666596886.5674694;5e-06
2679;1666596886.5722241;5e-06
2680;1666596886.5769088;5e-06
2681;1666596886.581825;4.000000000000001e-06
2682;1666596886.5870435;5e-06
2683;1666596886.5917575;5e-06
2684;1666596887.6743367;0.9267270000000001
2685;1666596887.705336;0.022042000000000003
2686;1666596887.7361042;0.02204
2687;1666596887.7666087;0.022067
2688;1666596887.7718472;5e-06
2689;1666596887.8269367;0.044099
2690;1666596887.8576956;0.022056000000000003
2691;1666596887.8627872;5e-06
2692;1666596887.8676634;5e-06
2693;1666596887.87216;5e-06
2694;1666596887.8769739;4.000000000000001e-06
2695;1666596887.8817892;5e-06
2696;1666596887.8866355;5e-06
2697;1666596887.8913453;5e-06
2698;1666596887.8961673;4.000000000000001e-06
2699;1666596887.9012861;5e-06
2700;1666596887.9062843;5e-06
2701;1666596887.911296;5e-06
2702;1666596887.916165;4.000000000000001e-06
2703;1666596887.9205358;5e-06
2704;1666596887.925099;5e-06
2705;1666596887.9297853;5e-06
2706;1666596887.9344733;5e-06
2707;1666596887.9389753;4.000000000000001e-06
2708;1666596887.9433508;5e-06
2709;1666596887.9480388;5e-06
2710;1666596887.9527264;4.000000000000001e-06
2711;1666596887.9575381;5e-06
2712;1666596887.9623888;5e-06
2713;1666596887.967391;5e-06
2714;1666596887.9720387;4.000000000000001e-06
2715;1666596887.977015;5e-06
2716;1666596887.9816597;5e-06
2717;1666596887.9867895;5e-06
2718;1666596887.9914749;4.000000000000001e-06
2719;1666596887.995847;5e-06
2720;1666596888.0005417;5e-06
2721;1666596888.0049124;5e-06
2722;1666596888.0097666;5e-06
2723;1666596888.01445;4.000000000000001e-06
2724;1666596888.0192943;5e-06
2725;1666596888.02414;5e-06
2726;1666596888.0289767;5e-06
2727;1666596888.0337863;4.000000000000001e-06
2728;1666596889.0015526;0.838318
2729;1666596889.0069706;5e-06
2730;1666596889.0120387;5e-06
2731;1666596889.0169125;4.000000000000001e-06
2732;1666596889.021916;5e-06
2733;1666596889.0264716;5e-06
2734;1666596889.0312912;5e-06
2735;1666596889.035724;5e-06
2736;1666596889.0409076;4.000000000000001e-06
2737;1666596889.0457923;5e-06
2738;1666596889.050942;5e-06
2739;1666596889.0560417;5e-06
2740;1666596889.0605989;4.000000000000001e-06
2741;1666596889.0653448;5e-06
2742;1666596889.0699124;5e-06
2743;1666596889.0744698;5e-06
2744;1666596889.0791667;5e-06
2745;1666596889.0840378;4.000000000000001e-06
2746;1666596889.0889523;5e-06
2747;1666596889.09347;5e-06
2748;1666596889.0982862;5e-06
2749;1666596889.103095;5e-06
2750;1666596889.1086948;4.000000000000001e-06
2751;1666596889.113534;5e-06
2752;1666596889.1182706;5e-06
2753;1666596889.1231322;5e-06
2754;1666596889.1281595;5e-06
2755;1666596889.8206146;0.5954280000000001
2756;1666596889.8255348;4.000000000000001e-06
2757;1666596889.8301597;5e-06
2758;1666596889.835328;5e-06
2759;1666596889.8402252;5e-06
2760;1666596889.8450975;4.000000000000001e-06
2761;1666596889.8496594;5e-06
2762;1666596890.0325646;0.154314
2763;1666596890.0380776;5e-06
2764;1666596890.0432658;5e-06
2765;1666596890.0479794;4.000000000000001e-06
2766;1666596890.0527213;5e-06
2767;1666596890.0572844;5e-06
2768;1666596890.0622928;5e-06
2769;1666596890.0668454;5e-06
2770;1666596890.0715702;4.000000000000001e-06
2771;1666596890.0759737;5e-06
2772;1666596890.0808225;5e-06
2773;1666596890.0855486;5e-06
2774;1666596890.0904121;4.000000000000001e-06
2775;1666596890.0952923;5e-06
2776;1666596890.1001759;5e-06
2777;1666596890.1049697;5e-06
2778;1666596890.109659;5e-06
2779;1666596890.1144195;4.000000000000001e-06
2780;1666596890.1193173;5e-06
2781;1666596890.1240377;5e-06
2782;1666596890.1290472;5e-06
2783;1666596890.1339247;5e-06
2784;1666596890.1387877;4.000000000000001e-06
2785;1666596890.1434746;5e-06
2786;1666596890.148045;5e-06
2787;1666596890.1529129;5e-06
2788;1666596890.1579084;5e-06
2789;1666596890.162659;4.000000000000001e-06
2790;1666596890.1675415;5e-06
2791;1666596890.1724334;5e-06
2792;1666596890.1777866;5e-06
2793;1666596890.1825342;5e-06
2794;1666596890.1872935;4.000000000000001e-06
2795;1666596890.1922028;5e-06
2796;1666596890.1969135;5e-06
2797;1666596890.201792;5e-06
2798;1666596890.2064712;4.000000000000001e-06
2799;1666596890.2109704;5e-06
2800;1666596890.215955;5e-06
2801;1666596890.2207844;5e-06
2802;1666596890.2254703;5e-06
2803;1666596890.2301476;4.000000000000001e-06
2804;1666596890.2354155;5e-06
2805;1666596890.2402215;5e-06
2806;1666596890.2449145;5e-06
2807;1666596890.2494707;4.000000000000001e-06
2808;1666596890.2539663;5e-06
2809;1666596890.2587862;5e-06
2810;1666596890.263345;5e-06
2811;1666596890.2680385;5e-06
2812;1666596890.2725873;4.000000000000001e-06
2813;1666596890.2772224;5e-06
2814;1666596890.2816062;5e-06
2815;1666596890.2863457;5e-06
2816;1666596890.2907207;5e-06
2817;1666596890.2953467;4.000000000000001e-06
2818;1666596890.300215;5e-06
2819;1666596890.3047845;5e-06
2820;1666596890.3091617;5e-06
2821;1666596890.313722;5e-06
2822;1666596890.3182855;4.000000000000001e-06
2823;1666596890.3229737;5e-06
2824;1666596890.3276606;5e-06
2825;1666596890.3323817;5e-06
2826;1666596890.3370955;5e-06
2827;1666596890.3417954;4.000000000000001e-06
2828;1666596890.3465102;5e-06
2829;1666596892.0598938;1.479203
2830;1666596892.0648448;5e-06
2831;1666596892.0698874;5e-06
2832;1666596892.0746021;5e-06
2833;1666596892.0797274;4.000000000000001e-06
2834;1666596892.0846364;5e-06
2835;1666596892.2422185;0.13231400000000001
2836;1666596892.2470448;5e-06
2837;1666596892.25204;5e-06
2838;1666596892.256708;5e-06
2839;1666596892.2650898;4.000000000000001e-06
2840;1666596892.27083;5e-06
2841;1666596892.430549;0.13229300000000002
2842;1666596892.4354782;5e-06
2843;1666596892.490603;0.044104000000000004
2844;1666596892.4960098;4.000000000000001e-06
2845;1666596892.5010755;5e-06
2846;1666596892.5061693;5e-06
2847;1666596892.5109117;5e-06
2848;1666596892.5158498;5e-06
2849;1666596892.5211432;5e-06
2850;1666596892.525975;4.000000000000001e-06
2851;1666596892.5306609;5e-06
2852;1666596892.5356636;5e-06
2853;1666596892.5406654;5e-06
2854;1666596892.545759;4.000000000000001e-06
2855;1666596892.5506783;5e-06
2856;1666596892.5559483;5e-06
2857;1666596892.9155104;0.308616
2858;1666596892.920599;5e-06
2859;1666596892.925536;4.000000000000001e-06
2860;1666596892.9304116;5e-06
2861;1666596892.9355528;5e-06
2862;1666596892.9405994;5e-06
2863;1666596892.9454722;5e-06
2864;1666596892.950347;4.000000000000001e-06
2865;1666596892.9555151;5e-06
2866;1666596892.960385;5e-06
2867;1666596892.9653504;4.000000000000001e-06
2868;1666596893.248923;0.24250500000000003
2869;1666596893.2797854;0.022052000000000002
2870;1666596893.2851434;5e-06
2871;1666596893.2900472;5e-06
2872;1666596893.2954667;5e-06
2873;1666596893.301034;4.000000000000001e-06
2874;1666596893.305856;5e-06
2875;1666596893.3114123;5e-06
2876;1666596893.316545;5e-06
2877;1666596893.3213499;5e-06
2878;1666596893.3264763;4.000000000000001e-06
2879;1666596893.3315413;5e-06
2880;1666596893.3360457;5e-06
2881;1666596893.3405364;5e-06
2882;1666596893.345477;5e-06
2883;1666596893.350288;5e-06
2884;1666596893.3551738;4.000000000000001e-06
2885;1666596893.360137;5e-06
2886;1666596893.365037;5e-06
2887;1666596893.8322585;0.39691600000000005
2888;1666596893.8379104;5e-06
2889;1666596893.8431602;4.000000000000001e-06
2890;1666596893.8478484;5e-06
2891;1666596893.8523474;5e-06
2892;1666596893.8575358;5e-06
2893;1666596893.8624063;5e-06
2894;1666596893.8674104;4.000000000000001e-06
2895;1666596893.872592;5e-06
2896;1666596893.8774478;5e-06
2897;1666596893.8822975;5e-06
2898;1666596893.8872924;4.000000000000001e-06
2899;1666596893.8920345;5e-06
2900;1666596893.8967261;5e-06
2901;1666596893.9010968;5e-06
2902;1666596894.2888114;0.33070900000000003
2903;1666596894.2944062;4.000000000000001e-06
2904;1666596894.3499322;0.044082
2905;1666596894.3552225;4.000000000000001e-06
2906;1666596894.3606634;5e-06
2907;1666596894.3662076;5e-06
2908;1666596894.3714492;5e-06
2909;1666596894.3765106;4.000000000000001e-06
2910;1666596894.3814142;5e-06
2911;1666596894.3864028;5e-06
2912;1666596894.3911607;5e-06
2913;1666596894.39579;4.000000000000001e-06
2914;1666596894.4005246;5e-06
2915;1666596894.4054143;5e-06
2916;1666596894.4101648;5e-06
2917;1666596894.4147892;4.000000000000001e-06
2918;1666596894.419474;5e-06
2919;1666596894.4241698;5e-06
2920;1666596894.4289107;5e-06
2921;1666596894.43395;4.000000000000001e-06
2922;1666596894.439289;5e-06
2923;1666596894.4441712;5e-06
2924;1666596894.4489074;5e-06
2925;1666596894.4539065;4.000000000000001e-06
2926;1666596894.4587896;5e-06
2927;1666596894.4636712;5e-06
2928;1666596894.4686654;5e-06
2929;1666596894.4732857;4.000000000000001e-06
2930;1666596894.478141;5e-06
2931;1666596894.4826603;5e-06
2932;1666596894.4873834;5e-06
2933;1666596894.492065;4.000000000000001e-06
2934;1666596894.4966602;5e-06
2935;1666596894.5014713;5e-06
2936;1666596894.5062225;5e-06
2937;1666596894.510793;4.000000000000001e-06
2938;1666596894.5156612;5e-06
2939;1666596894.5202243;5e-06
2940;1666596894.5249107;5e-06
2941;1666596894.529759;4.000000000000001e-06
2942;1666596894.534785;5e-06
2943;1666596894.5396342;5e-06
2944;1666596894.5445075;5e-06
2945;1666596894.5495162;4.000000000000001e-06
2946;1666596894.5544212;5e-06
2947;1666596894.5594182;5e-06
2948;1666596894.563972;5e-06
2949;1666596894.5686646;4.000000000000001e-06
2950;1666596894.5734215;5e-06
2951;1666596894.5784717;5e-06
2952;1666596894.58304;5e-06
2953;1666596894.5879476;5e-06
2954;1666596894.5930355;4.000000000000001e-06
2955;1666596894.597786;5e-06
2956;1666596894.6023586;5e-06
2957;1666596894.6067855;4.000000000000001e-06
2958;1666596894.6114137;5e-06
2959;1666596894.6160426;5e-06
2960;1666596894.6209748;5e-06
2961;1666596894.625925;4.000000000000001e-06
2962;1666596894.6306617;5e-06
2963;1666596896.1426373;1.302423
2964;1666596896.1477225;5e-06
2965;1666596896.1525705;5e-06
2966;1666596896.1570969;5e-06
2967;1666596896.161802;4.000000000000001e-06
2968;1666596896.1663468;5e-06
2969;1666596896.1714451;5e-06
2970;1666596896.3536546;0.15432400000000002
2971;1666596896.3592944;5e-06
2972;1666596896.364597;5e-06
2973;1666596896.3693478;5e-06
2974;1666596896.3744192;4.000000000000001e-06
2975;1666596896.506787;0.11024400000000001
2976;1666596896.5376906;0.022049000000000003
2977;1666596896.5433238;5e-06
2978;1666596896.5991507;0.044084000000000005
2979;1666596896.6047015;5e-06
2980;1666596896.6099238;4.000000000000001e-06
2981;1666596896.615283;5e-06
2982;1666596896.6207032;5e-06
2983;1666596896.625286;5e-06
2984;1666596896.6302989;5e-06
2985;1666596896.6351933;4.000000000000001e-06
2986;1666596896.6400378;5e-06
2987;1666596896.64505;5e-06
2988;1666596896.6500409;5e-06
2989;1666596896.6551342;4.000000000000001e-06
2990;1666596896.65998;5e-06
2991;1666596896.6645362;5e-06
2992;1666596896.669824;5e-06
2993;1666596896.6750965;5e-06
2994;1666596896.6800656;4.000000000000001e-06
2995;1666596896.6847887;5e-06
2996;1666596896.6896026;5e-06
2997;1666596896.6939714;5e-06
2998;1666596896.698661;4.000000000000001e-06
2999;1666596896.7036355;5e-06
3000;1666596896.7084053;5e-06
3001;1666596896.71356;5e-06
3002;1666596896.7185934;5e-06
3003;1666596896.7232287;4.000000000000001e-06
3004;1666596896.7279725;5e-06
3005;1666596896.7330906;5e-06
3006;1666596896.7379014;5e-06
3007;1666596896.7425997;4.000000000000001e-06
3008;1666596896.7472599;5e-06
3009;1666596896.7522786;5e-06
