timestamp,uptimeInS,bootCount,lastResetCause,powerAmplifierTemperature,quartzTemperature,isTxOn,lastSyncRssi,averageSyncRssi,lastPacketRssi,averagePacketRssi,environmentRssi,txPacketCounter,txByteCounter,rxPacketCounter,rxByteCounter,badCrcCounter,beaconTxCounter,gsWdtTimeLeftInS,
978311837,4636,480,201326592,29,29,1,-101,-100,-101,-99,-131,1026,97560,55,1270,0,119,80084,
978311843,4641,480,201326592,29,29,1,-101,-100,-101,-99,-131,1026,97560,55,1270,0,119,80079,
978311848,4646,480,201326592,29,29,1,-101,-100,-101,-99,-131,1026,97560,55,1270,0,119,80074,
978311853,4651,480,201326592,29,29,1,-101,-100,-101,-99,-130,1026,97560,55,1270,0,119,80069,
978311858,4656,480,201326592,29,29,1,-101,-100,-101,-99,-131,1026,97560,55,1270,0,119,80064,
978311863,4661,480,201326592,29,29,1,-101,-100,-101,-99,-130,1026,97560,55,1270,0,119,80059,
978311868,4666,480,201326592,29,29,1,-101,-100,-101,-99,-129,1029,97840,55,1270,0,120,80054,
978311873,4672,480,201326592,29,29,1,-101,-100,-101,-99,-128,1029,97840,55,1270,0,120,80048,
978311878,4677,480,201326592,29,29,1,-101,-100,-101,-99,-132,1029,97840,55,1270,0,120,80043,
978311883,4682,480,201326592,29,29,1,-101,-100,-101,-99,-130,1029,97840,55,1270,0,120,80038,
978311888,4687,480,201326592,29,29,1,-101,-100,-101,-99,-131,1029,97840,55,1270,0,120,80033,
978311894,4692,480,201326592,29,29,1,-101,-100,-101,-99,-130,1029,97840,55,1270,0,120,80028,
978311899,4697,480,201326592,29,29,1,-101,-100,-101,-99,-131,1032,98120,55,1270,0,121,80023,
978311904,4702,480,201326592,29,29,1,-101,-100,-101,-99,-130,1032,98120,55,1270,0,121,80018,
978311909,4707,480,201326592,29,29,1,-101,-100,-101,-99,-129,1032,98120,55,1270,0,121,80013,
978311914,4712,480,201326592,29,29,1,-101,-100,-101,-99,-133,1032,98120,55,1270,0,121,80008,
978311919,4717,480,201326592,29,29,1,-101,-100,-101,-99,-130,1032,98120,55,1270,0,121,80003,
978311924,4723,480,201326592,29,29,1,-101,-100,-101,-99,-129,1032,98120,55,1270,0,121,79997,
978311929,4728,480,201326592,29,29,1,-101,-100,-101,-99,-130,1035,98400,55,1270,0,122,79992,
978311934,4733,480,201326592,29,29,1,-101,-100,-101,-99,-129,1035,98400,55,1270,0,122,79987,
978311939,4738,480,201326592,29,29,1,-101,-100,-101,-99,-129,1035,98400,55,1270,0,122,79982,
978311945,4743,480,201326592,29,29,1,-101,-100,-101,-99,-132,1035,98400,55,1270,0,122,79977,
978311950,4748,480,201326592,29,29,1,-101,-100,-101,-99,-129,1035,98400,55,1270,0,122,79972,
978311955,4753,480,201326592,29,29,1,-101,-100,-101,-99,-128,1035,98400,55,1270,0,122,79967,
978311960,4758,480,201326592,29,29,1,-101,-100,-101,-99,-131,1038,98680,55,1270,0,123,79962,
978311965,4763,480,201326592,29,29,1,-101,-100,-101,-99,-131,1038,98680,55,1270,0,123,79957,
978311970,4768,480,201326592,29,29,1,-101,-100,-101,-99,-130,1038,98680,55,1270,0,123,79952,
978311975,4774,480,201326592,29,29,1,-101,-100,-101,-99,-129,1038,98680,55,1270,0,123,79946,
978311980,4779,480,201326592,29,29,1,-101,-100,-101,-99,-129,1038,98680,55,1270,0,123,79941,
978311985,4784,480,201326592,29,29,1,-101,-100,-101,-99,-130,1038,98680,55,1270,0,123,79936,
978311990,4789,480,201326592,30,29,1,-101,-100,-101,-99,-129,1041,98960,55,1270,0,124,79931,
978311996,4794,480,201326592,29,29,1,-101,-100,-101,-99,-132,1041,98960,55,1270,0,124,79926,
978312001,4799,480,201326592,29,29,1,-101,-100,-101,-99,-128,1041,98960,55,1270,0,124,79921,
978312006,4804,480,201326592,29,29,1,-101,-100,-101,-99,-130,1041,98960,55,1270,0,124,79916,
978312011,4809,480,201326592,29,29,1,-101,-100,-101,-99,-132,1041,98960,55,1270,0,124,79911,
978312016,4814,480,201326592,29,29,1,-101,-100,-101,-99,-129,1041,98960,55,1270,0,124,79906,
978312021,4819,480,201326592,29,29,1,-101,-100,-101,-99,-130,1044,99240,55,1270,0,125,79901,
978312026,4825,480,201326592,29,29,1,-101,-100,-101,-99,-132,1044,99240,55,1270,0,125,79895,
978312031,4830,480,201326592,29,29,1,-101,-100,-101,-99,-130,1044,99240,55,1270,0,125,79890,
978312037,4835,480,201326592,29,29,1,-101,-100,-101,-99,-129,1044,99240,55,1270,0,125,79885,
978312042,4840,480,201326592,29,29,1,-101,-100,-101,-99,-131,1044,99240,55,1270,0,125,79880,
978312047,4845,480,201326592,29,29,1,-101,-100,-101,-99,-128,1044,99240,55,1270,0,125,79875,
978312052,4851,480,201326592,29,29,1,-101,-100,-101,-99,-129,1047,99520,55,1270,0,126,79869,
978312057,4856,480,201326592,29,29,1,-101,-100,-101,-99,-130,1047,99520,55,1270,0,126,79864,
978312062,4861,480,201326592,29,29,1,-101,-100,-101,-99,-130,1047,99520,55,1270,0,126,79859,
978312067,4866,480,201326592,29,29,1,-101,-100,-101,-99,-130,1047,99520,55,1270,0,126,79854,
978312073,4871,480,201326592,29,29,1,-101,-100,-101,-99,-130,1047,99520,55,1270,0,126,79849,
978312078,4876,480,201326592,29,29,1,-101,-100,-101,-99,-130,1047,99520,55,1270,0,126,79844,
978312083,4881,480,201326592,29,29,1,-101,-100,-101,-99,-127,1049,99708,55,1270,0,127,79839,
978312088,4886,480,201326592,29,29,1,-101,-100,-101,-99,-130,1050,99800,55,1270,0,127,79834,
978312093,4891,480,201326592,29,29,1,-101,-100,-101,-99,-129,1050,99800,55,1270,0,127,79829,
978312098,4896,480,201326592,29,29,1,-101,-100,-101,-99,-133,1050,99800,55,1270,0,127,79824,
978312103,4902,480,201326592,29,29,1,-101,-100,-101,-99,-129,1050,99800,55,1270,0,127,79818,
978312108,4907,480,201326592,29,29,1,-101,-100,-101,-99,-129,1050,99800,55,1270,0,127,79813,
978312113,4912,480,201326592,29,29,1,-101,-100,-101,-99,-130,1050,99800,55,1270,0,127,79808,
978312118,4917,480,201326592,29,29,1,-101,-100,-101,-99,-130,1053,100080,55,1270,0,128,79803,
978312124,4922,480,201326592,29,29,1,-101,-100,-101,-99,-130,1053,100080,55,1270,0,128,79798,
978312129,4927,480,201326592,29,29,1,-101,-100,-101,-99,-129,1053,100080,55,1270,0,128,79793,
978312134,4932,480,201326592,29,29,1,-101,-100,-101,-99,-131,1053,100080,55,1270,0,128,79788,
978312139,4937,480,201326592,29,29,1,-101,-100,-101,-99,-129,1053,100080,55,1270,0,128,79783,
978312144,4942,480,201326592,29,29,1,-101,-100,-101,-99,-132,1053,100080,55,1270,0,128,79778,
978312149,4947,480,201326592,29,29,1,-101,-100,-101,-99,-130,1056,100360,55,1270,0,129,79773,
978312154,4953,480,201326592,29,29,1,-101,-100,-101,-99,-129,1056,100360,55,1270,0,129,79767,
978312159,4958,480,201326592,29,29,1,-101,-100,-101,-99,-132,1056,100360,55,1270,0,129,79762,
978312164,4963,480,201326592,29,29,1,-101,-100,-101,-99,-129,1056,100360,55,1270,0,129,79757,
978312169,4968,480,201326592,29,29,1,-101,-100,-101,-99,-129,1056,100360,55,1270,0,129,79752,
978312175,4973,480,201326592,29,29,1,-101,-100,-101,-99,-130,1056,100360,55,1270,0,129,79747,
978312180,4978,480,201326592,29,29,1,-101,-100,-101,-99,-132,1059,100640,55,1270,0,130,79742,
978312185,4983,480,201326592,29,29,1,-101,-100,-101,-99,-128,1059,100640,55,1270,0,130,79737,
978312190,4988,480,201326592,29,29,1,-101,-100,-101,-99,-129,1059,100640,55,1270,0,130,79732,
978312195,4993,480,201326592,29,29,1,-101,-100,-101,-99,-129,1059,100640,55,1270,0,130,79727,
978312200,4998,480,201326592,29,29,1,-101,-100,-101,-99,-131,1059,100640,55,1270,0,130,79722,
978312205,5004,480,201326592,29,29,1,-101,-100,-101,-99,-130,1059,100640,55,1270,0,130,79716,
978312210,5009,480,201326592,29,29,1,-101,-100,-101,-99,-128,1062,100920,55,1270,0,131,79711,
978312215,5014,480,201326592,29,29,1,-101,-100,-101,-99,-129,1062,100920,55,1270,0,131,79706,
978312220,5019,480,201326592,29,29,1,-101,-100,-101,-99,-130,1062,100920,55,1270,0,131,79701,
978312226,5024,480,201326592,29,29,1,-101,-100,-101,-99,-128,1062,100920,55,1270,0,131,79696,
978312231,5029,480,201326592,29,29,1,-101,-100,-101,-99,-133,1062,100920,55,1270,0,131,79691,
978312236,5034,480,201326592,29,29,1,-101,-100,-101,-99,-130,1062,100920,55,1270,0,131,79686,
978312241,5039,480,201326592,29,29,1,-101,-100,-101,-99,-131,1065,101200,55,1270,0,132,79681,
978312246,5044,480,201326592,29,29,1,-101,-100,-101,-99,-129,1065,101200,55,1270,0,132,79676,
978312251,5049,480,201326592,29,29,1,-101,-100,-101,-99,-128,1065,101200,55,1270,0,132,79671,
978312256,5055,480,201326592,29,29,1,-101,-100,-101,-99,-128,1065,101200,55,1270,0,132,79665,
978312261,5060,480,201326592,29,29,1,-101,-100,-101,-99,-128,1065,101200,55,1270,0,132,79660,
978312266,5065,480,201326592,29,29,1,-101,-100,-101,-99,-133,1065,101200,55,1270,0,132,79655,
978312271,5070,480,201326592,29,29,1,-101,-100,-101,-99,-131,1068,101480,55,1270,0,133,79650,
978312277,5075,480,201326592,29,29,1,-101,-100,-101,-99,-130,1068,101480,55,1270,0,133,79645,
978312282,5080,480,201326592,29,29,1,-101,-100,-101,-99,-132,1068,101480,55,1270,0,133,79640,
978312287,5085,480,201326592,29,29,1,-101,-100,-101,-99,-129,1068,101480,55,1270,0,133,79635,
978312292,5091,480,201326592,29,29,1,-101,-100,-101,-99,-130,1068,101480,55,1270,0,133,79629,
978312297,5096,480,201326592,29,29,1,-101,-100,-101,-99,-129,1068,101480,55,1270,0,133,79624,
978312303,5101,480,201326592,29,29,1,-101,-100,-101,-99,-129,1071,101760,55,1270,0,134,79619,
978312308,5106,480,201326592,29,29,1,-101,-100,-101,-99,-129,1071,101760,55,1270,0,134,79614,
978312313,5111,480,201326592,29,29,1,-101,-100,-101,-99,-128,1071,101760,55,1270,0,134,79609,
978312318,5116,480,201326592,29,29,1,-101,-100,-101,-99,-125,1071,101760,55,1270,0,134,79604,
978312323,5121,480,201326592,29,29,1,-101,-100,-101,-99,-128,1071,101760,55,1270,0,134,79599,
978312328,5126,480,201326592,29,29,1,-101,-100,-101,-99,-129,1071,101760,55,1270,0,134,79594,
978312333,5132,480,201326592,30,29,1,-101,-100,-101,-99,-128,1074,102040,55,1270,0,135,79588,
978312338,5137,480,201326592,29,29,1,-101,-100,-101,-99,-129,1074,102040,55,1270,0,135,79583,
978312343,5142,480,201326592,29,29,1,-101,-100,-101,-99,-129,1074,102040,55,1270,0,135,79578,
978312348,5147,480,201326592,29,29,1,-101,-100,-101,-99,-129,1074,102040,55,1270,0,135,79573,
978312354,5152,480,201326592,29,29,1,-101,-100,-101,-99,-129,1074,102040,55,1270,0,135,79568,
978312359,5157,480,201326592,29,29,1,-101,-100,-101,-99,-129,1074,102040,55,1270,0,135,79563,
978312364,5162,480,201326592,30,29,1,-101,-100,-101,-99,-130,1077,102320,55,1270,0,136,79558,
978312369,5167,480,201326592,29,29,1,-101,-100,-101,-99,-130,1077,102320,55,1270,0,136,79553,
978312374,5172,480,201326592,29,29,1,-101,-100,-101,-99,-129,1077,102320,55,1270,0,136,79548,
978312379,5177,480,201326592,29,29,1,-101,-100,-101,-99,-125,1077,102320,55,1270,0,136,79543,
978312384,5183,480,201326592,29,29,1,-101,-100,-101,-99,-130,1077,102320,55,1270,0,136,79537,
978312389,5188,480,201326592,29,29,1,-101,-100,-101,-99,-128,1077,102320,55,1270,0,136,79532,
978312394,5193,480,201326592,29,29,1,-101,-100,-101,-99,-126,1080,102600,55,1270,0,137,79527,
978312399,5198,480,201326592,29,29,1,-101,-100,-101,-99,-127,1080,102600,55,1270,0,137,79522,
978312405,5203,480,201326592,29,29,1,-101,-100,-101,-99,-130,1080,102600,55,1270,0,137,79517,
978312410,5208,480,201326592,29,29,1,-101,-100,-101,-99,-130,1080,102600,55,1270,0,137,79512,
978312415,5213,480,201326592,29,29,1,-101,-100,-101,-99,-128,1080,102600,55,1270,0,137,79507,
978312420,5218,480,201326592,29,29,1,-101,-100,-101,-99,-128,1080,102600,55,1270,0,137,79502,
978312425,5223,480,201326592,29,29,1,-101,-100,-101,-99,-126,1081,102694,55,1270,0,138,79497,
978312430,5228,480,201326592,29,29,1,-101,-100,-101,-99,-130,1083,102880,55,1270,0,138,79492,
978312435,5234,480,201326592,29,29,1,-101,-100,-101,-99,-129,1083,102880,55,1270,0,138,79487,
978312440,5239,480,201326592,29,29,1,-101,-100,-101,-99,-130,1083,102880,55,1270,0,138,79481,
978312445,5244,480,201326592,29,29,1,-101,-100,-101,-99,-128,1083,102880,55,1270,0,138,79476,
978312450,5249,480,201326592,29,29,1,-101,-100,-101,-99,-128,1083,102880,55,1270,0,138,79471,
978312456,5254,480,201326592,29,29,1,-101,-100,-101,-99,-126,1083,102880,55,1270,0,138,79466,
978312461,5259,480,201326592,29,29,1,-101,-100,-101,-99,-128,1086,103160,55,1270,0,139,79461,
978312466,5264,480,201326592,29,29,1,-101,-100,-101,-99,-127,1086,103160,55,1270,0,139,79456,
978312471,5269,480,201326592,29,29,1,-101,-100,-101,-99,-128,1086,103160,55,1270,0,139,79451,
978312476,5274,480,201326592,29,29,1,-101,-100,-101,-99,-126,1086,103160,55,1270,0,139,79446,
978312481,5279,480,201326592,29,29,1,-101,-100,-101,-99,-128,1086,103160,55,1270,0,139,79441,
978312486,5285,480,201326592,29,29,1,-101,-100,-101,-99,-130,1086,103160,55,1270,0,139,79436,
978312491,5290,480,201326592,29,29,1,-101,-100,-101,-99,-129,1089,103440,55,1270,0,140,79430,
978312496,5295,480,201326592,29,29,1,-101,-100,-101,-99,-131,1089,103440,55,1270,0,140,79425,
978312501,5300,480,201326592,29,29,1,-101,-100,-101,-99,-128,1089,103440,55,1270,0,140,79420,
978312507,5305,480,201326592,29,29,1,-101,-100,-101,-99,-130,1089,103440,55,1270,0,140,79415,
978312512,5310,480,201326592,29,29,1,-101,-100,-101,-99,-129,1089,103440,55,1270,0,140,79410,
978312517,5315,480,201326592,29,29,1,-101,-100,-101,-99,-129,1089,103440,55,1270,0,140,79405,
978312522,5320,480,201326592,29,29,1,-101,-100,-101,-99,-129,1092,103720,55,1270,0,141,79400,
978312527,5325,480,201326592,29,29,1,-101,-100,-101,-99,-127,1092,103720,55,1270,0,141,79395,
978312532,5330,480,201326592,29,29,1,-101,-100,-101,-99,-129,1092,103720,55,1270,0,141,79390,
978312537,5336,480,201326592,29,29,1,-101,-100,-101,-99,-127,1092,103720,55,1270,0,141,79385,
978312542,5341,480,201326592,29,29,1,-101,-100,-101,-99,-130,1092,103720,55,1270,0,141,79379,
978312548,5346,480,201326592,29,29,1,-101,-100,-101,-99,-130,1092,103720,55,1270,0,141,79374,
978312553,5351,480,201326592,29,29,1,-101,-100,-101,-99,-130,1095,104000,55,1270,0,142,79369,
978312558,5356,480,201326592,29,29,1,-101,-100,-101,-99,-128,1095,104000,55,1270,0,142,79364,
978312563,5362,480,201326592,29,29,1,-101,-100,-101,-99,-129,1095,104000,55,1270,0,142,79359,
978312568,5367,480,201326592,29,29,1,-101,-100,-101,-99,-128,1095,104000,55,1270,0,142,79353,
978312573,5372,480,201326592,29,29,1,-101,-100,-101,-99,-131,1095,104000,55,1270,0,142,79348,
978312578,5377,480,201326592,29,29,1,-101,-100,-101,-99,-128,1095,104000,55,1270,0,142,79343,
978312584,5382,480,201326592,29,29,1,-101,-100,-101,-99,-129,1098,104280,55,1270,0,143,79338,
978312589,5387,480,201326592,29,29,1,-101,-100,-101,-99,-127,1098,104280,55,1270,0,143,79333,
978312594,5392,480,201326592,29,29,1,-101,-100,-101,-99,-130,1098,104280,55,1270,0,143,79328,
978312599,5397,480,201326592,29,29,1,-101,-100,-101,-99,-128,1098,104280,55,1270,0,143,79323,
978312604,5402,480,201326592,29,29,1,-101,-100,-101,-99,-129,1098,104280,55,1270,0,143,79318,
978312609,5407,480,201326592,29,29,1,-101,-100,-101,-99,-127,1098,104280,55,1270,0,143,79313,
978312614,5413,480,201326592,29,29,1,-101,-100,-101,-99,-129,1101,104560,55,1270,0,144,79308,
978312619,5418,480,201326592,29,29,1,-101,-100,-101,-99,-126,1101,104560,55,1270,0,144,79302,
978312624,5423,480,201326592,29,29,1,-101,-100,-101,-99,-126,1101,104560,55,1270,0,144,79297,
978312629,5428,480,201326592,29,29,1,-101,-100,-101,-99,-127,1101,104560,55,1270,0,144,79292,
978312634,5433,480,201326592,29,29,1,-101,-100,-101,-99,-127,1101,104560,55,1270,0,144,79287,
978312640,5438,480,201326592,29,29,1,-101,-100,-101,-99,-127,1101,104560,55,1270,0,144,79282,
978312645,5443,480,201326592,30,29,1,-101,-100,-101,-99,-127,1104,104840,55,1270,0,145,79277,
978312650,5448,480,201326592,29,29,1,-101,-100,-101,-99,-126,1104,104840,55,1270,0,145,79272,
978312655,5453,480,201326592,29,29,1,-101,-100,-101,-99,-127,1104,104840,55,1270,0,145,79267,
978312660,5458,480,201326592,29,29,1,-101,-100,-101,-99,-126,1104,104840,55,1270,0,145,79262,
978312665,5464,480,201326592,29,29,1,-101,-100,-101,-99,-130,1104,104840,55,1270,0,145,79256,
978312670,5469,480,201326592,29,29,1,-101,-100,-101,-99,-130,1104,104840,55,1270,0,145,79251,
978312675,5474,480,201326592,30,29,1,-101,-100,-101,-99,-130,1107,105120,55,1270,0,146,79246,
978312680,5479,480,201326592,29,29,1,-101,-100,-101,-99,-129,1107,105120,55,1270,0,146,79241,
978312685,5484,480,201326592,29,29,1,-101,-100,-101,-99,-126,1107,105120,55,1270,0,146,79236,
978312691,5489,480,201326592,29,29,1,-101,-100,-101,-99,-128,1107,105120,55,1270,0,146,79231,
978312696,5494,480,201326592,29,29,1,-101,-100,-101,-99,-127,1107,105120,55,1270,0,146,79226,
978312701,5499,480,201326592,29,29,1,-101,-100,-101,-99,-126,1107,105120,55,1270,0,146,79221,
978312706,5504,480,201326592,30,29,1,-101,-100,-101,-99,-129,1110,105400,55,1270,0,147,79216,
978312711,5509,480,201326592,29,29,1,-101,-100,-101,-99,-129,1110,105400,55,1270,0,147,79211,
978312716,5515,480,201326592,29,29,1,-101,-100,-101,-99,-128,1110,105400,55,1270,0,147,79205,
978312721,5520,480,201326592,29,29,1,-101,-100,-101,-99,-129,1110,105400,55,1270,0,147,79200,
978312726,5525,480,201326592,29,29,1,-101,-100,-101,-99,-127,1110,105400,55,1270,0,147,79195,
978312731,5530,480,201326592,29,29,1,-101,-100,-101,-99,-127,1110,105400,55,1270,0,147,79190,
978312736,5535,480,201326592,29,29,1,-101,-100,-101,-99,-124,1112,105588,55,1270,0,148,79185,
978312742,5540,480,201326592,29,29,1,-101,-100,-101,-99,-125,1113,105680,55,1270,0,148,79180,
978312747,5545,480,201326592,29,29,1,-101,-100,-101,-99,-131,1113,105680,55,1270,0,148,79175,
978312752,5550,480,201326592,29,29,1,-101,-100,-101,-99,-128,1113,105680,55,1270,0,148,79170,
978312757,5555,480,201326592,29,29,1,-101,-100,-101,-99,-127,1113,105680,55,1270,0,148,79165,
978312762,5560,480,201326592,29,29,1,-101,-100,-101,-99,-129,1113,105680,55,1270,0,148,79160,
978312767,5566,480,201326592,29,29,1,-101,-100,-101,-99,-128,1113,105680,55,1270,0,148,79154,
978312772,5571,480,201326592,29,29,1,-101,-100,-101,-99,-127,1116,105960,55,1270,0,149,79149,
978312777,5576,480,201326592,29,29,1,-101,-100,-101,-99,-127,1116,105960,55,1270,0,149,79144,
978312782,5581,480,201326592,29,29,1,-101,-100,-101,-99,-129,1116,105960,55,1270,0,149,79139,
978312787,5586,480,201326592,29,29,1,-101,-100,-101,-99,-128,1116,105960,55,1270,0,149,79134,
978312793,5591,480,201326592,29,29,1,-101,-100,-101,-99,-130,1116,105960,55,1270,0,149,79129,
978312798,5596,480,201326592,29,29,1,-101,-100,-101,-99,-132,1116,105960,55,1270,0,149,79124,
978312803,5602,480,201326592,29,29,1,-101,-100,-101,-99,-129,1119,106240,55,1270,0,150,79118,
978312808,5607,480,201326592,29,29,1,-101,-100,-101,-99,-128,1119,106240,55,1270,0,150,79113,
978312813,5612,480,201326592,29,29,1,-101,-100,-101,-99,-128,1119,106240,55,1270,0,150,79108,
978312819,5617,480,201326592,29,29,1,-101,-100,-101,-99,-125,1119,106240,55,1270,0,150,79103,
978312824,5622,480,201326592,29,29,1,-101,-100,-101,-99,-128,1119,106240,55,1270,0,150,79098,
978312829,5627,480,201326592,29,29,1,-101,-100,-101,-99,-129,1119,106240,55,1270,0,150,79093,
978312834,5632,480,201326592,29,29,1,-101,-100,-101,-99,-127,1122,106520,55,1270,0,151,79088,
978312839,5637,480,201326592,29,29,1,-101,-100,-101,-99,-128,1122,106520,55,1270,0,151,79083,
978312844,5643,480,201326592,29,29,1,-101,-100,-101,-99,-127,1122,106520,55,1270,0,151,79077,
978312849,5648,480,201326592,29,29,1,-101,-100,-101,-99,-129,1122,106520,55,1270,0,151,79072,
978312854,5653,480,201326592,29,29,1,-101,-100,-101,-99,-131,1122,106520,55,1270,0,151,79067,
978312859,5658,480,201326592,29,29,1,-101,-100,-101,-99,-126,1122,106520,55,1270,0,151,79062,
978312864,5663,480,201326592,29,29,1,-101,-100,-101,-99,-127,1125,106800,55,1270,0,152,79057,
978312870,5668,480,201326592,29,29,1,-101,-100,-101,-99,-125,1125,106800,55,1270,0,152,79052,
978312875,5673,480,201326592,29,29,1,-101,-100,-101,-99,-130,1125,106800,55,1270,0,152,79047,
978312880,5678,480,201326592,29,29,1,-101,-100,-101,-99,-126,1125,106800,55,1270,0,152,79042,
978312885,5683,480,201326592,29,29,1,-101,-100,-101,-99,-127,1125,106800,55,1270,0,152,79037,
978312890,5688,480,201326592,29,29,1,-101,-100,-101,-99,-127,1125,106800,55,1270,0,152,79032,
978312895,5694,480,201326592,29,29,1,-101,-100,-101,-99,-126,1128,107080,55,1270,0,153,79026,
978312900,5699,480,201326592,29,29,1,-101,-100,-101,-99,-127,1128,107080,55,1270,0,153,79021,
978312905,5704,480,201326592,29,29,1,-101,-100,-101,-99,-128,1128,107080,55,1270,0,153,79016,
978312910,5709,480,201326592,29,29,1,-101,-100,-101,-99,-128,1128,107080,55,1270,0,153,79011,
978312915,5714,480,201326592,29,29,1,-101,-100,-101,-99,-126,1128,107080,55,1270,0,153,79006,
978312921,5719,480,201326592,29,29,1,-101,-100,-101,-99,-127,1128,107080,55,1270,0,153,79001,
978312926,5724,480,201326592,29,29,1,-101,-100,-101,-99,-126,1131,107360,55,1270,0,154,78996,
978312931,5729,480,201326592,29,29,1,-101,-100,-101,-99,-129,1131,107360,55,1270,0,154,78991,
978312936,5734,480,201326592,29,29,1,-101,-100,-101,-99,-127,1131,107360,55,1270,0,154,78986,
978312941,5739,480,201326592,29,29,1,-101,-100,-101,-99,-125,1131,107360,55,1270,0,154,78981,
978312946,5745,480,201326592,29,29,1,-101,-100,-101,-99,-129,1131,107360,55,1270,0,154,78975,
978312951,5750,480,201326592,29,29,1,-101,-100,-101,-99,-127,1131,107360,55,1270,0,154,78970,
978312956,5755,480,201326592,30,29,1,-101,-100,-101,-99,-128,1134,107640,55,1270,0,155,78965,
978312961,5760,480,201326592,29,29,1,-101,-100,-101,-99,-127,1134,107640,55,1270,0,155,78960,
978312966,5765,480,201326592,29,29,1,-101,-100,-101,-99,-128,1134,107640,55,1270,0,155,78955,
978312972,5770,480,201326592,29,29,1,-101,-100,-101,-99,-125,1134,107640,55,1270,0,155,78950,
978312977,5775,480,201326592,29,29,1,-101,-100,-101,-99,-129,1134,107640,55,1270,0,155,78945,
978312982,5780,480,201326592,29,29,1,-101,-100,-101,-99,-129,1134,107640,55,1270,0,155,78940,
978312987,5785,480,201326592,30,29,1,-101,-100,-101,-99,-127,1137,107920,55,1270,0,156,78935,
978312992,5790,480,201326592,29,29,1,-101,-100,-101,-99,-127,1137,107920,55,1270,0,156,78930,
978312997,5796,480,201326592,29,29,1,-101,-100,-101,-99,-127,1137,107920,55,1270,0,156,78924,
978313002,5801,480,201326592,29,29,1,-101,-100,-101,-99,-129,1137,107920,55,1270,0,156,78919,
978313007,5806,480,201326592,29,29,1,-101,-100,-101,-99,-127,1137,107920,55,1270,0,156,78914,
978313012,5811,480,201326592,29,29,1,-101,-100,-101,-99,-126,1137,107920,55,1270,0,156,78909,
978313017,5816,480,201326592,30,29,1,-101,-100,-101,-99,-126,1140,108200,55,1270,0,157,78904,
978313023,5821,480,201326592,29,29,1,-101,-100,-101,-99,-133,1140,108200,55,1270,0,157,78899,
978313028,5826,480,201326592,29,29,1,-101,-100,-101,-99,-129,1140,108200,55,1270,0,157,78894,
978313033,5831,480,201326592,29,29,1,-101,-100,-101,-99,-128,1140,108200,55,1270,0,157,78889,
978313038,5836,480,201326592,29,29,1,-101,-100,-101,-99,-130,1140,108200,55,1270,0,157,78884,
978313043,5841,480,201326592,29,29,1,-101,-100,-101,-99,-128,1140,108200,55,1270,0,157,78879,
978313048,5847,480,201326592,29,29,1,-101,-100,-101,-99,-127,1143,108480,55,1270,0,158,78873,
978313053,5852,480,201326592,29,29,1,-101,-100,-101,-99,-128,1143,108480,55,1270,0,158,78868,
978313059,5857,480,201326592,29,29,1,-101,-100,-101,-99,-126,1143,108480,55,1270,0,158,78863,
978313064,5862,480,201326592,29,29,1,-101,-100,-101,-99,-127,1143,108480,55,1270,0,158,78858,
978313069,5867,480,201326592,29,29,1,-101,-100,-101,-99,-129,1143,108480,55,1270,0,158,78853,
978313074,5873,480,201326592,29,29,1,-101,-100,-101,-99,-129,1143,108480,55,1270,0,158,78847,
978313079,5878,480,201326592,29,29,1,-101,-100,-101,-99,-126,1146,108760,55,1270,0,159,78842,
978313084,5883,480,201326592,29,29,1,-101,-100,-101,-99,-127,1146,108760,55,1270,0,159,78837,
978313089,5888,480,201326592,29,29,1,-101,-100,-101,-99,-128,1146,108760,55,1270,0,159,78832,
978313094,5893,480,201326592,29,29,1,-101,-100,-101,-99,-129,1146,108760,55,1270,0,159,78827,
978313100,5898,480,201326592,29,29,1,-101,-100,-101,-99,-128,1146,108760,55,1270,0,159,78822,
978313105,5903,480,201326592,29,29,1,-101,-100,-101,-99,-126,1146,108760,55,1270,0,159,78817,
978313110,5908,480,201326592,29,29,1,-101,-100,-101,-99,-124,1147,108854,55,1270,0,160,78812,
978313115,5913,480,201326592,29,29,1,-101,-100,-101,-99,-131,1149,109040,55,1270,0,160,78807,
978313120,5918,480,201326592,29,29,1,-101,-100,-101,-99,-126,1149,109040,55,1270,0,160,78802,
978313125,5924,480,201326592,29,29,1,-101,-100,-101,-99,-127,1149,109040,55,1270,0,160,78796,
978313130,5929,480,201326592,29,29,1,-101,-100,-101,-99,-127,1149,109040,55,1270,0,160,78791,
978313135,5934,480,201326592,29,29,1,-101,-100,-101,-99,-126,1149,109040,55,1270,0,160,78786,
978313140,5939,480,201326592,29,29,1,-101,-100,-101,-99,-128,1149,109040,55,1270,0,160,78781,
978313145,5944,480,201326592,29,29,1,-101,-100,-101,-99,-127,1152,109320,55,1270,0,161,78776,
978313151,5949,480,201326592,29,29,1,-101,-100,-101,-99,-130,1152,109320,55,1270,0,161,78771,
978313156,5954,480,201326592,29,29,1,-101,-100,-101,-99,-125,1152,109320,55,1270,0,161,78766,
978313161,5959,480,201326592,29,29,1,-101,-100,-101,-99,-128,1152,109320,55,1270,0,161,78761,
978313166,5964,480,201326592,29,29,1,-101,-100,-101,-99,-126,1152,109320,55,1270,0,161,78756,
978313171,5969,480,201326592,29,29,1,-101,-100,-101,-99,-130,1152,109320,55,1270,0,161,78751,
978313176,5975,480,201326592,29,29,1,-101,-100,-101,-99,-128,1155,109600,55,1270,0,162,78745,
978313181,5980,480,201326592,29,29,1,-101,-100,-101,-99,-126,1155,109600,55,1270,0,162,78740,
978313186,5985,480,201326592,29,29,1,-101,-100,-101,-99,-127,1155,109600,55,1270,0,162,78735,
978313191,5990,480,201326592,29,29,1,-101,-100,-101,-99,-127,1155,109600,55,1270,0,162,78730,
978313196,5995,480,201326592,29,29,1,-101,-100,-101,-99,-128,1155,109600,55,1270,0,162,78725,
978313202,6000,480,201326592,29,29,1,-101,-100,-101,-99,-130,1155,109600,55,1270,0,162,78720,
978313207,6005,480,201326592,29,29,1,-101,-100,-101,-99,-131,1158,109880,55,1270,0,163,78715,
978313212,6010,480,201326592,29,29,1,-101,-100,-101,-99,-126,1158,109880,55,1270,0,163,78710,
978313217,6015,480,201326592,29,29,1,-101,-100,-101,-99,-128,1158,109880,55,1270,0,163,78705,
978313222,6020,480,201326592,29,29,1,-101,-100,-101,-99,-127,1158,109880,55,1270,0,163,78700,
978313227,6026,480,201326592,29,29,1,-101,-100,-101,-99,-130,1158,109880,55,1270,0,163,78694,
978313232,6031,480,201326592,29,29,1,-101,-100,-101,-99,-127,1158,109880,55,1270,0,163,78689,
978313237,6036,480,201326592,29,29,1,-101,-100,-101,-99,-128,1161,110160,55,1270,0,164,78684,
978313242,6041,480,201326592,29,29,1,-101,-100,-101,-99,-131,1161,110160,55,1270,0,164,78679,
978313247,6046,480,201326592,29,29,1,-101,-100,-101,-99,-126,1161,110160,55,1270,0,164,78674,
978313253,6051,480,201326592,29,29,1,-101,-100,-101,-99,-126,1161,110160,55,1270,0,164,78669,
978313258,6056,480,201326592,29,29,1,-101,-100,-101,-99,-129,1161,110160,55,1270,0,164,78664,
978313263,6061,480,201326592,29,29,1,-101,-100,-101,-99,-132,1161,110160,55,1270,0,164,78659,
978313268,6066,480,201326592,30,29,1,-101,-100,-101,-99,-128,1164,110440,55,1270,0,165,78654,
978313273,6071,480,201326592,29,29,1,-101,-100,-101,-99,-127,1164,110440,55,1270,0,165,78649,
978313278,6077,480,201326592,29,29,1,-101,-100,-101,-99,-130,1164,110440,55,1270,0,165,78644,
978313283,6082,480,201326592,29,29,1,-101,-100,-101,-99,-132,1164,110440,55,1270,0,165,78638,
978313288,6087,480,201326592,29,29,1,-101,-100,-101,-99,-131,1164,110440,55,1270,0,165,78633,
978313293,6092,480,201326592,29,29,1,-101,-100,-101,-99,-128,1164,110440,55,1270,0,165,78628,
978313298,6097,480,201326592,30,29,1,-101,-100,-101,-99,-130,1167,110720,55,1270,0,166,78623,
978313304,6102,480,201326592,29,29,1,-101,-100,-101,-99,-128,1167,110720,55,1270,0,166,78618,
978313309,6107,480,201326592,29,29,1,-101,-100,-101,-99,-129,1167,110720,55,1270,0,166,78613,
978313314,6113,480,201326592,29,29,1,-101,-100,-101,-99,-132,1167,110720,55,1270,0,166,78607,
978313319,6118,480,201326592,29,29,1,-101,-100,-101,-99,-130,1167,110720,55,1270,0,166,78602,
978313324,6123,480,201326592,29,29,1,-101,-100,-101,-99,-130,1167,110720,55,1270,0,166,78597,
978313330,6128,480,201326592,30,29,1,-101,-100,-101,-99,-130,1170,111000,55,1270,0,167,78592,
978313335,6133,480,201326592,29,29,1,-101,-100,-101,-99,-130,1178,111096,55,1270,0,167,78587,
978313340,6138,480,201326592,29,29,1,-101,-100,-101,-99,-129,1178,111096,55,1270,0,167,78582,
978313345,6143,480,201326592,29,29,1,-101,-100,-101,-99,-129,1178,111096,55,1270,0,167,78577,
978313350,6148,480,201326592,29,29,1,-101,-100,-101,-99,-130,1178,111096,55,1270,0,167,78572,
978313355,6154,480,201326592,29,29,1,-101,-100,-101,-99,-130,1178,111096,55,1270,0,167,78566,
978313360,6159,480,201326592,29,29,1,-101,-100,-101,-99,-131,1178,111096,55,1270,0,167,78561,
978313365,6164,480,201326592,30,29,1,-101,-100,-101,-99,-129,1181,111376,55,1270,0,168,78556,
978313370,6169,480,201326592,29,29,1,-101,-100,-101,-99,-130,1181,111376,55,1270,0,168,78551,
978313375,6174,480,201326592,29,29,1,-101,-100,-101,-99,-130,1181,111376,55,1270,0,168,78546,
978313381,6179,480,201326592,29,29,1,-101,-100,-101,-99,-127,1181,111376,55,1270,0,168,78541,
978313386,6184,480,201326592,29,29,1,-101,-100,-101,-99,-131,1181,111376,55,1270,0,168,78536,
978313391,6189,480,201326592,29,29,1,-101,-100,-101,-99,-129,1181,111376,55,1270,0,168,78531,
978313396,6194,480,201326592,30,29,1,-101,-100,-101,-99,-128,1184,111656,55,1270,0,169,78526,
978313401,6199,480,201326592,29,29,1,-101,-100,-101,-99,-131,1184,111656,55,1270,0,169,78521,
978313406,6205,480,201326592,29,30,1,-101,-100,-101,-99,-128,1184,111656,55,1270,0,169,78515,
978313411,6210,480,201326592,29,30,1,-101,-100,-101,-99,-130,1184,111656,55,1270,0,169,78510,
978313416,6215,480,201326592,29,30,1,-101,-100,-101,-99,-130,1184,111656,55,1270,0,169,78505,
978313421,6220,480,201326592,29,30,1,-101,-100,-101,-99,-131,1184,111656,55,1270,0,169,78500,
978313426,6225,480,201326592,30,30,1,-101,-100,-101,-99,-128,1187,111936,55,1270,0,170,78495,
978313432,6230,480,201326592,29,30,1,-101,-100,-101,-99,-130,1187,111936,55,1270,0,170,78490,
978313437,6235,480,201326592,29,30,1,-101,-100,-101,-99,-130,1187,111936,55,1270,0,170,78485,
978313442,6240,480,201326592,29,30,1,-101,-100,-101,-99,-128,1187,111936,55,1270,0,170,78480,
978313447,6245,480,201326592,29,30,1,-101,-100,-101,-99,-130,1187,111936,55,1270,0,170,78475,
978313452,6250,480,201326592,29,30,1,-101,-100,-101,-99,-131,1187,111936,55,1270,0,170,78470,
978313457,6256,480,201326592,30,30,1,-101,-100,-101,-99,-126,1190,112216,55,1270,0,171,78464,
978313462,6261,480,201326592,29,30,1,-101,-100,-101,-99,-128,1190,112216,55,1270,0,171,78459,
978313467,6266,480,201326592,29,30,1,-101,-100,-101,-99,-129,1190,112216,55,1270,0,171,78454,
978313472,6271,480,201326592,29,30,1,-101,-100,-101,-99,-131,1190,112216,55,1270,0,171,78449,
978313477,6276,480,201326592,29,30,1,-101,-100,-101,-99,-128,1190,112216,55,1270,0,171,78444,
978313483,6281,480,201326592,29,30,1,-101,-100,-101,-99,-128,1190,112216,55,1270,0,171,78439,
978313488,6286,480,201326592,30,30,1,-101,-100,-101,-99,-127,1192,112404,55,1270,0,172,78434,
978313493,6291,480,201326592,30,30,1,-101,-100,-101,-99,-130,1193,112496,55,1270,0,172,78429,
978313498,6296,480,201326592,29,30,1,-101,-100,-101,-99,-130,1193,112496,55,1270,0,172,78424,
978313503,6301,480,201326592,29,30,1,-101,-100,-101,-99,-132,1193,112496,55,1270,0,172,78419,
978313508,6307,480,201326592,29,30,1,-101,-100,-101,-99,-128,1193,112496,55,1270,0,172,78413,
978313513,6312,480,201326592,29,30,1,-101,-100,-101,-99,-130,1193,112496,55,1270,0,172,78408,
978313518,6317,480,201326592,29,30,1,-101,-100,-101,-99,-126,1193,112496,55,1270,0,172,78403,
978313523,6322,480,201326592,30,30,1,-101,-100,-101,-99,-129,1196,112776,55,1270,0,173,78398,
978313528,6327,480,201326592,30,30,1,-101,-100,-101,-99,-130,1196,112776,55,1270,0,173,78393,
978313534,6332,480,201326592,29,30,1,-101,-100,-101,-99,-129,1196,112776,55,1270,0,173,78388,
978313539,6337,480,201326592,29,30,1,-101,-100,-101,-99,-132,1196,112776,55,1270,0,173,78383,
978313544,6342,480,201326592,29,30,1,-101,-100,-101,-99,-130,1196,112776,55,1270,0,173,78378,
978313549,6347,480,201326592,29,30,1,-101,-100,-101,-99,-130,1196,112776,55,1270,0,173,78373,
978313554,6352,480,201326592,30,30,1,-101,-100,-101,-99,-132,1199,113056,55,1270,0,174,78368,
978313559,6358,480,201326592,30,30,1,-101,-100,-101,-99,-129,1199,113056,55,1270,0,174,78362,
978313564,6363,480,201326592,30,30,1,-101,-100,-101,-99,-129,1199,113056,55,1270,0,174,78357,
978313570,6368,480,201326592,30,30,1,-101,-100,-101,-99,-129,1199,113056,55,1270,0,174,78352,
978313575,6373,480,201326592,30,30,1,-101,-100,-101,-99,-131,1199,113056,55,1270,0,174,78347,
978313580,6378,480,201326592,29,30,1,-101,-100,-101,-99,-130,1199,113056,55,1270,0,174,78342,
978313585,6384,480,201326592,30,30,1,-101,-100,-101,-99,-128,1202,113336,55,1270,0,175,78336,
978313590,6389,480,201326592,30,30,1,-101,-100,-101,-99,-129,1202,113336,55,1270,0,175,78331,
978313595,6394,480,201326592,30,30,1,-101,-100,-101,-99,-130,1202,113336,55,1270,0,175,78326,
978313600,6399,480,201326592,30,30,1,-101,-100,-101,-99,-130,1202,113336,55,1270,0,175,78321,
978313605,6404,480,201326592,30,30,1,-101,-100,-101,-99,-131,1202,113336,55,1270,0,175,78316,
978313611,6409,480,201326592,30,30,1,-101,-100,-101,-99,-131,1202,113336,55,1270,0,175,78311,
978313616,6414,480,201326592,30,30,1,-101,-100,-101,-99,-129,1205,113616,55,1270,0,176,78306,
978313621,6419,480,201326592,30,30,1,-101,-100,-101,-99,-131,1205,113616,55,1270,0,176,78301,
978313626,6424,480,201326592,30,30,1,-101,-100,-101,-99,-131,1205,113616,55,1270,0,176,78296,
978313631,6429,480,201326592,30,30,1,-101,-100,-101,-99,-130,1205,113616,55,1270,0,176,78291,
978313636,6435,480,201326592,30,30,1,-101,-100,-101,-99,-131,1205,113616,55,1270,0,176,78285,
978313641,6440,480,201326592,30,30,1,-101,-100,-101,-99,-129,1205,113616,55,1270,0,176,78280,
978313646,6445,480,201326592,30,30,1,-101,-100,-101,-99,-130,1208,113896,55,1270,0,177,78275,
978313651,6450,480,201326592,30,30,1,-101,-100,-101,-99,-128,1208,113896,55,1270,0,177,78270,
978313656,6455,480,201326592,30,30,1,-101,-100,-101,-99,-129,1208,113896,55,1270,0,177,78265,
978313662,6460,480,201326592,30,30,1,-101,-100,-101,-99,-130,1208,113896,55,1270,0,177,78260,
978313667,6465,480,201326592,30,30,1,-101,-100,-101,-99,-132,1208,113896,55,1270,0,177,78255,
978313672,6470,480,201326592,30,30,1,-101,-100,-101,-99,-128,1208,113896,55,1270,0,177,78250,
978313677,6475,480,201326592,30,30,1,-101,-100,-101,-99,-131,1211,114176,55,1270,0,178,78245,
978313682,6480,480,201326592,30,30,1,-101,-100,-101,-99,-129,1211,114176,55,1270,0,178,78240,
978313687,6486,480,201326592,30,30,1,-101,-100,-101,-99,-129,1211,114176,55,1270,0,178,78234,
978313692,6491,480,201326592,30,30,1,-101,-100,-101,-99,-131,1211,114176,55,1270,0,178,78229,
978313697,6496,480,201326592,30,30,1,-101,-100,-101,-99,-131,1211,114176,55,1270,0,178,78224,
978313702,6501,480,201326592,30,30,1,-101,-100,-101,-99,-130,1211,114176,55,1270,0,178,78219,
978313707,6506,480,201326592,30,30,1,-101,-100,-101,-99,-130,1214,114456,55,1270,0,179,78214,
978313713,6511,480,201326592,30,30,1,-101,-100,-101,-99,-131,1214,114456,55,1270,0,179,78209,
978313718,6516,480,201326592,30,30,1,-101,-100,-101,-99,-132,1214,114456,55,1270,0,179,78204,
978313723,6521,480,201326592,30,30,1,-101,-100,-101,-99,-131,1214,114456,55,1270,0,179,78199,
978313728,6526,480,201326592,30,30,1,-101,-100,-101,-99,-129,1214,114456,55,1270,0,179,78194,
978313733,6531,480,201326592,30,30,1,-101,-100,-101,-99,-128,1214,114456,55,1270,0,179,78189,
978313738,6537,480,201326592,30,30,1,-101,-100,-101,-99,-131,1217,114736,55,1270,0,180,78183,
978313743,6542,480,201326592,30,30,1,-101,-100,-101,-99,-132,1217,114736,55,1270,0,180,78178,
978313748,6547,480,201326592,30,30,1,-101,-100,-101,-99,-131,1217,114736,55,1270,0,180,78173,
978313753,6552,480,201326592,30,30,1,-101,-100,-101,-99,-131,1217,114736,55,1270,0,180,78168,
978313758,6557,480,201326592,30,30,1,-101,-100,-101,-99,-130,1217,114736,55,1270,0,180,78163,
978313764,6562,480,201326592,30,30,1,-101,-100,-101,-99,-129,1217,114736,55,1270,0,180,78158,
978313769,6567,480,201326592,30,30,1,-101,-100,-101,-99,-128,1220,115016,55,1270,0,181,78153,
978313774,6572,480,201326592,30,30,1,-101,-100,-101,-99,-130,1220,115016,55,1270,0,181,78148,
978313779,6577,480,201326592,30,30,1,-101,-100,-101,-99,-130,1220,115016,55,1270,0,181,78143,
978313784,6582,480,201326592,30,30,1,-101,-100,-101,-99,-128,1220,115016,55,1270,0,181,78138,
978313789,6588,480,201326592,30,30,1,-101,-100,-101,-99,-130,1220,115016,55,1270,0,181,78132,
978313794,6593,480,201326592,30,30,1,-101,-100,-101,-99,-130,1220,115016,55,1270,0,181,78127,
978313799,6598,480,201326592,30,30,1,-101,-100,-101,-99,-125,1222,115204,55,1270,0,182,78122,
978313804,6603,480,201326592,30,30,1,-101,-100,-101,-99,-131,1223,115296,55,1270,0,182,78117,
978313809,6608,480,201326592,30,30,1,-101,-100,-101,-99,-127,1223,115296,55,1270,0,182,78112,
978313815,6613,480,201326592,30,30,1,-101,-100,-101,-99,-130,1223,115296,55,1270,0,182,78107,
978313820,6618,480,201326592,30,30,1,-101,-100,-101,-99,-130,1223,115296,55,1270,0,182,78102,
978313825,6624,480,201326592,30,30,1,-101,-100,-101,-99,-131,1223,115296,55,1270,0,182,78096,
978313830,6629,480,201326592,30,30,1,-101,-100,-101,-99,-126,1225,115484,55,1270,0,183,78091,
978313835,6634,480,201326592,30,30,1,-101,-100,-101,-99,-128,1226,115576,55,1270,0,183,78086,
978313841,6639,480,201326592,30,30,1,-101,-100,-101,-99,-130,1226,115576,55,1270,0,183,78081,
978313846,6644,480,201326592,30,30,1,-101,-100,-101,-99,-131,1226,115576,55,1270,0,183,78076,
978313851,6649,480,201326592,30,30,1,-101,-100,-101,-99,-131,1226,115576,55,1270,0,183,78071,
978313856,6654,480,201326592,30,30,1,-101,-100,-101,-99,-131,1226,115576,55,1270,0,183,78066,
978313861,6659,480,201326592,30,30,1,-101,-100,-101,-99,-128,1227,115670,55,1270,0,184,78061,
978313866,6665,480,201326592,30,30,1,-101,-100,-101,-99,-132,1229,115856,55,1270,0,184,78055,
978313871,6670,480,201326592,30,30,1,-101,-100,-101,-99,-132,1229,115856,55,1270,0,184,78050,
978313876,6675,480,201326592,30,30,1,-101,-100,-101,-99,-130,1229,115856,55,1270,0,184,78045,
978313881,6680,480,201326592,30,30,1,-101,-100,-101,-99,-129,1229,115856,55,1270,0,184,78040,
978313886,6685,480,201326592,30,30,1,-101,-100,-101,-99,-127,1229,115856,55,1270,0,184,78035,
978313892,6690,480,201326592,30,30,1,-101,-100,-101,-99,-132,1229,115856,55,1270,0,184,78030,
978313897,6695,480,201326592,30,30,1,-101,-100,-101,-99,-129,1232,116136,55,1270,0,185,78025,
978313902,6700,480,201326592,30,30,1,-101,-100,-101,-99,-129,1232,116136,55,1270,0,185,78020,
978313907,6705,480,201326592,30,30,1,-101,-100,-101,-99,-128,1232,116136,55,1270,0,185,78015,
978313912,6710,480,201326592,30,30,1,-101,-100,-101,-99,-129,1232,116136,55,1270,0,185,78010,
978313917,6716,480,201326592,30,30,1,-101,-100,-101,-99,-129,1232,116136,55,1270,0,185,78004,
978313922,6721,480,201326592,30,30,1,-101,-100,-101,-99,-129,1232,116136,55,1270,0,185,77999,
978313927,6726,480,201326592,30,30,1,-101,-100,-101,-99,-129,1235,116416,55,1270,0,186,77994,
978313932,6731,480,201326592,30,30,1,-101,-100,-101,-99,-130,1235,116416,55,1270,0,186,77989,
978313937,6736,480,201326592,30,30,1,-101,-100,-101,-99,-128,1235,116416,55,1270,0,186,77984,
978313943,6741,480,201326592,30,30,1,-101,-100,-101,-99,-130,1235,116416,55,1270,0,186,77979,
978313948,6746,480,201326592,29,30,1,-101,-100,-101,-99,-127,1235,116416,55,1270,0,186,77974,
978313953,6751,480,201326592,29,30,1,-101,-100,-101,-99,-128,1235,116416,55,1270,0,186,77969,
978313958,6757,480,201326592,30,30,1,-101,-100,-101,-99,-129,1238,116696,55,1270,0,187,77963,
978313963,6762,480,201326592,30,30,1,-101,-100,-101,-99,-128,1238,116696,55,1270,0,187,77958,
978313968,6767,480,201326592,30,30,1,-101,-100,-101,-99,-131,1238,116696,55,1270,0,187,77953,
978313973,6772,480,201326592,30,30,1,-101,-100,-101,-99,-130,1238,116696,55,1270,0,187,77948,
978313978,6777,480,201326592,29,30,1,-101,-100,-101,-99,-128,1238,116696,55,1270,0,187,77943,
978313984,6782,480,201326592,29,30,1,-101,-100,-101,-99,-129,1238,116696,55,1270,0,187,77938,
978313989,6787,480,201326592,30,30,1,-101,-100,-101,-99,-128,1241,116976,55,1270,0,188,77933,
978313994,6792,480,201326592,30,30,1,-101,-100,-101,-99,-130,1241,116976,55,1270,0,188,77928,
978313999,6797,480,201326592,30,30,1,-101,-100,-101,-99,-130,1241,116976,55,1270,0,188,77923,
978314004,6802,480,201326592,30,30,1,-101,-100,-101,-99,-129,1241,116976,55,1270,0,188,77918,
978314009,6808,480,201326592,29,30,1,-101,-100,-101,-99,-128,1241,116976,55,1270,0,188,77912,
978314014,6813,480,201326592,29,30,1,-101,-100,-101,-99,-128,1241,116976,55,1270,0,188,77907,
978314019,6818,480,201326592,30,30,1,-101,-100,-101,-99,-129,1244,117256,55,1270,0,189,77902,
978314024,6823,480,201326592,30,30,1,-101,-100,-101,-99,-125,1244,117256,55,1270,0,189,77897,
978314029,6828,480,201326592,30,30,1,-101,-100,-101,-99,-129,1244,117256,55,1270,0,189,77892,
978314035,6833,480,201326592,29,30,1,-101,-100,-101,-99,-126,1244,117256,55,1270,0,189,77887,
978314040,6838,480,201326592,29,30,1,-101,-100,-101,-99,-128,1244,117256,55,1270,0,189,77882,
978314045,6843,480,201326592,29,30,1,-101,-100,-101,-99,-128,1244,117256,55,1270,0,189,77877,
978314050,6848,480,201326592,30,30,1,-101,-100,-101,-99,-128,1247,117536,55,1270,0,190,77872,
978314055,6853,480,201326592,30,30,1,-101,-100,-101,-99,-129,1247,117536,55,1270,0,190,77867,
978314060,6859,480,201326592,29,30,1,-101,-100,-101,-99,-128,1247,117536,55,1270,0,190,77862,
978314065,6864,480,201326592,29,30,1,-101,-100,-101,-99,-128,1247,117536,55,1270,0,190,77856,
978314070,6869,480,201326592,29,30,1,-101,-100,-101,-99,-129,1247,117536,55,1270,0,190,77851,
978314075,6874,480,201326592,29,30,1,-101,-100,-101,-99,-127,1247,117536,55,1270,0,190,77846,
978314081,6879,480,201326592,30,30,1,-101,-100,-101,-99,-128,1250,117816,55,1270,0,191,77841,
978314086,6885,480,201326592,30,30,1,-101,-100,-101,-99,-126,1250,117816,55,1270,0,191,77836,
978314091,6890,480,201326592,29,30,1,-101,-100,-101,-99,-127,1250,117816,55,1270,0,191,77830,
978314096,6895,480,201326592,29,30,1,-101,-100,-101,-99,-128,1250,117816,55,1270,0,191,77825,
978314101,6900,480,201326592,29,30,1,-101,-100,-101,-99,-127,1250,117816,55,1270,0,191,77820,
978314106,6905,480,201326592,29,30,1,-101,-100,-101,-99,-129,1250,117816,55,1270,0,191,77815,
978314112,6910,480,201326592,30,30,1,-101,-100,-101,-99,-129,1253,118096,55,1270,0,192,77810,
978314117,6915,480,201326592,30,30,1,-101,-100,-101,-99,-129,1253,118096,55,1270,0,192,77805,
978314122,6920,480,201326592,29,30,1,-101,-100,-101,-99,-128,1253,118096,55,1270,0,192,77800,
978314127,6925,480,201326592,29,30,1,-101,-100,-101,-99,-130,1254,118108,55,1270,0,192,77795,
978314132,6930,480,201326592,29,30,1,-101,-100,-101,-99,-128,1254,118108,55,1270,0,192,77790,
978314137,6936,480,201326592,29,30,1,-101,-100,-101,-99,-130,1254,118108,55,1270,0,192,77785,
978314142,6941,480,201326592,29,30,1,-101,-100,-101,-99,-128,1254,118108,55,1270,0,192,77779,
978314147,6946,480,201326592,29,30,1,-101,-100,-101,-99,-132,1254,118108,55,1270,0,192,77774,
978314152,6951,480,201326592,29,30,1,-101,-100,-101,-99,-128,1254,118108,55,1270,0,192,77769,
978314157,6956,480,201326592,30,30,1,-101,-100,-101,-99,-131,1257,118388,55,1270,0,193,77764,
978314163,6961,480,201326592,29,30,1,-101,-100,-101,-99,-129,1257,118388,55,1270,0,193,77759,
978314168,6966,480,201326592,29,30,1,-101,-100,-101,-99,-129,1257,118388,55,1270,0,193,77754,
978314173,6971,480,201326592,29,30,1,-101,-100,-101,-99,-131,1257,118388,55,1270,0,193,77749,
978314178,6976,480,201326592,29,30,1,-101,-100,-101,-99,-129,1257,118388,55,1270,0,193,77744,
978314183,6981,480,201326592,29,30,1,-101,-100,-101,-99,-129,1257,118388,55,1270,0,193,77739,
978314188,6987,480,201326592,30,30,1,-101,-100,-101,-99,-129,1260,118668,55,1270,0,194,77733,
978314193,6992,480,201326592,29,30,1,-101,-100,-101,-99,-129,1260,118668,55,1270,0,194,77728,
978314198,6997,480,201326592,29,30,1,-101,-100,-101,-99,-130,1260,118668,55,1270,0,194,77723,
978314203,7002,480,201326592,29,30,1,-101,-100,-101,-99,-128,1260,118668,55,1270,0,194,77718,
978314208,7007,480,201326592,29,30,1,-101,-100,-101,-99,-128,1260,118668,55,1270,0,194,77713,
978314214,7012,480,201326592,29,30,1,-101,-100,-101,-99,-130,1260,118668,55,1270,0,194,77708,
978314219,7017,480,201326592,30,30,1,-101,-100,-101,-99,-131,1263,118948,55,1270,0,195,77703,
978314224,7022,480,201326592,29,30,1,-101,-100,-101,-99,-130,1264,118960,55,1270,0,195,77698,
978314229,7027,480,201326592,29,30,1,-101,-100,-101,-99,-129,1264,118960,55,1270,0,195,77693,
978314234,7032,480,201326592,29,30,1,-101,-100,-101,-99,-131,1264,118960,55,1270,0,195,77688,
978314239,7038,480,201326592,29,30,1,-101,-100,-101,-99,-130,1264,118960,55,1270,0,195,77682,
978314244,7043,480,201326592,29,30,1,-101,-100,-101,-99,-129,1264,118960,55,1270,0,195,77677,
978314249,7048,480,201326592,29,30,1,-101,-100,-101,-99,-128,1264,118960,55,1270,0,195,77672,
978314254,7053,480,201326592,30,30,1,-101,-100,-101,-99,-131,1267,119240,55,1270,0,196,77667,
978314259,7058,480,201326592,29,30,1,-101,-100,-101,-99,-129,1267,119240,55,1270,0,196,77662,
978314265,7063,480,201326592,29,30,1,-101,-100,-101,-99,-128,1267,119240,55,1270,0,196,77657,
978314270,7068,480,201326592,29,30,1,-101,-100,-101,-99,-131,1267,119240,55,1270,0,196,77652,
978314275,7073,480,201326592,29,30,1,-101,-100,-101,-99,-129,1267,119240,55,1270,0,196,77647,
978314280,7078,480,201326592,29,30,1,-101,-100,-101,-99,-131,1267,119240,55,1270,0,196,77642,
978314285,7083,480,201326592,30,30,1,-101,-100,-101,-99,-131,1270,119520,55,1270,0,197,77637,
978314290,7089,480,201326592,29,30,1,-101,-100,-101,-99,-128,1270,119520,55,1270,0,197,77632,
978314295,7094,480,201326592,29,30,1,-101,-100,-101,-99,-129,1270,119520,55,1270,0,197,77626,
978314300,7099,480,201326592,29,30,1,-101,-100,-101,-99,-130,1270,119520,55,1270,0,197,77621,
978314305,7104,480,201326592,29,30,1,-101,-100,-101,-99,-131,1270,119520,55,1270,0,197,77616,
978314310,7109,480,201326592,29,30,1,-101,-100,-101,-99,-129,1270,119520,55,1270,0,197,77611,
978314316,7114,480,201326592,30,30,1,-101,-100,-101,-99,-130,1273,119800,55,1270,0,198,77606,
978314321,7119,480,201326592,29,30,1,-101,-100,-101,-99,-130,1273,119800,55,1270,0,198,77601,
978314326,7124,480,201326592,29,30,1,-101,-100,-101,-99,-129,1273,119800,55,1270,0,198,77596,
978314331,7129,480,201326592,29,30,1,-101,-100,-101,-99,-130,1273,119800,55,1270,0,198,77591,
978314336,7135,480,201326592,29,30,1,-101,-100,-101,-99,-129,1273,119800,55,1270,0,198,77585,
978314342,7140,480,201326592,29,30,1,-101,-100,-101,-99,-132,1273,119800,55,1270,0,198,77580,
978314347,7145,480,201326592,30,30,1,-101,-100,-101,-99,-128,1276,120080,55,1270,0,199,77575,
978314352,7150,480,201326592,29,30,1,-101,-100,-101,-99,-132,1276,120080,55,1270,0,199,77570,
978314357,7155,480,201326592,29,30,1,-101,-100,-101,-99,-130,1276,120080,55,1270,0,199,77565,
978314362,7160,480,201326592,29,30,1,-101,-100,-101,-99,-129,1276,120080,55,1270,0,199,77560,
978314367,7166,480,201326592,29,30,1,-101,-100,-101,-99,-129,1276,120080,55,1270,0,199,77555,
978314372,7171,480,201326592,29,30,1,-101,-100,-101,-99,-129,1276,120080,55,1270,0,199,77549,
978314377,7176,480,201326592,30,30,1,-101,-100,-101,-99,-130,1279,120360,55,1270,0,200,77544,
978314382,7181,480,201326592,29,30,1,-101,-100,-101,-99,-131,1279,120360,55,1270,0,200,77539,
978314387,7186,480,201326592,29,30,1,-101,-100,-101,-99,-128,1279,120360,55,1270,0,200,77534,
978314393,7191,480,201326592,29,30,1,-101,-100,-101,-99,-129,1279,120360,55,1270,0,200,77529,
978314398,7196,480,201326592,29,30,1,-101,-100,-101,-99,-127,1279,120360,55,1270,0,200,77524,
978314403,7201,480,201326592,29,30,1,-101,-100,-101,-99,-130,1279,120360,55,1270,0,200,77519,
978314408,7206,480,201326592,30,30,1,-101,-100,-101,-99,-130,1282,120640,55,1270,0,201,77514,
978314413,7211,480,201326592,29,30,1,-101,-100,-101,-99,-130,1282,120640,55,1270,0,201,77509,
978314418,7217,480,201326592,29,30,1,-101,-100,-101,-99,-129,1282,120640,55,1270,0,201,77504,
978314423,7222,480,201326592,29,30,1,-101,-100,-101,-99,-127,1282,120640,55,1270,0,201,77498,
978314428,7227,480,201326592,29,30,1,-101,-100,-101,-99,-129,1282,120640,55,1270,0,201,77493,
978314433,7232,480,201326592,29,30,1,-101,-100,-101,-99,-130,1282,120640,55,1270,0,201,77488,
978314438,7237,480,201326592,29,29,1,-101,-100,-101,-99,-126,1284,120828,55,1270,0,202,77483,
978314443,7242,480,201326592,29,30,1,-101,-100,-101,-99,-131,1285,120920,55,1270,0,202,77478,
978314449,7247,480,201326592,29,30,1,-101,-100,-101,-99,-130,1285,120920,55,1270,0,202,77473,
978314454,7252,480,201326592,29,30,1,-101,-100,-101,-99,-130,1285,120920,55,1270,0,202,77468,
978314459,7257,480,201326592,29,29,1,-101,-100,-101,-99,-129,1285,120920,55,1270,0,202,77463,
978314464,7262,480,201326592,29,29,1,-101,-100,-101,-99,-129,1285,120920,55,1270,0,202,77458,
978314469,7268,480,201326592,29,29,1,-101,-100,-101,-99,-124,1286,121014,55,1270,0,203,77453,
978314474,7273,480,201326592,29,29,1,-101,-100,-101,-99,-128,1288,121200,55,1270,0,203,77447,
978314479,7278,480,201326592,29,29,1,-101,-100,-101,-99,-130,1288,121200,55,1270,0,203,77442,
978314484,7283,480,201326592,29,29,1,-101,-100,-101,-99,-129,1288,121200,55,1270,0,203,77437,
978314489,7288,480,201326592,29,29,1,-101,-100,-101,-99,-130,1288,121200,55,1270,0,203,77432,
978314494,7293,480,201326592,29,29,1,-101,-100,-101,-99,-130,1288,121200,55,1270,0,203,77427,
978314500,7298,480,201326592,29,29,1,-101,-100,-101,-99,-131,1288,121200,55,1270,0,203,77422,
978314505,7303,480,201326592,29,29,1,-101,-100,-101,-99,-130,1291,121480,55,1270,0,204,77417,
978314510,7308,480,201326592,29,29,1,-101,-100,-101,-99,-130,1291,121480,55,1270,0,204,77412,
978314515,7313,480,201326592,29,29,1,-101,-100,-101,-99,-131,1291,121480,55,1270,0,204,77407,
978314520,7319,480,201326592,29,29,1,-101,-100,-101,-99,-130,1291,121480,55,1270,0,204,77402,
978314525,7324,480,201326592,29,29,1,-101,-100,-101,-99,-128,1291,121480,55,1270,0,204,77396,
978314530,7329,480,201326592,29,29,1,-101,-100,-101,-99,-131,1291,121480,55,1270,0,204,77391,
978314535,7334,480,201326592,29,29,1,-101,-100,-101,-99,-128,1294,121760,55,1270,0,205,77386,
978314540,7339,480,201326592,29,29,1,-101,-100,-101,-99,-130,1294,121760,55,1270,0,205,77381,
978314545,7344,480,201326592,29,29,1,-101,-100,-101,-99,-129,1294,121760,55,1270,0,205,77376,
978314551,7349,480,201326592,29,29,1,-101,-100,-101,-99,-131,1294,121760,55,1270,0,205,77371,
978314556,7354,480,201326592,29,29,1,-101,-100,-101,-99,-128,1294,121760,55,1270,0,205,77366,
978314561,7359,480,201326592,29,29,1,-101,-100,-101,-99,-130,1294,121760,55,1270,0,205,77361,
978314566,7364,480,201326592,29,29,1,-101,-100,-101,-99,-131,1297,122040,55,1270,0,206,77356,
978314571,7370,480,201326592,29,29,1,-101,-100,-101,-99,-130,1297,122040,55,1270,0,206,77350,
978314576,7375,480,201326592,29,29,1,-101,-100,-101,-99,-131,1297,122040,55,1270,0,206,77345,
978314581,7380,480,201326592,29,29,1,-101,-100,-101,-99,-131,1297,122040,55,1270,0,206,77340,
978314586,7385,480,201326592,29,29,1,-101,-100,-101,-99,-131,1297,122040,55,1270,0,206,77335,
978314592,7390,480,201326592,29,29,1,-101,-100,-101,-99,-129,1297,122040,55,1270,0,206,77330,
978314597,7396,480,201326592,29,29,1,-101,-100,-101,-99,-129,1300,122320,55,1270,0,207,77324,
978314602,7401,480,201326592,29,29,1,-101,-100,-101,-99,-129,1300,122320,55,1270,0,207,77319,
978314607,7406,480,201326592,29,29,1,-101,-100,-101,-99,-130,1300,122320,55,1270,0,207,77314,
978314612,7411,480,201326592,29,29,1,-101,-100,-101,-99,-129,1300,122320,55,1270,0,207,77309,
978314617,7416,480,201326592,29,29,1,-101,-100,-101,-99,-129,1300,122320,55,1270,0,207,77304,
978314622,7421,480,201326592,29,29,1,-101,-100,-101,-99,-130,1300,122320,55,1270,0,207,77299,
978314628,7426,480,201326592,29,29,1,-101,-100,-101,-99,-130,1303,122600,55,1270,0,208,77294,
978314633,7431,480,201326592,29,29,1,-101,-100,-101,-99,-131,1303,122600,55,1270,0,208,77289,
978314638,7436,480,201326592,29,29,1,-101,-100,-101,-99,-128,1303,122600,55,1270,0,208,77284,
978314643,7441,480,201326592,29,29,1,-101,-100,-101,-99,-129,1303,122600,55,1270,0,208,77279,
978314648,7447,480,201326592,29,29,1,-101,-100,-101,-99,-128,1303,122600,55,1270,0,208,77273,
978314653,7452,480,201326592,29,29,1,-101,-100,-101,-99,-129,1303,122600,55,1270,0,208,77268,
978314658,7457,480,201326592,29,29,1,-101,-100,-101,-99,-129,1306,122880,55,1270,0,209,77263,
978314663,7462,480,201326592,29,29,1,-101,-100,-101,-99,-128,1306,122880,55,1270,0,209,77258,
978314668,7467,480,201326592,29,29,1,-101,-100,-101,-99,-128,1306,122880,55,1270,0,209,77253,
978314673,7472,480,201326592,29,29,1,-101,-100,-101,-99,-132,1306,122880,55,1270,0,209,77248,
978314679,7477,480,201326592,29,29,1,-101,-100,-101,-99,-130,1306,122880,55,1270,0,209,77243,
978314684,7482,480,201326592,29,29,1,-101,-100,-101,-99,-131,1306,122880,55,1270,0,209,77238,
978314689,7487,480,201326592,29,29,1,-101,-100,-101,-99,-130,1309,123160,55,1270,0,210,77233,
978314694,7492,480,201326592,29,29,1,-101,-100,-101,-99,-129,1309,123160,55,1270,0,210,77228,
978314699,7498,480,201326592,29,29,1,-101,-100,-101,-99,-131,1309,123160,55,1270,0,210,77222,
978314704,7503,480,201326592,29,29,1,-101,-100,-101,-99,-130,1309,123160,55,1270,0,210,77217,
978314709,7508,480,201326592,29,29,1,-101,-100,-101,-99,-131,1309,123160,55,1270,0,210,77212,
978314714,7513,480,201326592,29,29,1,-101,-100,-101,-99,-128,1309,123160,55,1270,0,210,77207,
978314719,7518,480,201326592,29,29,1,-101,-100,-101,-99,-131,1312,123440,55,1270,0,211,77202,
978314724,7523,480,201326592,29,29,1,-101,-100,-101,-99,-129,1312,123440,55,1270,0,211,77197,
978314730,7528,480,201326592,29,29,1,-101,-100,-101,-99,-130,1312,123440,55,1270,0,211,77192,
978314735,7533,480,201326592,29,29,1,-101,-100,-101,-99,-129,1312,123440,55,1270,0,211,77187,
978314740,7538,480,201326592,29,29,1,-101,-100,-101,-99,-130,1312,123440,55,1270,0,211,77182,
978314745,7543,480,201326592,29,29,1,-101,-100,-101,-99,-129,1312,123440,55,1270,0,211,77177,
978314750,7549,480,201326592,29,29,1,-101,-100,-101,-99,-127,1315,123720,55,1270,0,212,77171,
978314755,7554,480,201326592,29,29,1,-101,-100,-101,-99,-127,1315,123720,55,1270,0,212,77166,
978314760,7559,480,201326592,29,29,1,-101,-100,-101,-99,-133,1315,123720,55,1270,0,212,77161,
978314765,7564,480,201326592,29,29,1,-101,-100,-101,-99,-130,1315,123720,55,1270,0,212,77156,
978314770,7569,480,201326592,29,29,1,-101,-100,-101,-99,-128,1315,123720,55,1270,0,212,77151,
978314775,7574,480,201326592,29,29,1,-101,-100,-101,-99,-127,1315,123720,55,1270,0,212,77146,
978314781,7579,480,201326592,29,29,1,-101,-100,-101,-99,-129,1316,123814,55,1270,0,213,77141,
978314786,7584,480,201326592,29,29,1,-101,-100,-101,-99,-130,1318,124000,55,1270,0,213,77136,
978314791,7589,480,201326592,29,29,1,-101,-100,-101,-99,-130,1318,124000,55,1270,0,213,77131,
978314796,7594,480,201326592,29,29,1,-101,-100,-101,-99,-130,1318,124000,55,1270,0,213,77126,
978314801,7600,480,201326592,29,29,1,-101,-100,-101,-99,-130,1318,124000,55,1270,0,213,77120,
978314806,7605,480,201326592,28,29,1,-101,-100,-101,-99,-132,1318,124000,55,1270,0,213,77115,
978314811,7610,480,201326592,28,29,1,-101,-100,-101,-99,-130,1318,124000,55,1270,0,213,77110,
978314816,7615,480,201326592,29,29,1,-101,-100,-101,-99,-132,1321,124280,55,1270,0,214,77105,
978314821,7620,480,201326592,29,29,1,-101,-100,-101,-99,-130,1321,124280,55,1270,0,214,77100,
978314826,7625,480,201326592,29,29,1,-101,-100,-101,-99,-130,1321,124280,55,1270,0,214,77095,
978314832,7630,480,201326592,28,29,1,-101,-100,-101,-99,-129,1321,124280,55,1270,0,214,77090,
978314837,7635,480,201326592,28,29,1,-101,-100,-101,-99,-129,1321,124280,55,1270,0,214,77085,
978314842,7640,480,201326592,28,29,1,-101,-100,-101,-99,-130,1321,124280,55,1270,0,214,77080,
978314847,7646,480,201326592,29,29,1,-101,-100,-101,-99,-131,1324,124560,55,1270,0,215,77074,
978314852,7651,480,201326592,29,29,1,-101,-100,-101,-99,-130,1324,124560,55,1270,0,215,77069,
978314858,7656,480,201326592,28,29,1,-101,-100,-101,-99,-130,1324,124560,55,1270,0,215,77064,
978314863,7661,480,201326592,28,29,1,-101,-100,-101,-99,-130,1324,124560,55,1270,0,215,77059,
978314868,7666,480,201326592,28,29,1,-101,-100,-101,-99,-130,1324,124560,55,1270,0,215,77054,
978314873,7671,480,201326592,28,29,1,-101,-100,-101,-99,-129,1324,124560,55,1270,0,215,77049,
978314878,7677,480,201326592,29,29,1,-101,-100,-101,-99,-131,1327,124840,55,1270,0,216,77043,
978314883,7682,480,201326592,28,29,1,-101,-100,-101,-99,-128,1327,124840,55,1270,0,216,77038,
978314888,7687,480,201326592,28,29,1,-101,-100,-101,-99,-130,1327,124840,55,1270,0,216,77033,
978314893,7692,480,201326592,28,29,1,-101,-100,-101,-99,-131,1327,124840,55,1270,0,216,77028,
978314898,7697,480,201326592,28,29,1,-101,-100,-101,-99,-130,1327,124840,55,1270,0,216,77023,
