Reading;Sample;;Start Time;Duration;Max Time;Max;;Average;;Min Time;Min;;Description;Stop Time
1;21,7;°C;09.03.22 11:18:07,6;0:01:00,4;09.03.22 11:18:44,6;21,8;°C;21,6438271604938;°C;09.03.22 11:18:15,8;21,5;°C;Interval;09.03.22 11:19:08,0
2;21,6;°C;09.03.22 11:19:08,0;0:00:59,6;09.03.22 11:19:09,5;21,7;°C;21,623125;°C;09.03.22 11:19:08,0;21,6;°C;Interval;09.03.22 11:20:07,7
3;21,6;°C;09.03.22 11:20:07,7;0:01:00,1;09.03.22 11:20:08,0;21,7;°C;21,5894409937888;°C;09.03.22 11:20:30,1;21,5;°C;Interval;09.03.22 11:21:07,8
4;21,6;°C;09.03.22 11:21:07,8;0:01:00,0;09.03.22 11:21:30,8;21,7;°C;21,6006211180124;°C;09.03.22 11:21:08,1;21,5;°C;Interval;09.03.22 11:22:07,8
5;21,6;°C;09.03.22 11:22:07,8;0:01:00,1;09.03.22 11:22:44,7;21,7;°C;21,6037267080745;°C;09.03.22 11:22:07,8;21,6;°C;Interval;09.03.22 11:23:07,9
6;21,6;°C;09.03.22 11:23:07,9;0:01:00,1;09.03.22 11:23:32,1;21,8;°C;21,6689440993789;°C;09.03.22 11:23:07,9;21,6;°C;Interval;09.03.22 11:24:08,0
7;21,6;°C;09.03.22 11:24:08,0;0:00:59,9;09.03.22 11:24:18,0;21,8;°C;21,6552795031056;°C;09.03.22 11:24:08,0;21,6;°C;Interval;09.03.22 11:25:07,9
8;21,6;°C;09.03.22 11:25:07,9;0:00:59,8;09.03.22 11:25:15,1;21,7;°C;21,641875;°C;09.03.22 11:25:07,9;21,6;°C;Interval;09.03.22 11:26:07,7
9;21,6;°C;09.03.22 11:26:07,7;0:01:00,0;09.03.22 11:27:00,3;21,8;°C;21,6751552795031;°C;09.03.22 11:26:07,7;21,6;°C;Interval;09.03.22 11:27:07,7
10;21,8;°C;09.03.22 11:27:07,7;0:01:00,1;09.03.22 11:27:07,7;21,8;°C;21,6937888198758;°C;09.03.22 11:27:33,4;21,6;°C;Interval;09.03.22 11:28:07,8
11;21,7;°C;09.03.22 11:28:07,8;0:01:00,1;09.03.22 11:28:15,6;21,8;°C;21,7136645962733;°C;09.03.22 11:28:07,8;21,7;°C;Interval;09.03.22 11:29:07,9
12;21,8;°C;09.03.22 11:29:07,9;0:01:00,0;09.03.22 11:29:07,9;21,8;°C;21,7111801242236;°C;09.03.22 11:29:08,2;21,7;°C;Interval;09.03.22 11:30:07,9
13;21,7;°C;09.03.22 11:30:07,9;0:00:59,8;09.03.22 11:30:08,3;21,8;°C;21,7025;°C;09.03.22 11:31:03,8;21,6;°C;Interval;09.03.22 11:31:07,7
14;21,7;°C;09.03.22 11:31:07,7;0:01:00,4;09.03.22 11:31:28,9;21,8;°C;21,6993827160494;°C;09.03.22 11:31:08,0;21,6;°C;Interval;09.03.22 11:32:08,1
15;21,7;°C;09.03.22 11:32:08,1;0:00:59,7;09.03.22 11:32:08,1;21,7;°C;21,635625;°C;09.03.22 11:32:19,3;21,5;°C;Interval;09.03.22 11:33:07,7
16;21,6;°C;09.03.22 11:33:07,7;0:01:00,1;09.03.22 11:33:13,3;21,7;°C;21,6049689440994;°C;09.03.22 11:33:07,7;21,6;°C;Interval;09.03.22 11:34:07,8
17;21,6;°C;09.03.22 11:34:07,8;0:01:00,0;09.03.22 11:34:11,2;21,7;°C;21,6422360248447;°C;09.03.22 11:34:07,8;21,6;°C;Interval;09.03.22 11:35:07,9
18;21,7;°C;09.03.22 11:35:07,9;0:01:00,1;09.03.22 11:35:07,9;21,7;°C;21,6111801242236;°C;09.03.22 11:35:09,0;21,6;°C;Interval;09.03.22 11:36:08,0
19;21,5;°C;09.03.22 11:36:08,0;0:01:00,1;09.03.22 11:36:27,8;21,7;°C;21,6242236024845;°C;09.03.22 11:36:08,0;21,5;°C;Interval;09.03.22 11:37:08,1
20;21,7;°C;09.03.22 11:37:08,1;0:00:59,6;09.03.22 11:37:08,1;21,7;°C;21,596875;°C;09.03.22 11:37:42,0;21,5;°C;Interval;09.03.22 11:38:07,7
21;21,6;°C;09.03.22 11:38:07,7;0:01:00,1;09.03.22 11:38:52,1;21,7;°C;21,6062111801242;°C;09.03.22 11:38:07,7;21,6;°C;Interval;09.03.22 11:39:07,8
22;21,7;°C;09.03.22 11:39:07,8;0:01:00,0;09.03.22 11:39:07,8;21,7;°C;21,6273291925466;°C;09.03.22 11:39:08,1;21,6;°C;Interval;09.03.22 11:40:07,8
23;21,6;°C;09.03.22 11:40:07,8;0:01:00,1;09.03.22 11:40:17,8;21,7;°C;21,6347826086957;°C;09.03.22 11:40:07,8;21,6;°C;Interval;09.03.22 11:41:07,9
24;21,6;°C;09.03.22 11:41:07,9;0:01:00,1;09.03.22 11:41:12,0;21,7;°C;21,6136645962733;°C;09.03.22 11:41:07,9;21,6;°C;Interval;09.03.22 11:42:08,0
25;21,6;°C;09.03.22 11:42:08,0;0:01:00,0;09.03.22 11:42:12,0;21,7;°C;21,6142857142857;°C;09.03.22 11:43:00,1;21,5;°C;Interval;09.03.22 11:43:08,0
26;21,6;°C;09.03.22 11:43:08,0;0:00:59,8;09.03.22 11:43:42,0;21,7;°C;21,58375;°C;09.03.22 11:43:09,1;21,5;°C;Interval;09.03.22 11:44:07,8
27;21,7;°C;09.03.22 11:44:07,8;0:01:00,0;09.03.22 11:44:07,8;21,7;°C;21,6155279503106;°C;09.03.22 11:44:08,1;21,6;°C;Interval;09.03.22 11:45:07,7
28;21,6;°C;09.03.22 11:45:07,7;0:01:00,1;09.03.22 11:45:08,2;21,7;°C;21,6291925465839;°C;09.03.22 11:45:07,7;21,6;°C;Interval;09.03.22 11:46:07,8
29;21,6;°C;09.03.22 11:46:07,8;0:01:00,1;09.03.22 11:46:15,3;21,7;°C;21,5844720496894;°C;09.03.22 11:46:30,5;21,5;°C;Interval;09.03.22 11:47:07,9
30;21,6;°C;09.03.22 11:47:07,9;0:01:00,0;09.03.22 11:47:07,9;21,6;°C;21,5894409937888;°C;09.03.22 11:47:16,4;21,5;°C;Interval;09.03.22 11:48:07,9
31;21,6;°C;09.03.22 11:48:07,9;0:01:00,1;09.03.22 11:48:07,9;21,6;°C;21,5739130434783;°C;09.03.22 11:48:23,2;21,5;°C;Interval;09.03.22 11:49:07,9
32;21,5;°C;09.03.22 11:49:07,9;0:01:00,1;09.03.22 11:49:25,8;21,7;°C;21,5981366459627;°C;09.03.22 11:49:07,9;21,5;°C;Interval;09.03.22 11:50:08,0
33;21,6;°C;09.03.22 11:50:08,0;0:00:59,6;09.03.22 11:50:08,0;21,6;°C;21,578125;°C;09.03.22 11:50:10,6;21,5;°C;Interval;09.03.22 11:51:07,7
34;21,5;°C;09.03.22 11:51:07,7;0:01:00,1;09.03.22 11:51:20,8;21,6;°C;21,5329192546584;°C;09.03.22 11:51:07,7;21,5;°C;Interval;09.03.22 11:52:07,8
35;21,6;°C;09.03.22 11:52:07,8;0:01:00,0;09.03.22 11:52:07,8;21,6;°C;21,5869565217391;°C;09.03.22 11:52:21,8;21,5;°C;Interval;09.03.22 11:53:07,7
36;21,6;°C;09.03.22 11:53:07,7;0:01:00,1;09.03.22 11:53:24,9;21,7;°C;21,5993788819876;°C;09.03.22 11:53:10,7;21,5;°C;Interval;09.03.22 11:54:07,8
37;21,6;°C;09.03.22 11:54:07,8;0:01:00,1;09.03.22 11:54:07,8;21,6;°C;21,5714285714286;°C;09.03.22 11:54:10,3;21,5;°C;Interval;09.03.22 11:55:07,9
38;21,6;°C;09.03.22 11:55:07,9;0:01:00,0;09.03.22 11:55:07,9;21,6;°C;21,5850931677019;°C;09.03.22 11:55:37,0;21,5;°C;Interval;09.03.22 11:56:07,9
39;21,5;°C;09.03.22 11:56:07,9;0:00:59,8;09.03.22 11:56:12,8;21,6;°C;21,51125;°C;09.03.22 11:56:07,9;21,5;°C;Interval;09.03.22 11:57:07,7
40;21,6;°C;09.03.22 11:57:07,7;0:01:00,0;09.03.22 11:57:07,7;21,6;°C;21,5490683229814;°C;09.03.22 11:57:14,7;21,5;°C;Interval;09.03.22 11:58:07,7
41;21,5;°C;09.03.22 11:58:07,7;0:01:00,1;09.03.22 11:59:05,2;21,7;°C;21,5515527950311;°C;09.03.22 11:58:07,7;21,5;°C;Interval;09.03.22 11:59:07,7
42;21,6;°C;09.03.22 11:59:07,7;0:01:00,1;09.03.22 11:59:20,8;21,8;°C;21,6403726708075;°C;09.03.22 11:59:45,0;21,5;°C;Interval;09.03.22 12:00:07,9
43;21,7;°C;09.03.22 12:00:07,9;0:00:59,9;09.03.22 12:00:45,4;21,8;°C;21,6795031055901;°C;09.03.22 12:00:19,7;21,6;°C;Interval;09.03.22 12:01:07,8
44;21,7;°C;09.03.22 12:01:07,8;0:01:00,1;09.03.22 12:01:08,3;21,8;°C;21,7049689440994;°C;09.03.22 12:01:35,5;21,6;°C;Interval;09.03.22 12:02:07,9
45;21,7;°C;09.03.22 12:02:07,9;0:01:00,1;09.03.22 12:02:37,8;21,8;°C;21,7006211180124;°C;09.03.22 12:02:21,3;21,6;°C;Interval;09.03.22 12:03:08,0
46;21,7;°C;09.03.22 12:03:08,0;0:01:00,0;09.03.22 12:03:08,0;21,7;°C;21,6944099378882;°C;09.03.22 12:03:11,7;21,6;°C;Interval;09.03.22 12:04:08,0
47;21,7;°C;09.03.22 12:04:08,0;0:00:59,7;09.03.22 12:04:08,0;21,7;°C;21,654375;°C;09.03.22 12:04:13,2;21,6;°C;Interval;09.03.22 12:05:07,7
48;21,6;°C;09.03.22 12:05:07,7;0:01:00,0;09.03.22 12:05:09,9;21,7;°C;21,6049689440994;°C;09.03.22 12:05:07,7;21,6;°C;Interval;09.03.22 12:06:07,7
49;21,6;°C;09.03.22 12:06:07,7;0:01:00,1;09.03.22 12:06:31,6;21,7;°C;21,6453416149068;°C;09.03.22 12:06:07,7;21,6;°C;Interval;09.03.22 12:07:07,8
50;21,7;°C;09.03.22 12:07:07,8;0:01:00,1;09.03.22 12:07:07,8;21,7;°C;21,6130434782609;°C;09.03.22 12:07:09,2;21,6;°C;Interval;09.03.22 12:08:07,9
51;21,6;°C;09.03.22 12:08:07,9;0:01:00,0;09.03.22 12:08:10,1;21,7;°C;21,6310559006211;°C;09.03.22 12:08:07,9;21,6;°C;Interval;09.03.22 12:09:07,8
52;21,7;°C;09.03.22 12:09:07,8;0:01:00,1;09.03.22 12:09:07,8;21,7;°C;21,6012422360248;°C;09.03.22 12:09:51,1;21,5;°C;Interval;09.03.22 12:10:07,9
53;21,6;°C;09.03.22 12:10:07,9;0:01:00,1;09.03.22 12:10:07,9;21,6;°C;21,5869565217391;°C;09.03.22 12:10:32,5;21,5;°C;Interval;09.03.22 12:11:08,0
54;21,6;°C;09.03.22 12:11:08,0;0:00:59,6;09.03.22 12:11:57,3;21,7;°C;21,57375;°C;09.03.22 12:11:08,4;21,5;°C;Interval;09.03.22 12:12:07,7
55;21,6;°C;09.03.22 12:12:07,7;0:01:00,1;09.03.22 12:12:34,9;21,7;°C;21,6037267080745;°C;09.03.22 12:12:07,7;21,6;°C;Interval;09.03.22 12:13:07,7
56;21,6;°C;09.03.22 12:13:07,7;0:01:00,0;09.03.22 12:13:23,7;21,7;°C;21,6006211180124;°C;09.03.22 12:13:07,7;21,6;°C;Interval;09.03.22 12:14:07,7
57;21,6;°C;09.03.22 12:14:07,7;0:01:00,1;09.03.22 12:14:24,5;21,7;°C;21,6055900621118;°C;09.03.22 12:14:07,7;21,6;°C;Interval;09.03.22 12:15:07,8
58;21,6;°C;09.03.22 12:15:07,8;0:01:00,1;09.03.22 12:15:08,9;21,7;°C;21,5975155279503;°C;09.03.22 12:15:32,4;21,5;°C;Interval;09.03.22 12:16:07,9
59;21,7;°C;09.03.22 12:16:07,9;0:01:00,0;09.03.22 12:16:07,9;21,7;°C;21,6645962732919;°C;09.03.22 12:16:08,2;21,6;°C;Interval;09.03.22 12:17:07,9
60;21,7;°C;09.03.22 12:17:07,9;0:00:59,8;09.03.22 12:17:43,4;21,8;°C;21,710625;°C;09.03.22 12:17:07,9;21,7;°C;Interval;09.03.22 12:18:07,7
61;21,7;°C;09.03.22 12:18:07,7;0:01:00,4;09.03.22 12:18:08,3;21,8;°C;21,75;°C;09.03.22 12:18:07,7;21,7;°C;Interval;09.03.22 12:19:08,1
62;21,8;°C;09.03.22 12:19:08,1;0:00:59,6;09.03.22 12:19:08,1;21,8;°C;21,725625;°C;09.03.22 12:19:53,5;21,6;°C;Interval;09.03.22 12:20:07,7
63;21,6;°C;09.03.22 12:20:07,7;0:01:00,1;09.03.22 12:20:44,3;21,9;°C;21,8062111801242;°C;09.03.22 12:20:07,7;21,6;°C;Interval;09.03.22 12:21:07,8
64;21,9;°C;09.03.22 12:21:07,8;0:01:00,0;09.03.22 12:21:07,8;21,9;°C;21,788198757764;°C;09.03.22 12:21:14,8;21,7;°C;Interval;09.03.22 12:22:07,7
65;21,8;°C;09.03.22 12:22:07,7;0:01:00,1;09.03.22 12:22:14,9;21,9;°C;21,8;°C;09.03.22 12:23:04,5;21,7;°C;Interval;09.03.22 12:23:07,8
66;21,7;°C;09.03.22 12:23:07,8;0:01:00,1;09.03.22 12:23:08,2;21,8;°C;21,7409937888199;°C;09.03.22 12:23:59,0;21,6;°C;Interval;09.03.22 12:24:07,9
67;21,7;°C;09.03.22 12:24:07,9;0:01:00,0;09.03.22 12:24:07,9;21,7;°C;21,6254658385093;°C;09.03.22 12:24:08,2;21,6;°C;Interval;09.03.22 12:25:07,9
68;21,7;°C;09.03.22 12:25:07,9;0:00:59,8;09.03.22 12:25:07,9;21,7;°C;21,644375;°C;09.03.22 12:25:10,6;21,6;°C;Interval;09.03.22 12:26:07,6
69;21,7;°C;09.03.22 12:26:07,6;0:01:00,4;09.03.22 12:26:07,6;21,7;°C;21,6481481481481;°C;09.03.22 12:26:08,8;21,6;°C;Interval;09.03.22 12:27:08,0
70;21,6;°C;09.03.22 12:27:08,0;0:00:59,6;09.03.22 12:27:08,4;21,7;°C;21,618125;°C;09.03.22 12:27:08,0;21,6;°C;Interval;09.03.22 12:28:07,7
71;21,6;°C;09.03.22 12:28:07,7;0:01:00,1;09.03.22 12:28:08,5;21,7;°C;21,6124223602484;°C;09.03.22 12:28:07,7;21,6;°C;Interval;09.03.22 12:29:07,8
72;21,6;°C;09.03.22 12:29:07,8;0:01:00,0;09.03.22 12:29:21,2;21,7;°C;21,6049689440994;°C;09.03.22 12:29:07,8;21,6;°C;Interval;09.03.22 12:30:07,8
73;21,6;°C;09.03.22 12:30:07,8;0:01:00,2;09.03.22 12:30:59,8;21,7;°C;21,6;°C;09.03.22 12:30:29,0;21,5;°C;Interval;09.03.22 12:31:07,9
74;21,6;°C;09.03.22 12:31:07,9;0:01:00,1;09.03.22 12:31:16,6;21,7;°C;21,611801242236;°C;09.03.22 12:31:07,9;21,6;°C;Interval;09.03.22 12:32:08,1
75;21,7;°C;09.03.22 12:32:08,1;0:00:59,6;09.03.22 12:32:08,1;21,7;°C;21,690625;°C;09.03.22 12:32:08,7;21,6;°C;Interval;09.03.22 12:33:07,7
76;21,7;°C;09.03.22 12:33:07,7;0:01:00,1;09.03.22 12:33:07,7;21,7;°C;21,6937888198758;°C;09.03.22 12:33:11,4;21,6;°C;Interval;09.03.22 12:34:07,8
77;21,7;°C;09.03.22 12:34:07,8;0:01:00,0;09.03.22 12:34:07,8;21,7;°C;21,6981366459627;°C;09.03.22 12:34:19,7;21,6;°C;Interval;09.03.22 12:35:07,8
78;21,7;°C;09.03.22 12:35:07,8;0:01:00,1;09.03.22 12:35:30,9;21,8;°C;21,6993788819876;°C;09.03.22 12:35:15,3;21,6;°C;Interval;09.03.22 12:36:07,8
79;21,7;°C;09.03.22 12:36:07,8;0:01:00,1;09.03.22 12:36:13,1;21,8;°C;21,6937888198758;°C;09.03.22 12:36:29,1;21,6;°C;Interval;09.03.22 12:37:07,9
80;21,7;°C;09.03.22 12:37:07,9;0:01:00,0;09.03.22 12:37:45,2;21,8;°C;21,6732919254658;°C;09.03.22 12:37:08,2;21,6;°C;Interval;09.03.22 12:38:07,9
81;21,6;°C;09.03.22 12:38:07,9;0:00:59,8;09.03.22 12:38:08,4;21,7;°C;21,668125;°C;09.03.22 12:38:07,9;21,6;°C;Interval;09.03.22 12:39:07,7
82;21,7;°C;09.03.22 12:39:07,7;0:01:00,0;09.03.22 12:39:07,7;21,7;°C;21,6782608695652;°C;09.03.22 12:39:19,2;21,6;°C;Interval;09.03.22 12:40:07,7
83;21,6;°C;09.03.22 12:40:07,7;0:01:00,1;09.03.22 12:40:08,1;21,7;°C;21,6826086956522;°C;09.03.22 12:40:07,7;21,6;°C;Interval;09.03.22 12:41:07,7
84;21,6;°C;09.03.22 12:41:07,7;0:01:00,1;09.03.22 12:41:08,1;21,7;°C;21,6857142857143;°C;09.03.22 12:41:07,7;21,6;°C;Interval;09.03.22 12:42:07,8
85;21,7;°C;09.03.22 12:42:07,8;0:01:00,0;09.03.22 12:42:07,8;21,7;°C;21,6906832298137;°C;09.03.22 12:42:11,8;21,6;°C;Interval;09.03.22 12:43:07,8
86;21,7;°C;09.03.22 12:43:07,8;0:01:00,1;09.03.22 12:43:07,8;21,7;°C;21,688198757764;°C;09.03.22 12:43:10,0;21,6;°C;Interval;09.03.22 12:44:07,9
87;21,6;°C;09.03.22 12:44:07,9;0:01:00,1;09.03.22 12:44:08,2;21,7;°C;21,6639751552795;°C;09.03.22 12:44:07,9;21,6;°C;Interval;09.03.22 12:45:08,0
88;21,7;°C;09.03.22 12:45:08,0;0:00:59,9;09.03.22 12:45:43,0;21,8;°C;21,7037267080745;°C;09.03.22 12:45:08,0;21,7;°C;Interval;09.03.22 12:46:07,9
89;21,7;°C;09.03.22 12:46:07,9;0:00:59,7;09.03.22 12:46:11,7;21,8;°C;21,7275;°C;09.03.22 12:46:07,9;21,7;°C;Interval;09.03.22 12:47:07,7
90;21,7;°C;09.03.22 12:47:07,7;0:01:00,0;09.03.22 12:47:09,5;21,8;°C;21,7447204968944;°C;09.03.22 12:47:07,7;21,7;°C;Interval;09.03.22 12:48:07,7
91;21,7;°C;09.03.22 12:48:07,7;0:01:00,1;09.03.22 12:48:08,1;21,8;°C;21,7136645962733;°C;09.03.22 12:48:07,7;21,7;°C;Interval;09.03.22 12:49:07,8
92;21,7;°C;09.03.22 12:49:07,8;0:01:00,1;09.03.22 12:49:09,7;21,8;°C;21,7354037267081;°C;09.03.22 12:49:07,8;21,7;°C;Interval;09.03.22 12:50:07,9
93;21,7;°C;09.03.22 12:50:07,9;0:01:00,0;09.03.22 12:50:10,8;21,8;°C;21,7509316770186;°C;09.03.22 12:50:07,9;21,7;°C;Interval;09.03.22 12:51:07,9
94;21,8;°C;09.03.22 12:51:07,9;0:00:59,8;09.03.22 12:51:07,9;21,8;°C;21,71375;°C;09.03.22 12:51:09,9;21,7;°C;Interval;09.03.22 12:52:07,7
95;21,7;°C;09.03.22 12:52:07,7;0:01:00,0;09.03.22 12:52:08,0;21,8;°C;21,7006211180124;°C;09.03.22 12:52:32,3;21,6;°C;Interval;09.03.22 12:53:07,7
96;21,7;°C;09.03.22 12:53:07,7;0:01:00,0;09.03.22 12:53:15,9;21,8;°C;21,7484472049689;°C;09.03.22 12:53:07,7;21,7;°C;Interval;09.03.22 12:54:07,7
97;21,8;°C;09.03.22 12:54:07,7;0:01:00,1;09.03.22 12:54:58,4;22;°C;21,8142857142857;°C;09.03.22 12:54:08,5;21,7;°C;Interval;09.03.22 12:55:07,8
98;22;°C;09.03.22 12:55:07,8;0:01:00,0;09.03.22 12:55:07,8;22;°C;21,8111801242236;°C;09.03.22 12:55:27,5;21,7;°C;Interval;09.03.22 12:56:07,8
99;21,8;°C;09.03.22 12:56:07,8;0:01:00,1;09.03.22 12:56:36,9;21,9;°C;21,8316770186335;°C;09.03.22 12:56:07,8;21,8;°C;Interval;09.03.22 12:57:07,9
100;21,9;°C;09.03.22 12:57:07,9;0:01:00,1;09.03.22 12:57:07,9;21,9;°C;21,8124223602484;°C;09.03.22 12:57:10,2;21,8;°C;Interval;09.03.22 12:58:08,0
101;21,8;°C;09.03.22 12:58:08,0;0:00:59,6;09.03.22 12:58:08,0;21,8;°C;21,778125;°C;09.03.22 12:58:24,0;21,7;°C;Interval;09.03.22 12:59:07,7
102;21,8;°C;09.03.22 12:59:07,7;0:01:00,1;09.03.22 12:59:07,7;21,8;°C;21,7285714285714;°C;09.03.22 12:59:09,9;21,7;°C;Interval;09.03.22 13:00:07,8
103;21,8;°C;09.03.22 13:00:07,8;0:00:59,9;09.03.22 13:01:01,0;21,9;°C;21,7546583850932;°C;09.03.22 13:00:08,1;21,7;°C;Interval;09.03.22 13:01:07,7
104;21,8;°C;09.03.22 13:01:07,7;0:01:00,1;09.03.22 13:01:13,8;21,9;°C;21,7819875776398;°C;09.03.22 13:01:36,5;21,7;°C;Interval;09.03.22 13:02:07,8
105;21,8;°C;09.03.22 13:02:07,8;0:01:00,1;09.03.22 13:02:26,5;21,9;°C;21,7888198757764;°C;09.03.22 13:02:14,2;21,7;°C;Interval;09.03.22 13:03:07,9
106;21,8;°C;09.03.22 13:03:07,9;0:01:00,0;09.03.22 13:03:07,9;21,8;°C;21,776397515528;°C;09.03.22 13:03:17,5;21,7;°C;Interval;09.03.22 13:04:07,9
107;21,8;°C;09.03.22 13:04:07,9;0:00:59,7;09.03.22 13:04:31,4;21,9;°C;21,800625;°C;09.03.22 13:04:15,8;21,7;°C;Interval;09.03.22 13:05:07,7
108;21,8;°C;09.03.22 13:05:07,7;0:01:00,4;09.03.22 13:05:16,6;21,9;°C;21,8024691358025;°C;09.03.22 13:05:32,6;21,7;°C;Interval;09.03.22 13:06:08,1
109;21,8;°C;09.03.22 13:06:08,1;0:00:59,6;09.03.22 13:06:09,2;21,9;°C;21,843125;°C;09.03.22 13:06:08,1;21,8;°C;Interval;09.03.22 13:07:07,7
110;21,8;°C;09.03.22 13:07:07,7;0:01:00,1;09.03.22 13:07:08,0;21,9;°C;21,8105590062112;°C;09.03.22 13:07:44,6;21,7;°C;Interval;09.03.22 13:08:07,8
111;21,9;°C;09.03.22 13:08:07,8;0:01:00,0;09.03.22 13:08:07,8;21,9;°C;21,8006211180124;°C;09.03.22 13:08:28,3;21,7;°C;Interval;09.03.22 13:09:07,8
112;21,8;°C;09.03.22 13:09:07,8;0:01:00,1;09.03.22 13:09:19,8;21,9;°C;21,8018633540373;°C;09.03.22 13:09:07,8;21,8;°C;Interval;09.03.22 13:10:07,9
113;21,8;°C;09.03.22 13:10:07,9;0:01:00,1;09.03.22 13:10:08,7;21,9;°C;21,832298136646;°C;09.03.22 13:10:07,9;21,8;°C;Interval;09.03.22 13:11:08,0
114;21,8;°C;09.03.22 13:11:08,0;0:00:59,6;09.03.22 13:12:01,2;22;°C;21,87125;°C;09.03.22 13:11:08,0;21,8;°C;Interval;09.03.22 13:12:07,6
115;21,9;°C;09.03.22 13:12:07,6;0:01:00,1;09.03.22 13:12:07,6;21,9;°C;21,888198757764;°C;09.03.22 13:12:10,7;21,8;°C;Interval;09.03.22 13:13:07,7
116;21,8;°C;09.03.22 13:13:07,7;0:01:00,0;09.03.22 13:13:10,0;21,9;°C;21,8403726708075;°C;09.03.22 13:13:07,7;21,8;°C;Interval;09.03.22 13:14:07,7
117;21,8;°C;09.03.22 13:14:07,7;0:01:00,1;09.03.22 13:14:37,3;22;°C;21,8757763975155;°C;09.03.22 13:14:07,7;21,8;°C;Interval;09.03.22 13:15:07,8
118;21,9;°C;09.03.22 13:15:07,8;0:01:00,1;09.03.22 13:15:33,9;22;°C;21,9062111801242;°C;09.03.22 13:15:07,8;21,9;°C;Interval;09.03.22 13:16:08,0
119;21,9;°C;09.03.22 13:16:08,0;0:01:00,0;09.03.22 13:16:09,1;22;°C;21,9105590062112;°C;09.03.22 13:16:36,6;21,7;°C;Interval;09.03.22 13:17:07,9
120;21,9;°C;09.03.22 13:17:07,9;0:00:59,8;09.03.22 13:17:18,5;22;°C;21,924375;°C;09.03.22 13:17:07,9;21,9;°C;Interval;09.03.22 13:18:07,8
121;21,9;°C;09.03.22 13:18:07,8;0:00:59,9;09.03.22 13:18:08,4;22;°C;21,9018633540373;°C;09.03.22 13:18:39,4;21,8;°C;Interval;09.03.22 13:19:07,7
122;21,9;°C;09.03.22 13:19:07,7;0:01:00,1;09.03.22 13:19:07,7;21,9;°C;21,844099378882;°C;09.03.22 13:19:09,6;21,8;°C;Interval;09.03.22 13:20:07,8
123;21,8;°C;09.03.22 13:20:07,8;0:01:00,1;09.03.22 13:20:08,2;21,9;°C;21,8608695652174;°C;09.03.22 13:20:07,8;21,8;°C;Interval;09.03.22 13:21:07,9
124;21,9;°C;09.03.22 13:21:07,9;0:01:00,0;09.03.22 13:21:07,9;21,9;°C;21,8913043478261;°C;09.03.22 13:21:10,8;21,8;°C;Interval;09.03.22 13:22:07,9
125;21,8;°C;09.03.22 13:22:07,9;0:01:00,1;09.03.22 13:22:10,6;21,9;°C;21,8596273291925;°C;09.03.22 13:22:07,9;21,8;°C;Interval;09.03.22 13:23:07,9
126;21,9;°C;09.03.22 13:23:07,9;0:01:00,1;09.03.22 13:23:07,9;21,9;°C;21,8819875776398;°C;09.03.22 13:23:09,8;21,8;°C;Interval;09.03.22 13:24:08,0
127;21,9;°C;09.03.22 13:24:08,0;0:00:59,6;09.03.22 13:24:08,0;21,9;°C;21,883125;°C;09.03.22 13:24:19,6;21,8;°C;Interval;09.03.22 13:25:07,7
128;21,9;°C;09.03.22 13:25:07,7;0:01:00,1;09.03.22 13:25:07,7;21,9;°C;21,9;°C;09.03.22 13:25:07,7;21,9;°C;Interval;09.03.22 13:26:07,8
129;21,9;°C;09.03.22 13:26:07,8;0:01:00,0;09.03.22 13:26:07,8;21,9;°C;21,8962732919255;°C;09.03.22 13:26:16,2;21,8;°C;Interval;09.03.22 13:27:07,7
130;21,9;°C;09.03.22 13:27:07,7;0:01:00,1;09.03.22 13:27:07,7;21,9;°C;21,8987577639752;°C;09.03.22 13:27:19,7;21,8;°C;Interval;09.03.22 13:28:07,9
131;21,9;°C;09.03.22 13:28:07,9;0:01:00,1;09.03.22 13:28:22,1;22;°C;21,9;°C;09.03.22 13:28:56,0;21,8;°C;Interval;09.03.22 13:29:07,9
132;21,9;°C;09.03.22 13:29:07,9;0:01:00,0;09.03.22 13:29:25,8;22;°C;21,9403726708075;°C;09.03.22 13:29:07,9;21,9;°C;Interval;09.03.22 13:30:07,9
133;22;°C;09.03.22 13:30:07,9;0:00:59,8;09.03.22 13:30:07,9;22;°C;21,9525;°C;09.03.22 13:30:11,3;21,9;°C;Interval;09.03.22 13:31:07,7
134;21,9;°C;09.03.22 13:31:07,7;0:01:00,4;09.03.22 13:31:34,9;22;°C;21,9401234567901;°C;09.03.22 13:31:19,5;21,8;°C;Interval;09.03.22 13:32:08,1
135;22;°C;09.03.22 13:32:08,1;0:00:59,6;09.03.22 13:32:08,1;22;°C;21,9925;°C;09.03.22 13:32:12,9;21,9;°C;Interval;09.03.22 13:33:07,7
136;22;°C;09.03.22 13:33:07,7;0:01:00,1;09.03.22 13:33:15,2;22,1;°C;22,011801242236;°C;09.03.22 13:33:07,7;22;°C;Interval;09.03.22 13:34:07,8
137;22;°C;09.03.22 13:34:07,8;0:01:00,0;09.03.22 13:34:11,2;22,1;°C;21,9931677018634;°C;09.03.22 13:34:47,3;21,9;°C;Interval;09.03.22 13:35:07,8
138;22;°C;09.03.22 13:35:07,8;0:01:00,1;09.03.22 13:35:07,8;22;°C;21,9658385093168;°C;09.03.22 13:35:08,2;21,9;°C;Interval;09.03.22 13:36:07,9
139;21,9;°C;09.03.22 13:36:07,9;0:01:00,1;09.03.22 13:36:08,2;22;°C;21,983850931677;°C;09.03.22 13:36:07,9;21,9;°C;Interval;09.03.22 13:37:08,0
140;22;°C;09.03.22 13:37:08,0;0:01:00,0;09.03.22 13:37:29,9;22,1;°C;22,0018633540373;°C;09.03.22 13:37:13,9;21,9;°C;Interval;09.03.22 13:38:07,9
141;22;°C;09.03.22 13:38:07,9;0:01:00,0;09.03.22 13:38:11,7;22,1;°C;21,9726708074534;°C;09.03.22 13:38:14,3;21,9;°C;Interval;09.03.22 13:39:08,0
142;22;°C;09.03.22 13:39:08,0;0:01:00,1;09.03.22 13:39:08,0;22;°C;21,9186335403727;°C;09.03.22 13:39:08,7;21,9;°C;Interval;09.03.22 13:40:08,0
143;21,9;°C;09.03.22 13:40:08,0;0:00:59,6;09.03.22 13:40:53,9;22,2;°C;22,01;°C;09.03.22 13:40:08,0;21,9;°C;Interval;09.03.22 13:41:07,7
144;22;°C;09.03.22 13:41:07,7;0:01:00,1;09.03.22 13:41:09,6;22,1;°C;22,0540372670807;°C;09.03.22 13:41:07,7;22;°C;Interval;09.03.22 13:42:07,7
145;22,1;°C;09.03.22 13:42:07,7;0:01:00,0;09.03.22 13:42:07,7;22,1;°C;22,0621118012422;°C;09.03.22 13:42:10,3;22;°C;Interval;09.03.22 13:43:07,7
146;22;°C;09.03.22 13:43:07,7;0:01:00,1;09.03.22 13:43:08,1;22,1;°C;22,0608695652174;°C;09.03.22 13:43:07,7;22;°C;Interval;09.03.22 13:44:07,8
147;22,1;°C;09.03.22 13:44:07,8;0:01:00,1;09.03.22 13:44:07,8;22,1;°C;22,0670807453416;°C;09.03.22 13:44:11,1;22;°C;Interval;09.03.22 13:45:07,9
148;22,1;°C;09.03.22 13:45:07,9;0:01:00,0;09.03.22 13:45:07,9;22,1;°C;22,0664596273292;°C;09.03.22 13:45:13,8;22;°C;Interval;09.03.22 13:46:07,9
149;22;°C;09.03.22 13:46:07,9;0:01:00,1;09.03.22 13:46:55,3;22,2;°C;22,1006211180124;°C;09.03.22 13:46:07,9;22;°C;Interval;09.03.22 13:47:07,9
150;22,2;°C;09.03.22 13:47:07,9;0:01:00,1;09.03.22 13:47:37,0;22,3;°C;22,1913043478261;°C;09.03.22 13:47:12,1;22,1;°C;Interval;09.03.22 13:48:08,1
151;22,1;°C;09.03.22 13:48:08,1;0:00:59,6;09.03.22 13:48:45,0;22,3;°C;22,190625;°C;09.03.22 13:48:08,1;22,1;°C;Interval;09.03.22 13:49:07,7
152;22,1;°C;09.03.22 13:49:07,7;0:01:00,1;09.03.22 13:49:42,0;22,2;°C;22,0968944099379;°C;09.03.22 13:49:11,8;22;°C;Interval;09.03.22 13:50:07,8
153;22,2;°C;09.03.22 13:50:07,8;0:01:00,0;09.03.22 13:50:25,7;22,3;°C;22,2130434782609;°C;09.03.22 13:50:08,4;22,1;°C;Interval;09.03.22 13:51:07,8
154;22,3;°C;09.03.22 13:51:07,8;0:01:00,1;09.03.22 13:51:07,8;22,3;°C;22,2701863354037;°C;09.03.22 13:51:10,4;22,2;°C;Interval;09.03.22 13:52:07,8
155;22,3;°C;09.03.22 13:52:07,8;0:01:00,1;09.03.22 13:52:07,8;22,3;°C;22,2093167701863;°C;09.03.22 13:52:58,2;22,1;°C;Interval;09.03.22 13:53:07,9
156;22,2;°C;09.03.22 13:53:07,9;0:01:00,0;09.03.22 13:53:41,0;22,3;°C;22,2006211180124;°C;09.03.22 13:53:12,7;22,1;°C;Interval;09.03.22 13:54:07,9
157;22,3;°C;09.03.22 13:54:07,9;0:00:59,8;09.03.22 13:54:07,9;22,3;°C;22,2475;°C;09.03.22 13:54:08,7;22,2;°C;Interval;09.03.22 13:55:07,6
158;22,2;°C;09.03.22 13:55:07,6;0:01:00,4;09.03.22 13:55:11,3;22,3;°C;22,2185185185185;°C;09.03.22 13:55:34,8;22,1;°C;Interval;09.03.22 13:56:08,1
159;22,3;°C;09.03.22 13:56:08,1;0:00:59,6;09.03.22 13:56:37,1;22,4;°C;22,25375;°C;09.03.22 13:56:08,4;22,2;°C;Interval;09.03.22 13:57:07,7
160;22,2;°C;09.03.22 13:57:07,7;0:01:00,1;09.03.22 13:57:30,8;22,4;°C;22,3006211180124;°C;09.03.22 13:57:07,7;22,2;°C;Interval;09.03.22 13:58:07,8
161;22,3;°C;09.03.22 13:58:07,8;0:01:00,0;09.03.22 13:58:07,8;22,3;°C;22,2788819875776;°C;09.03.22 13:58:19,3;22,2;°C;Interval;09.03.22 13:59:07,7
162;22,3;°C;09.03.22 13:59:07,7;0:01:00,1;09.03.22 13:59:41,3;22,4;°C;22,2987577639752;°C;09.03.22 13:59:11,9;22,2;°C;Interval;09.03.22 14:00:07,8
163;22,3;°C;09.03.22 14:00:07,8;0:01:00,1;09.03.22 14:00:27,7;22,4;°C;22,3037267080745;°C;09.03.22 14:00:07,8;22,3;°C;Interval;09.03.22 14:01:07,9
164;22,3;°C;09.03.22 14:01:07,9;0:01:00,0;09.03.22 14:01:08,6;22,4;°C;22,3136645962733;°C;09.03.22 14:01:07,9;22,3;°C;Interval;09.03.22 14:02:07,9
165;22,3;°C;09.03.22 14:02:07,9;0:00:59,8;09.03.22 14:02:19,5;22,4;°C;22,32375;°C;09.03.22 14:02:07,9;22,3;°C;Interval;09.03.22 14:03:07,6
166;22,4;°C;09.03.22 14:03:07,6;0:01:00,4;09.03.22 14:03:07,6;22,4;°C;22,3364197530864;°C;09.03.22 14:03:34,0;22,2;°C;Interval;09.03.22 14:04:08,1
167;22,4;°C;09.03.22 14:04:08,1;0:00:59,7;09.03.22 14:04:23,7;22,6;°C;22,5025;°C;09.03.22 14:04:08,1;22,4;°C;Interval;09.03.22 14:05:07,7
168;22,6;°C;09.03.22 14:05:07,7;0:01:00,1;09.03.22 14:05:07,7;22,6;°C;22,5465838509317;°C;09.03.22 14:05:09,9;22,5;°C;Interval;09.03.22 14:06:07,8
169;22,5;°C;09.03.22 14:06:07,8;0:01:00,0;09.03.22 14:06:08,4;22,6;°C;22,5236024844721;°C;09.03.22 14:06:07,8;22,5;°C;Interval;09.03.22 14:07:07,8
170;22,5;°C;09.03.22 14:07:07,8;0:01:00,1;09.03.22 14:07:08,9;22,6;°C;22,5031055900621;°C;09.03.22 14:07:30,9;22,4;°C;Interval;09.03.22 14:08:07,9
171;22,5;°C;09.03.22 14:08:07,9;0:01:00,1;09.03.22 14:08:07,9;22,5;°C;22,4745341614907;°C;09.03.22 14:08:13,5;22,4;°C;Interval;09.03.22 14:09:08,0
172;22,5;°C;09.03.22 14:09:08,0;0:01:00,0;09.03.22 14:09:29,2;22,6;°C;22,5260869565217;°C;09.03.22 14:09:08,0;22,5;°C;Interval;09.03.22 14:10:07,9
173;22,6;°C;09.03.22 14:10:07,9;0:00:59,8;09.03.22 14:10:07,9;22,6;°C;22,565;°C;09.03.22 14:10:08,7;22,5;°C;Interval;09.03.22 14:11:07,7
174;22,6;°C;09.03.22 14:11:07,7;0:01:00,0;09.03.22 14:11:15,6;22,7;°C;22,6229813664596;°C;09.03.22 14:11:08,9;22,5;°C;Interval;09.03.22 14:12:07,7
175;22,6;°C;09.03.22 14:12:07,7;0:01:00,1;09.03.22 14:12:11,5;22,7;°C;22,627950310559;°C;09.03.22 14:12:07,7;22,6;°C;Interval;09.03.22 14:13:07,8
176;22,7;°C;09.03.22 14:13:07,8;0:01:00,1;09.03.22 14:13:07,8;22,7;°C;22,6385093167702;°C;09.03.22 14:13:08,1;22,6;°C;Interval;09.03.22 14:14:07,9
177;22,6;°C;09.03.22 14:14:07,9;0:01:00,0;09.03.22 14:14:09,0;22,7;°C;22,6571428571429;°C;09.03.22 14:14:07,9;22,6;°C;Interval;09.03.22 14:15:07,9
178;22,6;°C;09.03.22 14:15:07,9;0:00:59,8;09.03.22 14:15:08,3;22,7;°C;22,615625;°C;09.03.22 14:15:45,9;22,5;°C;Interval;09.03.22 14:16:07,7
179;22,6;°C;09.03.22 14:16:07,7;0:01:00,4;09.03.22 14:17:02,5;22,8;°C;22,6358024691358;°C;09.03.22 14:16:18,0;22,5;°C;Interval;09.03.22 14:17:08,1
180;22,8;°C;09.03.22 14:17:08,1;0:00:59,6;09.03.22 14:17:08,1;22,8;°C;22,675;°C;09.03.22 14:17:15,1;22,6;°C;Interval;09.03.22 14:18:07,7
181;22,7;°C;09.03.22 14:18:07,7;0:01:00,1;09.03.22 14:18:18,6;22,8;°C;22,7211180124224;°C;09.03.22 14:18:12,2;22,6;°C;Interval;09.03.22 14:19:07,8
182;22,8;°C;09.03.22 14:19:07,8;0:01:00,0;09.03.22 14:19:23,5;22,9;°C;22,8012422360248;°C;09.03.22 14:19:41,7;22,7;°C;Interval;09.03.22 14:20:07,8
183;22,8;°C;09.03.22 14:20:07,8;0:01:00,1;09.03.22 14:20:07,8;22,8;°C;22,732298136646;°C;09.03.22 14:20:14,2;22,7;°C;Interval;09.03.22 14:21:07,9
184;22,8;°C;09.03.22 14:21:07,9;0:01:00,1;09.03.22 14:21:25,5;22,9;°C;22,8068322981366;°C;09.03.22 14:21:11,6;22,7;°C;Interval;09.03.22 14:22:08,0
185;22,8;°C;09.03.22 14:22:08,0;0:01:00,0;09.03.22 14:22:09,8;22,9;°C;22,8080745341615;°C;09.03.22 14:22:49,7;22,7;°C;Interval;09.03.22 14:23:08,0
186;22,7;°C;09.03.22 14:23:08,0;0:00:59,8;09.03.22 14:23:09,1;22,8;°C;22,765;°C;09.03.22 14:23:08,0;22,7;°C;Interval;09.03.22 14:24:07,7
187;22,8;°C;09.03.22 14:24:07,7;0:00:59,9;09.03.22 14:24:07,7;22,8;°C;22,7124223602485;°C;09.03.22 14:24:35,7;22,6;°C;Interval;09.03.22 14:25:07,7
188;22,7;°C;09.03.22 14:25:07,7;0:01:00,1;09.03.22 14:25:09,3;22,8;°C;22,7403726708075;°C;09.03.22 14:25:07,7;22,7;°C;Interval;09.03.22 14:26:07,8
189;22,8;°C;09.03.22 14:26:07,8;0:01:00,1;09.03.22 14:26:07,8;22,8;°C;22,7254658385093;°C;09.03.22 14:26:10,8;22,7;°C;Interval;09.03.22 14:27:07,9
190;22,7;°C;09.03.22 14:27:07,9;0:01:00,0;09.03.22 14:27:09,0;22,8;°C;22,7012422360248;°C;09.03.22 14:27:48,5;22,6;°C;Interval;09.03.22 14:28:07,9
191;22,7;°C;09.03.22 14:28:07,9;0:01:00,1;09.03.22 14:28:25,1;22,8;°C;22,7080745341615;°C;09.03.22 14:28:07,9;22,7;°C;Interval;09.03.22 14:29:07,9
192;22,7;°C;09.03.22 14:29:07,9;0:01:00,1;09.03.22 14:29:23,6;22,8;°C;22,7552795031056;°C;09.03.22 14:29:07,9;22,7;°C;Interval;09.03.22 14:30:08,0
193;22,8;°C;09.03.22 14:30:08,0;0:00:59,7;09.03.22 14:31:02,4;22,9;°C;22,796875;°C;09.03.22 14:30:12,9;22,7;°C;Interval;09.03.22 14:31:07,7
194;22,9;°C;09.03.22 14:31:07,7;0:01:00,1;09.03.22 14:31:24,2;23;°C;22,8652173913043;°C;09.03.22 14:31:09,2;22,8;°C;Interval;09.03.22 14:32:07,8
195;22,9;°C;09.03.22 14:32:07,8;0:01:00,0;09.03.22 14:32:20,1;23;°C;22,9465838509317;°C;09.03.22 14:32:07,8;22,9;°C;Interval;09.03.22 14:33:07,8
196;22,9;°C;09.03.22 14:33:07,8;0:01:00,1;09.03.22 14:33:11,2;23;°C;22,8745341614907;°C;09.03.22 14:33:19,4;22,8;°C;Interval;09.03.22 14:34:07,9
197;22,8;°C;09.03.22 14:34:07,9;0:01:00,1;09.03.22 14:34:08,2;22,9;°C;22,883850931677;°C;09.03.22 14:34:07,9;22,8;°C;Interval;09.03.22 14:35:08,0
198;22,9;°C;09.03.22 14:35:08,0;0:00:59,7;09.03.22 14:35:33,3;23;°C;22,898125;°C;09.03.22 14:35:21,0;22,8;°C;Interval;09.03.22 14:36:07,6
199;22,9;°C;09.03.22 14:36:07,6;0:01:00,1;09.03.22 14:36:14,4;23;°C;22,9310559006211;°C;09.03.22 14:36:07,6;22,9;°C;Interval;09.03.22 14:37:07,8
200;23;°C;09.03.22 14:37:07,8;0:01:00,0;09.03.22 14:37:07,8;23;°C;22,9366459627329;°C;09.03.22 14:37:08,9;22,9;°C;Interval;09.03.22 14:38:07,7
201;23;°C;09.03.22 14:38:07,7;0:01:00,1;09.03.22 14:38:07,7;23;°C;22,9459627329193;°C;09.03.22 14:38:08,8;22,9;°C;Interval;09.03.22 14:39:07,8
202;22,9;°C;09.03.22 14:39:07,8;0:01:00,1;09.03.22 14:39:08,6;23;°C;22,9372670807453;°C;09.03.22 14:39:07,8;22,9;°C;Interval;09.03.22 14:40:07,9
203;22,9;°C;09.03.22 14:40:07,9;0:00:59,9;09.03.22 14:40:32,5;23,1;°C;22,9863354037267;°C;09.03.22 14:40:07,9;22,9;°C;Interval;09.03.22 14:41:07,8
204;23;°C;09.03.22 14:41:07,8;0:01:00,1;09.03.22 14:41:22,8;23,1;°C;23,0049689440994;°C;09.03.22 14:41:47,5;22,9;°C;Interval;09.03.22 14:42:07,9
205;23;°C;09.03.22 14:42:07,9;0:01:00,1;09.03.22 14:42:17,7;23,1;°C;23,0484472049689;°C;09.03.22 14:42:07,9;23;°C;Interval;09.03.22 14:43:08,0
206;23,1;°C;09.03.22 14:43:08,0;0:01:00,0;09.03.22 14:43:08,0;23,1;°C;23,0565217391304;°C;09.03.22 14:43:08,3;23;°C;Interval;09.03.22 14:44:07,9
207;23;°C;09.03.22 14:44:07,9;0:00:59,7;09.03.22 14:44:33,0;23,1;°C;23,000625;°C;09.03.22 14:44:12,1;22,9;°C;Interval;09.03.22 14:45:07,7
208;23;°C;09.03.22 14:45:07,7;0:01:00,0;09.03.22 14:45:56,9;23,2;°C;23,083850931677;°C;09.03.22 14:45:07,7;23;°C;Interval;09.03.22 14:46:07,6
209;23,2;°C;09.03.22 14:46:07,6;0:01:00,1;09.03.22 14:46:40,5;23,3;°C;23,1931677018634;°C;09.03.22 14:46:09,5;23,1;°C;Interval;09.03.22 14:47:07,7
210;23,2;°C;09.03.22 14:47:07,7;0:01:00,1;09.03.22 14:47:07,7;23,2;°C;23,132298136646;°C;09.03.22 14:47:13,3;23,1;°C;Interval;09.03.22 14:48:07,8
211;23,1;°C;09.03.22 14:48:07,8;0:01:00,0;09.03.22 14:48:08,5;23,2;°C;23,0900621118012;°C;09.03.22 14:48:32,8;23;°C;Interval;09.03.22 14:49:07,8
212;23,1;°C;09.03.22 14:49:07,8;0:01:00,1;09.03.22 14:49:07,8;23,1;°C;23,0782608695652;°C;09.03.22 14:49:08,6;23;°C;Interval;09.03.22 14:50:07,9
213;23,1;°C;09.03.22 14:50:07,9;0:01:00,1;09.03.22 14:50:07,9;23,1;°C;23,0608695652174;°C;09.03.22 14:50:09,8;23;°C;Interval;09.03.22 14:51:08,0
214;23,1;°C;09.03.22 14:51:08,0;0:01:00,0;09.03.22 14:51:08,0;23,1;°C;23,0621118012422;°C;09.03.22 14:51:08,6;23;°C;Interval;09.03.22 14:52:07,9
215;23,1;°C;09.03.22 14:52:07,9;0:00:59,8;09.03.22 14:52:07,9;23,1;°C;23,035;°C;09.03.22 14:52:08,7;23;°C;Interval;09.03.22 14:53:07,7
216;23,1;°C;09.03.22 14:53:07,7;0:01:00,0;09.03.22 14:53:07,7;23,1;°C;23,0645962732919;°C;09.03.22 14:53:08,0;23;°C;Interval;09.03.22 14:54:07,7
217;23,1;°C;09.03.22 14:54:07,7;0:01:00,1;09.03.22 14:55:00,7;23,3;°C;23,127950310559;°C;09.03.22 14:54:37,6;23;°C;Interval;09.03.22 14:55:07,8
218;23,2;°C;09.03.22 14:55:07,8;0:01:00,1;09.03.22 14:55:07,8;23,2;°C;23,1596273291925;°C;09.03.22 14:55:12,2;23,1;°C;Interval;09.03.22 14:56:07,8
219;23,2;°C;09.03.22 14:56:07,8;0:01:00,0;09.03.22 14:57:00,8;23,3;°C;23,1726708074534;°C;09.03.22 14:56:17,1;23,1;°C;Interval;09.03.22 14:57:07,8
220;23,3;°C;09.03.22 14:57:07,8;0:01:00,1;09.03.22 14:57:07,8;23,3;°C;23,2086956521739;°C;09.03.22 14:57:34,4;23,1;°C;Interval;09.03.22 14:58:08,0
221;23,2;°C;09.03.22 14:58:08,0;0:01:00,1;09.03.22 14:58:08,0;23,2;°C;23,155900621118;°C;09.03.22 14:58:17,7;23,1;°C;Interval;09.03.22 14:59:08,1
222;23,2;°C;09.03.22 14:59:08,1;0:00:59,7;09.03.22 14:59:08,1;23,2;°C;23,179375;°C;09.03.22 14:59:09,8;23,1;°C;Interval;09.03.22 15:00:07,7
223;23,2;°C;09.03.22 15:00:07,7;0:01:00,1;09.03.22 15:00:42,7;23,4;°C;23,2478260869565;°C;09.03.22 15:01:01,7;23,1;°C;Interval;09.03.22 15:01:07,8
224;23,2;°C;09.03.22 15:01:07,8;0:00:59,9;09.03.22 15:01:52,5;23,3;°C;23,1937888198758;°C;09.03.22 15:01:08,1;23,1;°C;Interval;09.03.22 15:02:07,7
225;23,2;°C;09.03.22 15:02:07,7;0:01:00,1;09.03.22 15:02:17,8;23,3;°C;23,2242236024845;°C;09.03.22 15:02:07,7;23,2;°C;Interval;09.03.22 15:03:07,8
226;23,2;°C;09.03.22 15:03:07,8;0:01:00,1;09.03.22 15:03:09,0;23,3;°C;23,2037267080745;°C;09.03.22 15:03:33,6;23,1;°C;Interval;09.03.22 15:04:07,9
227;23,2;°C;09.03.22 15:04:07,9;0:01:00,0;09.03.22 15:04:07,9;23,2;°C;23,1807453416149;°C;09.03.22 15:04:17,2;23,1;°C;Interval;09.03.22 15:05:07,9
228;23,2;°C;09.03.22 15:05:07,9;0:00:59,8;09.03.22 15:05:16,2;23,3;°C;23,196875;°C;09.03.22 15:05:30,3;23,1;°C;Interval;09.03.22 15:06:07,7
229;23,2;°C;09.03.22 15:06:07,7;0:01:00,4;09.03.22 15:06:46,4;23,3;°C;23,2148148148148;°C;09.03.22 15:06:09,1;23,1;°C;Interval;09.03.22 15:07:08,1
230;23,3;°C;09.03.22 15:07:08,1;0:00:59,6;09.03.22 15:07:08,1;23,3;°C;23,181875;°C;09.03.22 15:07:19,6;23,1;°C;Interval;09.03.22 15:08:07,7
231;23,2;°C;09.03.22 15:08:07,7;0:01:00,1;09.03.22 15:08:53,3;23,3;°C;23,1993788819876;°C;09.03.22 15:08:09,2;23,1;°C;Interval;09.03.22 15:09:07,8
232;23,2;°C;09.03.22 15:09:07,8;0:01:00,0;09.03.22 15:09:09,6;23,3;°C;23,2037267080745;°C;09.03.22 15:09:54,4;23,1;°C;Interval;09.03.22 15:10:07,8
233;23,2;°C;09.03.22 15:10:07,8;0:01:00,1;09.03.22 15:10:11,6;23,3;°C;23,2018633540373;°C;09.03.22 15:10:39,9;23,1;°C;Interval;09.03.22 15:11:07,9
234;23,2;°C;09.03.22 15:11:07,9;0:01:00,1;09.03.22 15:11:08,2;23,3;°C;23,2310559006211;°C;09.03.22 15:11:47,0;23,1;°C;Interval;09.03.22 15:12:08,0
235;23,2;°C;09.03.22 15:12:08,0;0:01:00,0;09.03.22 15:12:18,0;23,3;°C;23,2484472049689;°C;09.03.22 15:12:08,0;23,2;°C;Interval;09.03.22 15:13:07,9
236;23,3;°C;09.03.22 15:13:07,9;0:00:59,8;09.03.22 15:13:07,9;23,3;°C;23,268125;°C;09.03.22 15:13:37,1;23,2;°C;Interval;09.03.22 15:14:07,7
237;23,2;°C;09.03.22 15:14:07,7;0:01:00,0;09.03.22 15:14:07,7;23,2;°C;23,1981366459627;°C;09.03.22 15:14:41,6;23,1;°C;Interval;09.03.22 15:15:07,7
238;23,2;°C;09.03.22 15:15:07,7;0:01:00,1;09.03.22 15:15:07,7;23,2;°C;23,1931677018634;°C;09.03.22 15:15:21,6;23,1;°C;Interval;09.03.22 15:16:07,8
239;23,2;°C;09.03.22 15:16:07,8;0:01:00,1;09.03.22 15:16:24,9;23,5;°C;23,316149068323;°C;09.03.22 15:16:10,0;23,1;°C;Interval;09.03.22 15:17:07,9
240;23,4;°C;09.03.22 15:17:07,9;0:01:00,0;09.03.22 15:17:07,9;23,4;°C;23,2850931677019;°C;09.03.22 15:17:40,7;23,2;°C;Interval;09.03.22 15:18:07,8
241;23,2;°C;09.03.22 15:18:07,8;0:01:00,1;09.03.22 15:18:17,9;23,3;°C;23,2571428571429;°C;09.03.22 15:18:07,8;23,2;°C;Interval;09.03.22 15:19:07,9
242;23,2;°C;09.03.22 15:19:07,9;0:01:00,1;09.03.22 15:19:15,0;23,3;°C;23,2732919254658;°C;09.03.22 15:19:07,9;23,2;°C;Interval;09.03.22 15:20:08,0
243;23,3;°C;09.03.22 15:20:08,0;0:00:59,6;09.03.22 15:20:32,6;23,4;°C;23,3;°C;09.03.22 15:20:16,2;23,2;°C;Interval;09.03.22 15:21:07,7
244;23,3;°C;09.03.22 15:21:07,7;0:01:00,1;09.03.22 15:21:12,9;23,4;°C;23,2701863354037;°C;09.03.22 15:21:15,2;23,2;°C;Interval;09.03.22 15:22:07,7
245;23,3;°C;09.03.22 15:22:07,7;0:01:00,0;09.03.22 15:22:07,7;23,3;°C;23,2105590062112;°C;09.03.22 15:22:08,1;23,2;°C;Interval;09.03.22 15:23:07,7
246;23,2;°C;09.03.22 15:23:07,7;0:01:00,1;09.03.22 15:23:33,9;23,4;°C;23,2975155279503;°C;09.03.22 15:23:07,7;23,2;°C;Interval;09.03.22 15:24:07,8
247;23,4;°C;09.03.22 15:24:07,8;0:01:00,1;09.03.22 15:24:07,8;23,4;°C;23,3944099378882;°C;09.03.22 15:24:50,0;23,3;°C;Interval;09.03.22 15:25:07,9
248;23,4;°C;09.03.22 15:25:07,9;0:01:00,0;09.03.22 15:25:07,9;23,4;°C;23,3291925465839;°C;09.03.22 15:25:48,5;23,2;°C;Interval;09.03.22 15:26:07,9
249;23,2;°C;09.03.22 15:26:07,9;0:01:00,1;09.03.22 15:26:51,5;23,4;°C;23,2962732919255;°C;09.03.22 15:26:07,9;23,2;°C;Interval;09.03.22 15:27:08,0
250;23,4;°C;09.03.22 15:27:08,0;0:01:00,1;09.03.22 15:27:08,0;23,4;°C;23,332298136646;°C;09.03.22 15:27:53,8;23,2;°C;Interval;09.03.22 15:28:08,0
251;23,3;°C;09.03.22 15:28:08,0;0:00:59,6;09.03.22 15:28:17,0;23,4;°C;23,305;°C;09.03.22 15:28:37,8;23,2;°C;Interval;09.03.22 15:29:07,7
252;23,4;°C;09.03.22 15:29:07,7;0:01:00,1;09.03.22 15:29:07,7;23,4;°C;23,3136645962733;°C;09.03.22 15:29:08,8;23,3;°C;Interval;09.03.22 15:30:07,8
253;23,3;°C;09.03.22 15:30:07,8;0:01:00,0;09.03.22 15:30:10,0;23,4;°C;23,311801242236;°C;09.03.22 15:30:07,8;23,3;°C;Interval;09.03.22 15:31:07,8
254;23,3;°C;09.03.22 15:31:07,8;0:01:00,1;09.03.22 15:31:09,4;23,4;°C;23,3329192546584;°C;09.03.22 15:31:07,8;23,3;°C;Interval;09.03.22 15:32:07,9
255;23,3;°C;09.03.22 15:32:07,9;0:01:00,1;09.03.22 15:32:13,1;23,4;°C;23,3434782608696;°C;09.03.22 15:32:37,0;23,2;°C;Interval;09.03.22 15:33:07,9
256;23,4;°C;09.03.22 15:33:07,9;0:01:00,0;09.03.22 15:33:07,9;23,4;°C;23,3434782608696;°C;09.03.22 15:33:08,3;23,3;°C;Interval;09.03.22 15:34:07,9
257;23,3;°C;09.03.22 15:34:07,9;0:00:59,8;09.03.22 15:34:08,7;23,4;°C;23,316875;°C;09.03.22 15:34:07,9;23,3;°C;Interval;09.03.22 15:35:07,7
258;23,3;°C;09.03.22 15:35:07,7;0:01:00,4;09.03.22 15:35:09,9;23,4;°C;23,3833333333333;°C;09.03.22 15:35:07,7;23,3;°C;Interval;09.03.22 15:36:08,1
259;23,4;°C;09.03.22 15:36:08,1;0:00:59,6;09.03.22 15:37:01,8;23,5;°C;23,393125;°C;09.03.22 15:36:08,4;23,3;°C;Interval;09.03.22 15:37:07,7
260;23,4;°C;09.03.22 15:37:07,7;0:01:00,1;09.03.22 15:37:20,0;23,5;°C;23,4099378881988;°C;09.03.22 15:38:00,3;23,3;°C;Interval;09.03.22 15:38:07,8
261;23,4;°C;09.03.22 15:38:07,8;0:00:59,9;09.03.22 15:38:16,8;23,5;°C;23,3925465838509;°C;09.03.22 15:38:11,8;23,3;°C;Interval;09.03.22 15:39:07,7
262;23,4;°C;09.03.22 15:39:07,7;0:01:00,1;09.03.22 15:39:07,7;23,4;°C;23,3863354037267;°C;09.03.22 15:39:10,8;23,3;°C;Interval;09.03.22 15:40:07,8
263;23,4;°C;09.03.22 15:40:07,8;0:01:00,1;09.03.22 15:40:50,0;23,5;°C;23,4086956521739;°C;09.03.22 15:40:07,8;23,4;°C;Interval;09.03.22 15:41:07,9
264;23,5;°C;09.03.22 15:41:07,9;0:01:00,0;09.03.22 15:41:07,9;23,5;°C;23,4260869565217;°C;09.03.22 15:41:08,3;23,4;°C;Interval;09.03.22 15:42:07,9
265;23,4;°C;09.03.22 15:42:07,9;0:00:59,8;09.03.22 15:42:08,3;23,5;°C;23,4175;°C;09.03.22 15:43:01,3;23,3;°C;Interval;09.03.22 15:43:07,7
266;23,4;°C;09.03.22 15:43:07,7;0:01:00,0;09.03.22 15:43:17,3;23,5;°C;23,4583850931677;°C;09.03.22 15:43:07,7;23,4;°C;Interval;09.03.22 15:44:07,7
267;23,5;°C;09.03.22 15:44:07,7;0:01:00,1;09.03.22 15:44:07,7;23,5;°C;23,4975155279503;°C;09.03.22 15:44:20,0;23,4;°C;Interval;09.03.22 15:45:07,8
268;23,5;°C;09.03.22 15:45:07,8;0:01:00,1;09.03.22 15:45:07,8;23,5;°C;23,4527950310559;°C;09.03.22 15:45:14,8;23,4;°C;Interval;09.03.22 15:46:07,9
269;23,5;°C;09.03.22 15:46:07,9;0:01:00,0;09.03.22 15:46:07,9;23,5;°C;23,4459627329193;°C;09.03.22 15:46:09,3;23,4;°C;Interval;09.03.22 15:47:07,9
270;23,5;°C;09.03.22 15:47:07,9;0:00:59,7;09.03.22 15:47:07,9;23,5;°C;23,4825;°C;09.03.22 15:47:08,4;23,4;°C;Interval;09.03.22 15:48:07,6
271;23,5;°C;09.03.22 15:48:07,6;0:01:00,4;09.03.22 15:48:07,6;23,5;°C;23,4907407407407;°C;09.03.22 15:48:08,0;23,4;°C;Interval;09.03.22 15:49:08,0
272;23,5;°C;09.03.22 15:49:08,0;0:00:59,6;09.03.22 15:49:08,0;23,5;°C;23,47;°C;09.03.22 15:49:17,7;23,4;°C;Interval;09.03.22 15:50:07,7
273;23,5;°C;09.03.22 15:50:07,7;0:01:00,1;09.03.22 15:50:15,8;23,6;°C;23,476397515528;°C;09.03.22 15:50:30,8;23,4;°C;Interval;09.03.22 15:51:07,8
274;23,5;°C;09.03.22 15:51:07,8;0:01:00,0;09.03.22 15:51:07,8;23,5;°C;23,4701863354037;°C;09.03.22 15:51:13,7;23,4;°C;Interval;09.03.22 15:52:07,7
275;23,5;°C;09.03.22 15:52:07,7;0:01:00,1;09.03.22 15:52:07,7;23,5;°C;23,4583850931677;°C;09.03.22 15:52:11,1;23,4;°C;Interval;09.03.22 15:53:07,8
276;23,4;°C;09.03.22 15:53:07,8;0:00:40,6;09.03.22 15:53:36,6;23,6;°C;23,4669724770642;°C;09.03.22 15:53:07,8;23,4;°C;Stable;09.03.22 15:53:48,4
277;23,6;°C;09.03.22 15:53:48,4;0:00:00,0;;;;;;;;;Logging Stopped;09.03.22 15:53:48,4
