FLUKE 289,  V1.16,  32940021

To display full timestamps use Format Cells ‘m/d/y hh:mm:ss.0'

Reading,Sample,,Start Time,Duration,Max Time,Max,,Average,,Min Time,Min,,Description,Stop Time
1,0.007495,A AC,24/10/2022 11:15:12.7,0:00:00.2,24/10/2022 11:15:12.7,0.007495,A AC,0.0074945,A AC,24/10/2022 11:15:12.8,0.007494,A AC,Interval,24/10/2022 11:15:12.9
2,0.007495,A AC,24/10/2022 11:15:12.9,0:00:01.0,24/10/2022 11:15:13.8,0.007582,A AC,0.0075417,A AC,24/10/2022 11:15:12.9,0.007495,A AC,Interval,24/10/2022 11:15:13.9
3,0.007579,A AC,24/10/2022 11:15:13.9,0:00:01.0,24/10/2022 11:15:14.8,0.007642,A AC,0.0076034,A AC,24/10/2022 11:15:13.9,0.007579,A AC,Interval,24/10/2022 11:15:14.9
4,0.007632,A AC,24/10/2022 11:15:14.9,0:00:01.0,24/10/2022 11:15:14.9,0.007632,A AC,0.0075563,A AC,24/10/2022 11:15:15.9,0.007476,A AC,Interval,24/10/2022 11:15:16.0
5,0.007471,A AC,24/10/2022 11:15:16.0,0:00:01.0,24/10/2022 11:15:16.0,0.007471,A AC,0.0074479,A AC,24/10/2022 11:15:16.5,0.007427,A AC,Interval,24/10/2022 11:15:17.0
6,0.007476,A AC,24/10/2022 11:15:17.0,0:00:01.0,24/10/2022 11:15:17.9,0.007554,A AC,0.007526,A AC,24/10/2022 11:15:17.0,0.007476,A AC,Interval,24/10/2022 11:15:18.0
7,0.00756,A AC,24/10/2022 11:15:18.0,0:00:01.0,24/10/2022 11:15:18.6,0.007665,A AC,0.007622,A AC,24/10/2022 11:15:18.0,0.00756,A AC,Interval,24/10/2022 11:15:19.0
8,0.007621,A AC,24/10/2022 11:15:19.0,0:00:01.0,24/10/2022 11:15:19.0,0.007621,A AC,0.0075448,A AC,24/10/2022 11:15:19.8,0.007491,A AC,Interval,24/10/2022 11:15:20.0
9,0.007482,A AC,24/10/2022 11:15:20.0,0:00:00.9,24/10/2022 11:15:20.0,0.007482,A AC,0.00746411111111111,A AC,24/10/2022 11:15:20.6,0.007453,A AC,Interval,24/10/2022 11:15:20.9
10,0.007484,A AC,24/10/2022 11:15:20.9,0:00:01.0,24/10/2022 11:15:21.8,0.007546,A AC,0.0075226,A AC,24/10/2022 11:15:20.9,0.007484,A AC,Interval,24/10/2022 11:15:21.9
11,0.007557,A AC,24/10/2022 11:15:21.9,0:00:01.0,24/10/2022 11:15:22.4,0.007612,A AC,0.0075897,A AC,24/10/2022 11:15:21.9,0.007557,A AC,Interval,24/10/2022 11:15:22.9
12,0.00756,A AC,24/10/2022 11:15:22.9,0:00:01.0,24/10/2022 11:15:22.9,0.00756,A AC,0.0074954,A AC,24/10/2022 11:15:23.8,0.007451,A AC,Interval,24/10/2022 11:15:23.9
13,0.00745,A AC,24/10/2022 11:15:23.9,0:00:01.0,24/10/2022 11:15:24.8,0.007528,A AC,0.0074721,A AC,24/10/2022 11:15:24.0,0.007423,A AC,Interval,24/10/2022 11:15:24.9
14,0.00754,A AC,24/10/2022 11:15:24.9,0:00:01.0,24/10/2022 11:15:25.8,0.007586,A AC,0.0075608,A AC,24/10/2022 11:15:24.9,0.00754,A AC,Interval,24/10/2022 11:15:25.9
15,0.007601,A AC,24/10/2022 11:15:25.9,0:00:01.0,24/10/2022 11:15:26.1,0.007611,A AC,0.0075834,A AC,24/10/2022 11:15:26.8,0.007521,A AC,Interval,24/10/2022 11:15:26.9
16,0.00751,A AC,24/10/2022 11:15:26.9,0:00:01.0,24/10/2022 11:15:26.9,0.00751,A AC,0.0074648,A AC,24/10/2022 11:15:27.7,0.007441,A AC,Interval,24/10/2022 11:15:27.9
17,0.007443,A AC,24/10/2022 11:15:27.9,0:00:01.0,24/10/2022 11:15:28.8,0.007559,A AC,0.0075057,A AC,24/10/2022 11:15:27.9,0.007443,A AC,Interval,24/10/2022 11:15:28.9
18,0.007566,A AC,24/10/2022 11:15:28.9,0:00:01.0,24/10/2022 11:15:29.8,0.007639,A AC,0.0075937,A AC,24/10/2022 11:15:29.0,0.007565,A AC,Interval,24/10/2022 11:15:29.9
19,0.007634,A AC,24/10/2022 11:15:29.9,0:00:01.0,24/10/2022 11:15:29.9,0.007634,A AC,0.0075848,A AC,24/10/2022 11:15:30.8,0.007528,A AC,Interval,24/10/2022 11:15:30.9
20,0.00752,A AC,24/10/2022 11:15:30.9,0:00:01.0,24/10/2022 11:15:31.8,0.007538,A AC,0.0075053,A AC,24/10/2022 11:15:31.3,0.007484,A AC,Interval,24/10/2022 11:15:31.9
21,0.007537,A AC,24/10/2022 11:15:31.9,0:00:01.0,24/10/2022 11:15:32.7,0.007572,A AC,0.007544,A AC,24/10/2022 11:15:32.1,0.007516,A AC,Interval,24/10/2022 11:15:33.0
22,0.007572,A AC,24/10/2022 11:15:33.0,0:00:01.0,24/10/2022 11:15:33.8,0.007666,A AC,0.0076163,A AC,24/10/2022 11:15:33.0,0.007572,A AC,Interval,24/10/2022 11:15:34.0
23,0.007642,A AC,24/10/2022 11:15:34.0,0:00:01.0,24/10/2022 11:15:34.0,0.007642,A AC,0.007569,A AC,24/10/2022 11:15:34.9,0.007507,A AC,Interval,24/10/2022 11:15:35.0
24,0.007497,A AC,24/10/2022 11:15:35.0,0:00:01.0,24/10/2022 11:15:35.9,0.007518,A AC,0.0074885,A AC,24/10/2022 11:15:35.4,0.007473,A AC,Interval,24/10/2022 11:15:36.0
25,0.007531,A AC,24/10/2022 11:15:36.0,0:00:01.0,24/10/2022 11:15:36.9,0.007576,A AC,0.00756,A AC,24/10/2022 11:15:36.0,0.007531,A AC,Interval,24/10/2022 11:15:37.0
26,0.007583,A AC,24/10/2022 11:15:37.0,0:00:00.9,24/10/2022 11:15:37.3,0.007631,A AC,0.00761222222222222,A AC,24/10/2022 11:15:37.0,0.007583,A AC,Interval,24/10/2022 11:15:37.9
27,0.007569,A AC,24/10/2022 11:15:37.9,0:00:01.0,24/10/2022 11:15:37.9,0.007569,A AC,0.0075167,A AC,24/10/2022 11:15:38.8,0.007479,A AC,Interval,24/10/2022 11:15:38.9
28,0.007469,A AC,24/10/2022 11:15:38.9,0:00:01.0,24/10/2022 11:15:39.8,0.007541,A AC,0.0074971,A AC,24/10/2022 11:15:39.0,0.007464,A AC,Interval,24/10/2022 11:15:39.9
29,0.007552,A AC,24/10/2022 11:15:39.9,0:00:01.0,24/10/2022 11:15:40.8,0.007622,A AC,0.0075831,A AC,24/10/2022 11:15:39.9,0.007552,A AC,Interval,24/10/2022 11:15:40.9
30,0.007641,A AC,24/10/2022 11:15:40.9,0:00:01.0,24/10/2022 11:15:41.3,0.007658,A AC,0.0076327,A AC,24/10/2022 11:15:41.8,0.007584,A AC,Interval,24/10/2022 11:15:41.9
31,0.007569,A AC,24/10/2022 11:15:41.9,0:00:01.0,24/10/2022 11:15:41.9,0.007569,A AC,0.0075052,A AC,24/10/2022 11:15:42.8,0.007431,A AC,Interval,24/10/2022 11:15:42.9
32,0.007436,A AC,24/10/2022 11:15:42.9,0:00:01.0,24/10/2022 11:15:43.8,0.007552,A AC,0.0074917,A AC,24/10/2022 11:15:42.9,0.007436,A AC,Interval,24/10/2022 11:15:43.9
33,0.007552,A AC,24/10/2022 11:15:43.9,0:00:01.0,24/10/2022 11:15:44.8,0.007657,A AC,0.0075944,A AC,24/10/2022 11:15:43.9,0.007552,A AC,Interval,24/10/2022 11:15:44.9
34,0.007657,A AC,24/10/2022 11:15:44.9,0:00:01.0,24/10/2022 11:15:45.0,0.007661,A AC,0.0076089,A AC,24/10/2022 11:15:45.8,0.007548,A AC,Interval,24/10/2022 11:15:45.9
35,0.007532,A AC,24/10/2022 11:15:45.9,0:00:01.0,24/10/2022 11:15:45.9,0.007532,A AC,0.0074935,A AC,24/10/2022 11:15:46.3,0.00747,A AC,Interval,24/10/2022 11:15:46.9
36,0.00752,A AC,24/10/2022 11:15:46.9,0:00:01.0,24/10/2022 11:15:47.8,0.007609,A AC,0.0075674,A AC,24/10/2022 11:15:46.9,0.00752,A AC,Interval,24/10/2022 11:15:47.9
37,0.007617,A AC,24/10/2022 11:15:47.9,0:00:01.0,24/10/2022 11:15:48.5,0.007677,A AC,0.0076423,A AC,24/10/2022 11:15:47.9,0.007617,A AC,Interval,24/10/2022 11:15:48.9
38,0.007645,A AC,24/10/2022 11:15:48.9,0:00:01.0,24/10/2022 11:15:48.9,0.007645,A AC,0.0075774,A AC,24/10/2022 11:15:49.8,0.007521,A AC,Interval,24/10/2022 11:15:49.9
39,0.007507,A AC,24/10/2022 11:15:49.9,0:00:01.0,24/10/2022 11:15:49.9,0.007507,A AC,0.0074849,A AC,24/10/2022 11:15:50.4,0.00747,A AC,Interval,24/10/2022 11:15:51.0
40,0.007506,A AC,24/10/2022 11:15:51.0,0:00:01.0,24/10/2022 11:15:51.9,0.007592,A AC,0.0075535,A AC,24/10/2022 11:15:51.0,0.007506,A AC,Interval,24/10/2022 11:15:52.0
41,0.007602,A AC,24/10/2022 11:15:52.0,0:00:01.0,24/10/2022 11:15:52.6,0.007654,A AC,0.0076284,A AC,24/10/2022 11:15:52.0,0.007602,A AC,Interval,24/10/2022 11:15:53.0
42,0.007608,A AC,24/10/2022 11:15:53.0,0:00:01.0,24/10/2022 11:15:53.0,0.007608,A AC,0.0075532,A AC,24/10/2022 11:15:53.9,0.007482,A AC,Interval,24/10/2022 11:15:54.0
43,0.00746,A AC,24/10/2022 11:15:54.0,0:00:00.9,24/10/2022 11:15:54.8,0.007521,A AC,0.00747077777777778,A AC,24/10/2022 11:15:54.2,0.007441,A AC,Interval,24/10/2022 11:15:54.9
44,0.007533,A AC,24/10/2022 11:15:54.9,0:00:01.0,24/10/2022 11:15:55.8,0.007666,A AC,0.0075946,A AC,24/10/2022 11:15:54.9,0.007533,A AC,Interval,24/10/2022 11:15:55.9
45,0.007671,A AC,24/10/2022 11:15:55.9,0:00:01.0,24/10/2022 11:15:56.3,0.007697,A AC,0.0076675,A AC,24/10/2022 11:15:56.8,0.007595,A AC,Interval,24/10/2022 11:15:56.9
46,0.007567,A AC,24/10/2022 11:15:56.9,0:00:01.0,24/10/2022 11:15:56.9,0.007567,A AC,0.0075002,A AC,24/10/2022 11:15:57.8,0.007453,A AC,Interval,24/10/2022 11:15:57.9
47,0.007442,A AC,24/10/2022 11:15:57.9,0:00:01.0,24/10/2022 11:15:58.8,0.00757,A AC,0.0074875,A AC,24/10/2022 11:15:57.9,0.007442,A AC,Interval,24/10/2022 11:15:58.9
48,0.007583,A AC,24/10/2022 11:15:58.9,0:00:01.0,24/10/2022 11:15:59.8,0.007649,A AC,0.0076146,A AC,24/10/2022 11:15:58.9,0.007583,A AC,Interval,24/10/2022 11:15:59.9
49,0.007653,A AC,24/10/2022 11:15:59.9,0:00:01.0,24/10/2022 11:16:00.0,0.00766,A AC,0.0076157,A AC,24/10/2022 11:16:00.8,0.007537,A AC,Interval,24/10/2022 11:16:00.9
50,0.007523,A AC,24/10/2022 11:16:00.9,0:00:01.0,24/10/2022 11:16:00.9,0.007523,A AC,0.0074652,A AC,24/10/2022 11:16:01.7,0.00743,A AC,Interval,24/10/2022 11:16:01.9
51,0.007441,A AC,24/10/2022 11:16:01.9,0:00:01.0,24/10/2022 11:16:02.7,0.007547,A AC,0.0074989,A AC,24/10/2022 11:16:01.9,0.007441,A AC,Interval,24/10/2022 11:16:02.9
52,0.007542,A AC,24/10/2022 11:16:02.9,0:00:01.0,24/10/2022 11:16:03.8,0.007609,A AC,0.0075649,A AC,24/10/2022 11:16:03.0,0.007541,A AC,Interval,24/10/2022 11:16:03.9
53,0.007611,A AC,24/10/2022 11:16:03.9,0:00:01.0,24/10/2022 11:16:03.9,0.007611,A AC,0.0075423,A AC,24/10/2022 11:16:04.8,0.00749,A AC,Interval,24/10/2022 11:16:04.9
54,0.007489,A AC,24/10/2022 11:16:04.9,0:00:01.0,24/10/2022 11:16:04.9,0.007489,A AC,0.0074575,A AC,24/10/2022 11:16:05.2,0.007439,A AC,Interval,24/10/2022 11:16:05.9
55,0.007487,A AC,24/10/2022 11:16:05.9,0:00:01.0,24/10/2022 11:16:06.8,0.00758,A AC,0.0075366,A AC,24/10/2022 11:16:05.9,0.007487,A AC,Interval,24/10/2022 11:16:06.9
56,0.007589,A AC,24/10/2022 11:16:06.9,0:00:01.0,24/10/2022 11:16:07.6,0.007649,A AC,0.0076271,A AC,24/10/2022 11:16:06.9,0.007589,A AC,Interval,24/10/2022 11:16:08.0
57,0.007614,A AC,24/10/2022 11:16:08.0,0:00:00.9,24/10/2022 11:16:08.8,0.01255,A AC,0.00938555555555556,A AC,24/10/2022 11:16:08.1,0.0076,A AC,Unstable,24/10/2022 11:16:08.9
58,0.011066,A AC,24/10/2022 11:16:08.9,0:00:00.1,24/10/2022 11:16:08.9,0.011066,A AC,0.011066,A AC,24/10/2022 11:16:08.9,0.011066,A AC,Interval,24/10/2022 11:16:09.0
59,0.00928,A AC,24/10/2022 11:16:09.0,0:00:00.8,24/10/2022 11:16:09.5,0.012012,A AC,0.009837375,A AC,24/10/2022 11:16:09.3,0.007977,A AC,Unstable,24/10/2022 11:16:09.8
60,0.009702,A AC,24/10/2022 11:16:09.8,0:00:00.2,24/10/2022 11:16:09.8,0.009702,A AC,0.009574,A AC,24/10/2022 11:16:09.9,0.009446,A AC,Interval,24/10/2022 11:16:10.0
61,0.009357,A AC,24/10/2022 11:16:10.0,0:00:00.9,24/10/2022 11:16:10.7,0.010886,A AC,0.00996011111111111,A AC,24/10/2022 11:16:10.1,0.009288,A AC,Unstable,24/10/2022 11:16:10.9
62,0.011193,A AC,24/10/2022 11:16:10.9,0:00:00.1,24/10/2022 11:16:10.9,0.011193,A AC,0.011193,A AC,24/10/2022 11:16:10.9,0.011193,A AC,Interval,24/10/2022 11:16:11.0
63,0.010623,A AC,24/10/2022 11:16:11.0,0:00:00.8,24/10/2022 11:16:11.7,0.011933,A AC,0.010615375,A AC,24/10/2022 11:16:11.4,0.009695,A AC,Unstable,24/10/2022 11:16:11.8
64,0.010934,A AC,24/10/2022 11:16:11.8,0:00:00.1,24/10/2022 11:16:11.8,0.010934,A AC,0.010934,A AC,24/10/2022 11:16:11.8,0.010934,A AC,Interval,24/10/2022 11:16:11.9
65,0.009897,A AC,24/10/2022 11:16:11.9,0:00:00.9,24/10/2022 11:16:12.6,0.010394,A AC,0.00978566666666667,A AC,24/10/2022 11:16:12.3,0.009289,A AC,Unstable,24/10/2022 11:16:12.8
66,0.011661,A AC,24/10/2022 11:16:12.8,0:00:00.1,24/10/2022 11:16:12.8,0.011661,A AC,0.011661,A AC,24/10/2022 11:16:12.8,0.011661,A AC,Interval,24/10/2022 11:16:12.9
67,0.01182,A AC,24/10/2022 11:16:12.9,0:00:00.9,24/10/2022 11:16:12.9,0.01182,A AC,0.0101931111111111,A AC,24/10/2022 11:16:13.3,0.009374,A AC,Unstable,24/10/2022 11:16:13.8
68,0.009912,A AC,24/10/2022 11:16:13.8,0:00:00.1,24/10/2022 11:16:13.8,0.009912,A AC,0.009912,A AC,24/10/2022 11:16:13.8,0.009912,A AC,Interval,24/10/2022 11:16:13.9
69,0.009538,A AC,24/10/2022 11:16:13.9,0:00:00.9,24/10/2022 11:16:14.1,0.012133,A AC,0.0101592222222222,A AC,24/10/2022 11:16:14.6,0.009424,A AC,Unstable,24/10/2022 11:16:14.8
70,0.011656,A AC,24/10/2022 11:16:14.8,0:00:00.1,24/10/2022 11:16:14.8,0.011656,A AC,0.011656,A AC,24/10/2022 11:16:14.8,0.011656,A AC,Interval,24/10/2022 11:16:14.9
71,0.012249,A AC,24/10/2022 11:16:14.9,0:00:00.7,24/10/2022 11:16:14.9,0.012249,A AC,0.0104834285714286,A AC,24/10/2022 11:16:15.5,0.009407,A AC,Unstable,24/10/2022 11:16:15.6
72,0.009345,A AC,24/10/2022 11:16:15.6,0:00:00.3,24/10/2022 11:16:15.6,0.009345,A AC,0.009328,A AC,24/10/2022 11:16:15.8,0.009316,A AC,Interval,24/10/2022 11:16:15.9
73,0.010372,A AC,24/10/2022 11:16:15.9,0:00:00.9,24/10/2022 11:16:16.6,0.01184,A AC,0.0104905555555556,A AC,24/10/2022 11:16:16.0,0.009859,A AC,Unstable,24/10/2022 11:16:16.8
74,0.009716,A AC,24/10/2022 11:16:16.8,0:00:00.1,24/10/2022 11:16:16.8,0.009716,A AC,0.009716,A AC,24/10/2022 11:16:16.8,0.009716,A AC,Interval,24/10/2022 11:16:16.9
75,0.009482,A AC,24/10/2022 11:16:16.9,0:00:00.7,24/10/2022 11:16:17.3,0.012235,A AC,0.0107525714285714,A AC,24/10/2022 11:16:17.0,0.009477,A AC,Unstable,24/10/2022 11:16:17.6
76,0.009696,A AC,24/10/2022 11:16:17.6,0:00:00.3,24/10/2022 11:16:17.6,0.009696,A AC,0.00956066666666667,A AC,24/10/2022 11:16:17.8,0.00947,A AC,Interval,24/10/2022 11:16:17.9
77,0.009516,A AC,24/10/2022 11:16:17.9,0:00:00.9,24/10/2022 11:16:18.6,0.010594,A AC,0.00995188888888889,A AC,24/10/2022 11:16:18.2,0.009429,A AC,Unstable,24/10/2022 11:16:18.8
78,0.011678,A AC,24/10/2022 11:16:18.8,0:00:00.1,24/10/2022 11:16:18.8,0.011678,A AC,0.011678,A AC,24/10/2022 11:16:18.8,0.011678,A AC,Interval,24/10/2022 11:16:18.9
79,0.01062,A AC,24/10/2022 11:16:18.9,0:00:00.7,24/10/2022 11:16:19.4,0.011799,A AC,0.0104841428571429,A AC,24/10/2022 11:16:19.1,0.009551,A AC,Unstable,24/10/2022 11:16:19.6
80,0.009717,A AC,24/10/2022 11:16:19.6,0:00:00.3,24/10/2022 11:16:19.6,0.009717,A AC,0.00949233333333333,A AC,24/10/2022 11:16:19.8,0.009313,A AC,Interval,24/10/2022 11:16:19.9
81,0.010238,A AC,24/10/2022 11:16:19.9,0:00:00.9,24/10/2022 11:16:20.1,0.011249,A AC,0.0101476666666667,A AC,24/10/2022 11:16:20.4,0.009375,A AC,Unstable,24/10/2022 11:16:20.8
82,0.011556,A AC,24/10/2022 11:16:20.8,0:00:00.1,24/10/2022 11:16:20.8,0.011556,A AC,0.011556,A AC,24/10/2022 11:16:20.8,0.011556,A AC,Interval,24/10/2022 11:16:20.9
83,0.012128,A AC,24/10/2022 11:16:20.9,0:00:00.3,24/10/2022 11:16:20.9,0.012128,A AC,0.0113543333333333,A AC,24/10/2022 11:16:21.1,0.01025,A AC,Unstable,24/10/2022 11:16:21.2
84,0.009686,A AC,24/10/2022 11:16:21.2,0:00:00.7,24/10/2022 11:16:21.8,0.009863,A AC,0.00946585714285714,A AC,24/10/2022 11:16:21.4,0.009292,A AC,Interval,24/10/2022 11:16:21.9
85,0.010241,A AC,24/10/2022 11:16:21.9,0:00:00.7,24/10/2022 11:16:22.3,0.012261,A AC,0.01088,A AC,24/10/2022 11:16:22.1,0.010092,A AC,Unstable,24/10/2022 11:16:22.6
86,0.00962,A AC,24/10/2022 11:16:22.6,0:00:00.3,24/10/2022 11:16:22.6,0.00962,A AC,0.00948733333333333,A AC,24/10/2022 11:16:22.8,0.009396,A AC,Interval,24/10/2022 11:16:22.9
87,0.00937,A AC,24/10/2022 11:16:22.9,0:00:00.8,24/10/2022 11:16:23.3,0.010733,A AC,0.009851125,A AC,24/10/2022 11:16:23.0,0.009305,A AC,Unstable,24/10/2022 11:16:23.7
88,0.010137,A AC,24/10/2022 11:16:23.7,0:00:00.2,24/10/2022 11:16:23.7,0.010137,A AC,0.010127,A AC,24/10/2022 11:16:23.8,0.010117,A AC,Interval,24/10/2022 11:16:23.9
89,0.010125,A AC,24/10/2022 11:16:23.9,0:00:00.9,24/10/2022 11:16:24.0,0.011042,A AC,0.010227,A AC,24/10/2022 11:16:24.3,0.009534,A AC,Unstable,24/10/2022 11:16:24.9
90,0.011636,A AC,24/10/2022 11:16:24.9,0:00:00.1,24/10/2022 11:16:24.9,0.011636,A AC,0.011636,A AC,24/10/2022 11:16:24.9,0.011636,A AC,Interval,24/10/2022 11:16:25.0
91,0.010259,A AC,24/10/2022 11:16:25.0,0:00:00.9,24/10/2022 11:16:25.6,0.012268,A AC,0.010737,A AC,24/10/2022 11:16:25.2,0.009486,A AC,Unstable,24/10/2022 11:16:25.9
92,0.009542,A AC,24/10/2022 11:16:25.9,0:00:00.1,24/10/2022 11:16:25.9,0.009542,A AC,0.009542,A AC,24/10/2022 11:16:25.9,0.009542,A AC,Interval,24/10/2022 11:16:26.0
93,0.009371,A AC,24/10/2022 11:16:26.0,0:00:00.9,24/10/2022 11:16:26.8,0.011,A AC,0.00955433333333333,A AC,24/10/2022 11:16:26.2,0.009338,A AC,Unstable,24/10/2022 11:16:26.9
94,0.009898,A AC,24/10/2022 11:16:26.9,0:00:00.1,24/10/2022 11:16:26.9,0.009898,A AC,0.009898,A AC,24/10/2022 11:16:26.9,0.009898,A AC,Interval,24/10/2022 11:16:27.0
95,0.00975,A AC,24/10/2022 11:16:27.0,0:00:00.5,24/10/2022 11:16:27.2,0.01208,A AC,0.0108882,A AC,24/10/2022 11:16:27.0,0.00975,A AC,Unstable,24/10/2022 11:16:27.5
96,0.009516,A AC,24/10/2022 11:16:27.5,0:00:00.5,24/10/2022 11:16:27.5,0.009516,A AC,0.0093026,A AC,24/10/2022 11:16:27.7,0.009221,A AC,Interval,24/10/2022 11:16:28.0
97,0.009998,A AC,24/10/2022 11:16:28.0,0:00:00.8,24/10/2022 11:16:28.3,0.010914,A AC,0.01025575,A AC,24/10/2022 11:16:28.6,0.009584,A AC,Unstable,24/10/2022 11:16:28.8
98,0.010865,A AC,24/10/2022 11:16:28.8,0:00:00.1,24/10/2022 11:16:28.8,0.010865,A AC,0.010865,A AC,24/10/2022 11:16:28.8,0.010865,A AC,Interval,24/10/2022 11:16:28.9
99,0.009829,A AC,24/10/2022 11:16:28.9,0:00:00.9,24/10/2022 11:16:29.7,0.011539,A AC,0.0103086666666667,A AC,24/10/2022 11:16:29.3,0.009547,A AC,Unstable,24/10/2022 11:16:29.8
100,0.012108,A AC,24/10/2022 11:16:29.8,0:00:00.1,24/10/2022 11:16:29.8,0.012108,A AC,0.012108,A AC,24/10/2022 11:16:29.8,0.012108,A AC,Interval,24/10/2022 11:16:29.9
101,0.012305,A AC,24/10/2022 11:16:29.9,0:00:00.8,24/10/2022 11:16:29.9,0.012305,A AC,0.011111625,A AC,24/10/2022 11:16:30.6,0.009909,A AC,Unstable,24/10/2022 11:16:30.7
102,0.009469,A AC,24/10/2022 11:16:30.7,0:00:00.2,24/10/2022 11:16:30.7,0.009469,A AC,0.0094215,A AC,24/10/2022 11:16:30.8,0.009374,A AC,Interval,24/10/2022 11:16:30.9
103,0.009313,A AC,24/10/2022 11:16:30.9,0:00:01.0,24/10/2022 11:16:31.8,0.009367,A AC,0.0092664,A AC,24/10/2022 11:16:31.2,0.009198,A AC,Interval,24/10/2022 11:16:31.9
104,0.009454,A AC,24/10/2022 11:16:31.9,0:00:00.9,24/10/2022 11:16:32.1,0.011825,A AC,0.0101896666666667,A AC,24/10/2022 11:16:32.7,0.009396,A AC,Unstable,24/10/2022 11:16:32.8
105,0.009976,A AC,24/10/2022 11:16:32.8,0:00:00.1,24/10/2022 11:16:32.8,0.009976,A AC,0.009976,A AC,24/10/2022 11:16:32.8,0.009976,A AC,Interval,24/10/2022 11:16:32.9
106,0.011591,A AC,24/10/2022 11:16:32.9,0:00:00.9,24/10/2022 11:16:32.9,0.011591,A AC,0.0104274444444444,A AC,24/10/2022 11:16:33.1,0.009683,A AC,Unstable,24/10/2022 11:16:33.8
107,0.009942,A AC,24/10/2022 11:16:33.8,0:00:00.1,24/10/2022 11:16:33.8,0.009942,A AC,0.009942,A AC,24/10/2022 11:16:33.8,0.009942,A AC,Interval,24/10/2022 11:16:33.9
108,0.010402,A AC,24/10/2022 11:16:33.9,0:00:00.8,24/10/2022 11:16:34.3,0.012241,A AC,0.011102,A AC,24/10/2022 11:16:34.6,0.010077,A AC,Unstable,24/10/2022 11:16:34.7
109,0.00967,A AC,24/10/2022 11:16:34.7,0:00:00.2,24/10/2022 11:16:34.7,0.00967,A AC,0.0095985,A AC,24/10/2022 11:16:34.8,0.009527,A AC,Interval,24/10/2022 11:16:34.9
110,0.00936,A AC,24/10/2022 11:16:34.9,0:00:00.8,24/10/2022 11:16:35.6,0.009893,A AC,0.009342625,A AC,24/10/2022 11:16:35.2,0.009195,A AC,Unstable,24/10/2022 11:16:35.7
111,0.011759,A AC,24/10/2022 11:16:35.7,0:00:00.2,24/10/2022 11:16:35.8,0.01214,A AC,0.0119495,A AC,24/10/2022 11:16:35.7,0.011759,A AC,Interval,24/10/2022 11:16:35.9
112,0.010866,A AC,24/10/2022 11:16:35.9,0:00:00.9,24/10/2022 11:16:35.9,0.010866,A AC,0.00982311111111111,A AC,24/10/2022 11:16:36.2,0.00939,A AC,Unstable,24/10/2022 11:16:36.8
113,0.010647,A AC,24/10/2022 11:16:36.8,0:00:00.1,24/10/2022 11:16:36.8,0.010647,A AC,0.010647,A AC,24/10/2022 11:16:36.8,0.010647,A AC,Interval,24/10/2022 11:16:36.9
114,0.010312,A AC,24/10/2022 11:16:36.9,0:00:00.9,24/10/2022 11:16:37.3,0.011185,A AC,0.0104564444444444,A AC,24/10/2022 11:16:37.4,0.010032,A AC,Unstable,24/10/2022 11:16:37.8
115,0.010022,A AC,24/10/2022 11:16:37.8,0:00:00.1,24/10/2022 11:16:37.8,0.010022,A AC,0.010022,A AC,24/10/2022 11:16:37.8,0.010022,A AC,Interval,24/10/2022 11:16:37.9
116,0.010288,A AC,24/10/2022 11:16:37.9,0:00:00.8,24/10/2022 11:16:38.4,0.011925,A AC,0.01069175,A AC,24/10/2022 11:16:38.0,0.010128,A AC,Unstable,24/10/2022 11:16:38.7
117,0.009604,A AC,24/10/2022 11:16:38.7,0:00:00.2,24/10/2022 11:16:38.7,0.009604,A AC,0.0094895,A AC,24/10/2022 11:16:38.8,0.009375,A AC,Interval,24/10/2022 11:16:38.9
118,0.009355,A AC,24/10/2022 11:16:38.9,0:00:00.7,24/10/2022 11:16:39.4,0.011719,A AC,0.0100488571428571,A AC,24/10/2022 11:16:39.1,0.009224,A AC,Unstable,24/10/2022 11:16:39.6
119,0.009703,A AC,24/10/2022 11:16:39.6,0:00:00.3,24/10/2022 11:16:39.6,0.009703,A AC,0.00955433333333333,A AC,24/10/2022 11:16:39.8,0.009423,A AC,Interval,24/10/2022 11:16:39.9
120,0.011504,A AC,24/10/2022 11:16:39.9,0:00:00.6,24/10/2022 11:16:39.9,0.011504,A AC,0.0102965,A AC,24/10/2022 11:16:40.3,0.009455,A AC,Unstable,24/10/2022 11:16:40.5
121,0.010245,A AC,24/10/2022 11:16:40.5,0:00:00.4,24/10/2022 11:16:40.6,0.010648,A AC,0.01039925,A AC,24/10/2022 11:16:40.5,0.010245,A AC,Interval,24/10/2022 11:16:40.9
122,0.010058,A AC,24/10/2022 11:16:40.9,0:00:00.9,24/10/2022 11:16:41.8,0.011779,A AC,0.010575,A AC,24/10/2022 11:16:41.6,0.0094,A AC,Unstable,24/10/2022 11:16:41.9
123,0.010217,A AC,24/10/2022 11:16:41.9,0:00:00.1,24/10/2022 11:16:41.9,0.010217,A AC,0.010217,A AC,24/10/2022 11:16:41.9,0.010217,A AC,Interval,24/10/2022 11:16:42.0
124,0.009585,A AC,24/10/2022 11:16:42.0,0:00:00.9,24/10/2022 11:16:42.8,0.011675,A AC,0.0100832222222222,A AC,24/10/2022 11:16:42.2,0.009327,A AC,Unstable,24/10/2022 11:16:42.9
125,0.010425,A AC,24/10/2022 11:16:42.9,0:00:00.1,24/10/2022 11:16:42.9,0.010425,A AC,0.010425,A AC,24/10/2022 11:16:42.9,0.010425,A AC,Interval,24/10/2022 11:16:43.0
126,0.009791,A AC,24/10/2022 11:16:43.0,0:00:00.7,24/10/2022 11:16:43.5,0.011799,A AC,0.0103658571428571,A AC,24/10/2022 11:16:43.1,0.009418,A AC,Unstable,24/10/2022 11:16:43.7
127,0.010026,A AC,24/10/2022 11:16:43.7,0:00:00.3,24/10/2022 11:16:43.7,0.010026,A AC,0.00972266666666667,A AC,24/10/2022 11:16:43.9,0.009474,A AC,Interval,24/10/2022 11:16:44.0
128,0.009329,A AC,24/10/2022 11:16:44.0,0:00:00.8,24/10/2022 11:16:44.3,0.012003,A AC,0.010238,A AC,24/10/2022 11:16:44.0,0.009329,A AC,Unstable,24/10/2022 11:16:44.8
129,0.010107,A AC,24/10/2022 11:16:44.8,0:00:00.2,24/10/2022 11:16:44.9,0.010415,A AC,0.010261,A AC,24/10/2022 11:16:44.8,0.010107,A AC,Interval,24/10/2022 11:16:45.0
130,0.010494,A AC,24/10/2022 11:16:45.0,0:00:00.6,24/10/2022 11:16:45.3,0.011794,A AC,0.0108123333333333,A AC,24/10/2022 11:16:45.5,0.010266,A AC,Unstable,24/10/2022 11:16:45.6
131,0.009625,A AC,24/10/2022 11:16:45.6,0:00:00.3,24/10/2022 11:16:45.6,0.009625,A AC,0.00946833333333333,A AC,24/10/2022 11:16:45.8,0.009356,A AC,Interval,24/10/2022 11:16:45.9
132,0.01036,A AC,24/10/2022 11:16:45.9,0:00:00.4,24/10/2022 11:16:46.1,0.012123,A AC,0.0112535,A AC,24/10/2022 11:16:45.9,0.01036,A AC,Unstable,24/10/2022 11:16:46.3
133,0.009673,A AC,24/10/2022 11:16:46.3,0:00:00.6,24/10/2022 11:16:46.3,0.009673,A AC,0.00942683333333333,A AC,24/10/2022 11:16:46.7,0.009297,A AC,Interval,24/10/2022 11:16:46.9
134,0.009375,A AC,24/10/2022 11:16:46.9,0:00:00.8,24/10/2022 11:16:47.2,0.0122,A AC,0.01060225,A AC,24/10/2022 11:16:46.9,0.009375,A AC,Unstable,24/10/2022 11:16:47.7
135,0.009528,A AC,24/10/2022 11:16:47.7,0:00:00.2,24/10/2022 11:16:47.7,0.009528,A AC,0.0095225,A AC,24/10/2022 11:16:47.8,0.009517,A AC,Interval,24/10/2022 11:16:47.9
136,0.009463,A AC,24/10/2022 11:16:47.9,0:00:00.7,24/10/2022 11:16:48.2,0.010743,A AC,0.00996028571428571,A AC,24/10/2022 11:16:48.0,0.009365,A AC,Unstable,24/10/2022 11:16:48.6
137,0.011843,A AC,24/10/2022 11:16:48.6,0:00:00.3,24/10/2022 11:16:48.7,0.012195,A AC,0.012048,A AC,24/10/2022 11:16:48.6,0.011843,A AC,Interval,24/10/2022 11:16:48.9
138,0.010829,A AC,24/10/2022 11:16:48.9,0:00:00.9,24/10/2022 11:16:48.9,0.010829,A AC,0.00965111111111111,A AC,24/10/2022 11:16:49.6,0.00928,A AC,Unstable,24/10/2022 11:16:49.8
139,0.010632,A AC,24/10/2022 11:16:49.8,0:00:00.1,24/10/2022 11:16:49.8,0.010632,A AC,0.010632,A AC,24/10/2022 11:16:49.8,0.010632,A AC,Interval,24/10/2022 11:16:49.9
140,0.011349,A AC,24/10/2022 11:16:49.9,0:00:00.8,24/10/2022 11:16:49.9,0.011349,A AC,0.01009925,A AC,24/10/2022 11:16:50.2,0.009305,A AC,Unstable,24/10/2022 11:16:50.7
141,0.01064,A AC,24/10/2022 11:16:50.7,0:00:00.2,24/10/2022 11:16:50.7,0.01064,A AC,0.0105125,A AC,24/10/2022 11:16:50.8,0.010385,A AC,Interval,24/10/2022 11:16:50.9
142,0.011711,A AC,24/10/2022 11:16:50.9,0:00:00.3,24/10/2022 11:16:51.0,0.01195,A AC,0.01144,A AC,24/10/2022 11:16:51.1,0.010659,A AC,Unstable,24/10/2022 11:16:51.2
143,0.009866,A AC,24/10/2022 11:16:51.2,0:00:00.7,24/10/2022 11:16:51.8,0.010034,A AC,0.009594,A AC,24/10/2022 11:16:51.6,0.00935,A AC,Interval,24/10/2022 11:16:51.9
144,0.010116,A AC,24/10/2022 11:16:51.9,0:00:00.5,24/10/2022 11:16:52.1,0.012031,A AC,0.0111344,A AC,24/10/2022 11:16:51.9,0.010116,A AC,Unstable,24/10/2022 11:16:52.4
145,0.009832,A AC,24/10/2022 11:16:52.4,0:00:00.5,24/10/2022 11:16:52.4,0.009832,A AC,0.0095032,A AC,24/10/2022 11:16:52.8,0.009336,A AC,Interval,24/10/2022 11:16:52.9
146,0.00945,A AC,24/10/2022 11:16:52.9,0:00:00.8,24/10/2022 11:16:53.2,0.012234,A AC,0.011237375,A AC,24/10/2022 11:16:52.9,0.00945,A AC,Unstable,24/10/2022 11:16:53.7
147,0.00968,A AC,24/10/2022 11:16:53.7,0:00:00.2,24/10/2022 11:16:53.7,0.00968,A AC,0.009514,A AC,24/10/2022 11:16:53.8,0.009348,A AC,Interval,24/10/2022 11:16:53.9
148,0.009319,A AC,24/10/2022 11:16:53.9,0:00:01.0,24/10/2022 11:16:54.8,0.009488,A AC,0.0093691,A AC,24/10/2022 11:16:54.2,0.009286,A AC,Interval,24/10/2022 11:16:54.9
149,0.009379,A AC,24/10/2022 11:16:54.9,0:00:00.9,24/10/2022 11:16:55.7,0.012314,A AC,0.0106537777777778,A AC,24/10/2022 11:16:54.9,0.009379,A AC,Unstable,24/10/2022 11:16:55.8
150,0.011346,A AC,24/10/2022 11:16:55.8,0:00:00.1,24/10/2022 11:16:55.8,0.011346,A AC,0.011346,A AC,24/10/2022 11:16:55.8,0.011346,A AC,Interval,24/10/2022 11:16:55.9
151,0.010177,A AC,24/10/2022 11:16:55.9,0:00:00.1,24/10/2022 11:16:55.9,0.010177,A AC,0.010177,A AC,24/10/2022 11:16:55.9,0.010177,A AC,Unstable,24/10/2022 11:16:56.0
152,0.009768,A AC,24/10/2022 11:16:56.0,0:00:00.9,24/10/2022 11:16:56.8,0.009829,A AC,0.009528,A AC,24/10/2022 11:16:56.5,0.009394,A AC,Interval,24/10/2022 11:16:56.9
153,0.010009,A AC,24/10/2022 11:16:56.9,0:00:00.8,24/10/2022 11:16:57.2,0.011705,A AC,0.01026725,A AC,24/10/2022 11:16:57.5,0.009493,A AC,Unstable,24/10/2022 11:16:57.7
154,0.011364,A AC,24/10/2022 11:16:57.7,0:00:00.2,24/10/2022 11:16:57.7,0.011364,A AC,0.0112245,A AC,24/10/2022 11:16:57.8,0.011085,A AC,Interval,24/10/2022 11:16:57.9
155,0.009909,A AC,24/10/2022 11:16:57.9,0:00:00.7,24/10/2022 11:16:58.2,0.011549,A AC,0.0100292857142857,A AC,24/10/2022 11:16:58.6,0.009458,A AC,Unstable,24/10/2022 11:16:58.7
156,0.010008,A AC,24/10/2022 11:16:58.7,0:00:00.3,24/10/2022 11:16:58.9,0.010485,A AC,0.0102333333333333,A AC,24/10/2022 11:16:58.7,0.010008,A AC,Interval,24/10/2022 11:16:59.0
157,0.010802,A AC,24/10/2022 11:16:59.0,0:00:00.9,24/10/2022 11:16:59.1,0.011907,A AC,0.010247,A AC,24/10/2022 11:16:59.6,0.009383,A AC,Unstable,24/10/2022 11:16:59.9
158,0.010478,A AC,24/10/2022 11:16:59.9,0:00:00.1,24/10/2022 11:16:59.9,0.010478,A AC,0.010478,A AC,24/10/2022 11:16:59.9,0.010478,A AC,Interval,24/10/2022 11:17:00.0
159,0.010326,A AC,24/10/2022 11:17:00.0,0:00:00.9,24/10/2022 11:17:00.1,0.011956,A AC,0.0107157777777778,A AC,24/10/2022 11:17:00.4,0.009584,A AC,Unstable,24/10/2022 11:17:00.9
160,0.009648,A AC,24/10/2022 11:17:00.9,0:00:00.1,24/10/2022 11:17:00.9,0.009648,A AC,0.009648,A AC,24/10/2022 11:17:00.9,0.009648,A AC,Interval,24/10/2022 11:17:01.0
161,0.009406,A AC,24/10/2022 11:17:01.0,0:00:00.7,24/10/2022 11:17:01.4,0.011684,A AC,0.0100522857142857,A AC,24/10/2022 11:17:01.2,0.00931,A AC,Unstable,24/10/2022 11:17:01.7
162,0.009419,A AC,24/10/2022 11:17:01.7,0:00:00.3,24/10/2022 11:17:01.7,0.009419,A AC,0.00932433333333333,A AC,24/10/2022 11:17:01.9,0.009249,A AC,Interval,24/10/2022 11:17:02.0
163,0.009842,A AC,24/10/2022 11:17:02.0,0:00:00.8,24/10/2022 11:17:02.2,0.011483,A AC,0.01031975,A AC,24/10/2022 11:17:02.5,0.009484,A AC,Unstable,24/10/2022 11:17:02.8
164,0.010217,A AC,24/10/2022 11:17:02.8,0:00:00.2,24/10/2022 11:17:02.9,0.010333,A AC,0.010275,A AC,24/10/2022 11:17:02.8,0.010217,A AC,Interval,24/10/2022 11:17:03.0
165,0.010779,A AC,24/10/2022 11:17:03.0,0:00:00.5,24/10/2022 11:17:03.2,0.011895,A AC,0.0111022,A AC,24/10/2022 11:17:03.4,0.010422,A AC,Unstable,24/10/2022 11:17:03.5
166,0.009851,A AC,24/10/2022 11:17:03.5,0:00:00.4,24/10/2022 11:17:03.5,0.009851,A AC,0.00960975,A AC,24/10/2022 11:17:03.7,0.009447,A AC,Interval,24/10/2022 11:17:03.9
167,0.01005,A AC,24/10/2022 11:17:03.9,0:00:00.7,24/10/2022 11:17:04.3,0.011898,A AC,0.0106691428571429,A AC,24/10/2022 11:17:04.5,0.009995,A AC,Unstable,24/10/2022 11:17:04.6
168,0.009557,A AC,24/10/2022 11:17:04.6,0:00:00.3,24/10/2022 11:17:04.6,0.009557,A AC,0.00941933333333333,A AC,24/10/2022 11:17:04.8,0.009289,A AC,Interval,24/10/2022 11:17:04.9
169,0.009298,A AC,24/10/2022 11:17:04.9,0:00:00.9,24/10/2022 11:17:05.0,0.010937,A AC,0.0101314444444444,A AC,24/10/2022 11:17:04.9,0.009298,A AC,Unstable,24/10/2022 11:17:05.8
170,0.011338,A AC,24/10/2022 11:17:05.8,0:00:00.1,24/10/2022 11:17:05.8,0.011338,A AC,0.011338,A AC,24/10/2022 11:17:05.8,0.011338,A AC,Interval,24/10/2022 11:17:05.9
171,0.010029,A AC,24/10/2022 11:17:05.9,0:00:00.7,24/10/2022 11:17:06.5,0.011027,A AC,0.0102888571428571,A AC,24/10/2022 11:17:06.0,0.009555,A AC,Unstable,24/10/2022 11:17:06.6
172,0.010004,A AC,24/10/2022 11:17:06.6,0:00:00.3,24/10/2022 11:17:06.8,0.01036,A AC,0.010131,A AC,24/10/2022 11:17:06.6,0.010004,A AC,Interval,24/10/2022 11:17:06.9
173,0.011053,A AC,24/10/2022 11:17:06.9,0:00:00.9,24/10/2022 11:17:07.0,0.011816,A AC,0.0103887777777778,A AC,24/10/2022 11:17:07.3,0.009523,A AC,Unstable,24/10/2022 11:17:07.8
174,0.011167,A AC,24/10/2022 11:17:07.8,0:00:00.1,24/10/2022 11:17:07.8,0.011167,A AC,0.011167,A AC,24/10/2022 11:17:07.8,0.011167,A AC,Interval,24/10/2022 11:17:07.9
175,0.00998,A AC,24/10/2022 11:17:07.9,0:00:00.9,24/10/2022 11:17:08.7,0.011181,A AC,0.0102106666666667,A AC,24/10/2022 11:17:08.0,0.009476,A AC,Unstable,24/10/2022 11:17:08.8
176,0.009942,A AC,24/10/2022 11:17:08.8,0:00:00.1,24/10/2022 11:17:08.8,0.009942,A AC,0.009942,A AC,24/10/2022 11:17:08.8,0.009942,A AC,Interval,24/10/2022 11:17:08.9
177,0.009555,A AC,24/10/2022 11:17:08.9,0:00:00.6,24/10/2022 11:17:09.1,0.011341,A AC,0.0100833333333333,A AC,24/10/2022 11:17:09.4,0.009489,A AC,Unstable,24/10/2022 11:17:09.5
178,0.010243,A AC,24/10/2022 11:17:09.5,0:00:00.4,24/10/2022 11:17:09.8,0.010617,A AC,0.0103785,A AC,24/10/2022 11:17:09.6,0.010188,A AC,Interval,24/10/2022 11:17:09.9
179,0.010512,A AC,24/10/2022 11:17:09.9,0:00:00.8,24/10/2022 11:17:10.5,0.011956,A AC,0.010525375,A AC,24/10/2022 11:17:10.0,0.009762,A AC,Unstable,24/10/2022 11:17:10.7
180,0.009821,A AC,24/10/2022 11:17:10.7,0:00:00.2,24/10/2022 11:17:10.7,0.009821,A AC,0.0096645,A AC,24/10/2022 11:17:10.8,0.009508,A AC,Interval,24/10/2022 11:17:10.9
181,0.009566,A AC,24/10/2022 11:17:10.9,0:00:00.7,24/10/2022 11:17:11.3,0.010862,A AC,0.0102258571428571,A AC,24/10/2022 11:17:10.9,0.009566,A AC,Unstable,24/10/2022 11:17:11.6
182,0.010446,A AC,24/10/2022 11:17:11.6,0:00:00.3,24/10/2022 11:17:11.7,0.01066,A AC,0.0105736666666667,A AC,24/10/2022 11:17:11.6,0.010446,A AC,Interval,24/10/2022 11:17:11.9
183,0.009717,A AC,24/10/2022 11:17:11.9,0:00:00.7,24/10/2022 11:17:12.4,0.011575,A AC,0.0104351428571429,A AC,24/10/2022 11:17:12.2,0.00963,A AC,Unstable,24/10/2022 11:17:12.6
184,0.009825,A AC,24/10/2022 11:17:12.6,0:00:00.3,24/10/2022 11:17:12.6,0.009825,A AC,0.009576,A AC,24/10/2022 11:17:12.8,0.009397,A AC,Interval,24/10/2022 11:17:12.9
185,0.009536,A AC,24/10/2022 11:17:12.9,0:00:00.8,24/10/2022 11:17:13.5,0.011378,A AC,0.010353,A AC,24/10/2022 11:17:12.9,0.009536,A AC,Unstable,24/10/2022 11:17:13.7
186,0.010019,A AC,24/10/2022 11:17:13.7,0:00:00.2,24/10/2022 11:17:13.7,0.010019,A AC,0.009904,A AC,24/10/2022 11:17:13.8,0.009789,A AC,Interval,24/10/2022 11:17:13.9
187,0.01086,A AC,24/10/2022 11:17:13.9,0:00:00.5,24/10/2022 11:17:14.1,0.012262,A AC,0.0113086,A AC,24/10/2022 11:17:14.3,0.010073,A AC,Unstable,24/10/2022 11:17:14.4
188,0.00964,A AC,24/10/2022 11:17:14.4,0:00:00.5,24/10/2022 11:17:14.4,0.00964,A AC,0.009416,A AC,24/10/2022 11:17:14.8,0.009278,A AC,Interval,24/10/2022 11:17:14.9
189,0.009386,A AC,24/10/2022 11:17:14.9,0:00:00.7,24/10/2022 11:17:15.3,0.011924,A AC,0.0104972857142857,A AC,24/10/2022 11:17:14.9,0.009386,A AC,Unstable,24/10/2022 11:17:15.6
190,0.009626,A AC,24/10/2022 11:17:15.6,0:00:00.3,24/10/2022 11:17:15.6,0.009626,A AC,0.00940833333333333,A AC,24/10/2022 11:17:15.9,0.009226,A AC,Interval,24/10/2022 11:17:16.0
191,0.009369,A AC,24/10/2022 11:17:16.0,0:00:00.9,24/10/2022 11:17:16.8,0.010852,A AC,0.0100978888888889,A AC,24/10/2022 11:17:16.0,0.009369,A AC,Unstable,24/10/2022 11:17:16.9
192,0.009894,A AC,24/10/2022 11:17:16.9,0:00:00.1,24/10/2022 11:17:16.9,0.009894,A AC,0.009894,A AC,24/10/2022 11:17:16.9,0.009894,A AC,Interval,24/10/2022 11:17:17.0
193,0.01139,A AC,24/10/2022 11:17:17.0,0:00:00.9,24/10/2022 11:17:17.4,0.011815,A AC,0.0103103333333333,A AC,24/10/2022 11:17:17.8,0.009455,A AC,Unstable,24/10/2022 11:17:17.9
194,0.011378,A AC,24/10/2022 11:17:17.9,0:00:00.1,24/10/2022 11:17:17.9,0.011378,A AC,0.011378,A AC,24/10/2022 11:17:17.9,0.011378,A AC,Interval,24/10/2022 11:17:18.0
195,0.0113,A AC,24/10/2022 11:17:18.0,0:00:00.8,24/10/2022 11:17:18.0,0.0113,A AC,0.010289,A AC,24/10/2022 11:17:18.3,0.009504,A AC,Unstable,24/10/2022 11:17:18.8
196,0.010058,A AC,24/10/2022 11:17:18.8,0:00:00.2,24/10/2022 11:17:18.8,0.010058,A AC,0.010057,A AC,24/10/2022 11:17:18.9,0.010056,A AC,Interval,24/10/2022 11:17:19.0
197,0.010357,A AC,24/10/2022 11:17:19.0,0:00:00.9,24/10/2022 11:17:19.7,0.011893,A AC,0.0107472222222222,A AC,24/10/2022 11:17:19.5,0.009831,A AC,Unstable,24/10/2022 11:17:19.9
198,0.010024,A AC,24/10/2022 11:17:19.9,0:00:00.1,24/10/2022 11:17:19.9,0.010024,A AC,0.010024,A AC,24/10/2022 11:17:19.9,0.010024,A AC,Interval,24/10/2022 11:17:20.0
199,0.009574,A AC,24/10/2022 11:17:20.0,0:00:00.8,24/10/2022 11:17:20.7,0.012033,A AC,0.010508875,A AC,24/10/2022 11:17:20.2,0.009284,A AC,Unstable,24/10/2022 11:17:20.8
200,0.010906,A AC,24/10/2022 11:17:20.8,0:00:00.1,24/10/2022 11:17:20.8,0.010906,A AC,0.010906,A AC,24/10/2022 11:17:20.8,0.010906,A AC,Interval,24/10/2022 11:17:20.9
201,0.009986,A AC,24/10/2022 11:17:20.9,0:00:00.1,24/10/2022 11:17:20.9,0.009986,A AC,0.009986,A AC,24/10/2022 11:17:20.9,0.009986,A AC,Unstable,24/10/2022 11:17:21.0
202,0.009572,A AC,24/10/2022 11:17:21.0,0:00:00.9,24/10/2022 11:17:21.0,0.009572,A AC,0.00943155555555556,A AC,24/10/2022 11:17:21.4,0.009346,A AC,Interval,24/10/2022 11:17:21.9
203,0.010407,A AC,24/10/2022 11:17:21.9,0:00:00.9,24/10/2022 11:17:22.4,0.01167,A AC,0.0104038888888889,A AC,24/10/2022 11:17:22.2,0.00977,A AC,Unstable,24/10/2022 11:17:22.8
204,0.011617,A AC,24/10/2022 11:17:22.8,0:00:00.1,24/10/2022 11:17:22.8,0.011617,A AC,0.011617,A AC,24/10/2022 11:17:22.8,0.011617,A AC,Interval,24/10/2022 11:17:22.9
205,0.011851,A AC,24/10/2022 11:17:22.9,0:00:00.6,24/10/2022 11:17:22.9,0.011851,A AC,0.010864,A AC,24/10/2022 11:17:23.4,0.009568,A AC,Unstable,24/10/2022 11:17:23.5
206,0.009334,A AC,24/10/2022 11:17:23.5,0:00:00.4,24/10/2022 11:17:23.6,0.009357,A AC,0.00931625,A AC,24/10/2022 11:17:23.7,0.009255,A AC,Interval,24/10/2022 11:17:23.9
207,0.009304,A AC,24/10/2022 11:17:23.9,0:00:00.9,24/10/2022 11:17:24.7,0.011257,A AC,0.0101035555555556,A AC,24/10/2022 11:17:24.0,0.009225,A AC,Unstable,24/10/2022 11:17:24.8
208,0.012075,A AC,24/10/2022 11:17:24.8,0:00:00.1,24/10/2022 11:17:24.8,0.012075,A AC,0.012075,A AC,24/10/2022 11:17:24.8,0.012075,A AC,Interval,24/10/2022 11:17:24.9
209,0.011842,A AC,24/10/2022 11:17:24.9,0:00:00.4,24/10/2022 11:17:24.9,0.011842,A AC,0.00979025,A AC,24/10/2022 11:17:25.2,0.008266,A AC,Unstable,24/10/2022 11:17:25.3
210,0.007932,A AC,24/10/2022 11:17:25.3,0:00:00.6,24/10/2022 11:17:25.3,0.007932,A AC,0.007692,A AC,24/10/2022 11:17:25.8,0.007593,A AC,Interval,24/10/2022 11:17:25.9
211,0.007609,A AC,24/10/2022 11:17:25.9,0:00:01.0,24/10/2022 11:17:26.1,0.007633,A AC,0.0076085,A AC,24/10/2022 11:17:26.8,0.00756,A AC,Interval,24/10/2022 11:17:26.9
212,0.007539,A AC,24/10/2022 11:17:26.9,0:00:01.0,24/10/2022 11:17:26.9,0.007539,A AC,0.0074856,A AC,24/10/2022 11:17:27.8,0.007434,A AC,Interval,24/10/2022 11:17:27.9
213,0.007442,A AC,24/10/2022 11:17:27.9,0:00:01.0,24/10/2022 11:17:28.8,0.00756,A AC,0.0074994,A AC,24/10/2022 11:17:27.9,0.007442,A AC,Interval,24/10/2022 11:17:28.9
214,0.007565,A AC,24/10/2022 11:17:28.9,0:00:01.0,24/10/2022 11:17:29.8,0.007595,A AC,0.0075797,A AC,24/10/2022 11:17:28.9,0.007565,A AC,Interval,24/10/2022 11:17:29.9
215,0.007603,A AC,24/10/2022 11:17:29.9,0:00:01.0,24/10/2022 11:17:30.0,0.00761,A AC,0.0075624,A AC,24/10/2022 11:17:30.8,0.007499,A AC,Interval,24/10/2022 11:17:30.9
216,0.007493,A AC,24/10/2022 11:17:30.9,0:00:01.0,24/10/2022 11:17:30.9,0.007493,A AC,0.0074522,A AC,24/10/2022 11:17:31.5,0.007428,A AC,Interval,24/10/2022 11:17:31.9
217,0.00745,A AC,24/10/2022 11:17:31.9,0:00:01.0,24/10/2022 11:17:32.9,0.007563,A AC,0.0075165,A AC,24/10/2022 11:17:31.9,0.00745,A AC,Interval,24/10/2022 11:17:33.0
218,0.007574,A AC,24/10/2022 11:17:33.0,0:00:01.0,24/10/2022 11:17:33.8,0.007664,A AC,0.0076181,A AC,24/10/2022 11:17:33.1,0.00757,A AC,Interval,24/10/2022 11:17:34.0
219,0.007652,A AC,24/10/2022 11:17:34.0,0:00:01.0,24/10/2022 11:17:34.0,0.007652,A AC,0.0075738,A AC,24/10/2022 11:17:34.9,0.007514,A AC,Interval,24/10/2022 11:17:35.0
220,0.007508,A AC,24/10/2022 11:17:35.0,0:00:01.0,24/10/2022 11:17:35.0,0.007508,A AC,0.00748,A AC,24/10/2022 11:17:35.5,0.007458,A AC,Interval,24/10/2022 11:17:36.0
221,0.007515,A AC,24/10/2022 11:17:36.0,0:00:01.0,24/10/2022 11:17:36.9,0.007589,A AC,0.0075592,A AC,24/10/2022 11:17:36.0,0.007515,A AC,Interval,24/10/2022 11:17:37.0
222,0.007598,A AC,24/10/2022 11:17:37.0,0:00:00.9,24/10/2022 11:17:37.6,0.007675,A AC,0.00764388888888889,A AC,24/10/2022 11:17:37.0,0.007598,A AC,Interval,24/10/2022 11:17:37.9
223,0.007642,A AC,24/10/2022 11:17:37.9,0:00:01.0,24/10/2022 11:17:37.9,0.007642,A AC,0.0075779,A AC,24/10/2022 11:17:38.8,0.007532,A AC,Interval,24/10/2022 11:17:38.9
224,0.007529,A AC,24/10/2022 11:17:38.9,0:00:01.0,24/10/2022 11:17:39.8,0.007593,A AC,0.0075572,A AC,24/10/2022 11:17:39.0,0.007525,A AC,Interval,24/10/2022 11:17:39.9
225,0.007593,A AC,24/10/2022 11:17:39.9,0:00:01.0,24/10/2022 11:17:40.8,0.007606,A AC,0.0075807,A AC,24/10/2022 11:17:40.2,0.007566,A AC,Interval,24/10/2022 11:17:40.9
226,0.007614,A AC,24/10/2022 11:17:40.9,0:00:01.0,24/10/2022 11:17:41.5,0.007664,A AC,0.0076281,A AC,24/10/2022 11:17:41.8,0.007606,A AC,Interval,24/10/2022 11:17:41.9
227,0.00759,A AC,24/10/2022 11:17:41.9,0:00:01.0,24/10/2022 11:17:41.9,0.00759,A AC,0.0075271,A AC,24/10/2022 11:17:42.8,0.007483,A AC,Interval,24/10/2022 11:17:42.9
228,0.007488,A AC,24/10/2022 11:17:42.9,0:00:01.0,24/10/2022 11:17:43.8,0.00761,A AC,0.0075507,A AC,24/10/2022 11:17:42.9,0.007488,A AC,Interval,24/10/2022 11:17:43.9
229,0.007622,A AC,24/10/2022 11:17:43.9,0:00:01.0,24/10/2022 11:17:44.8,0.007668,A AC,0.0076348,A AC,24/10/2022 11:17:44.0,0.007617,A AC,Interval,24/10/2022 11:17:44.9
230,0.007666,A AC,24/10/2022 11:17:44.9,0:00:01.0,24/10/2022 11:17:44.9,0.007666,A AC,0.0076023,A AC,24/10/2022 11:17:45.8,0.007527,A AC,Interval,24/10/2022 11:17:45.9
231,0.007508,A AC,24/10/2022 11:17:45.9,0:00:01.0,24/10/2022 11:17:45.9,0.007508,A AC,0.0074817,A AC,24/10/2022 11:17:46.3,0.007463,A AC,Interval,24/10/2022 11:17:46.9
232,0.007507,A AC,24/10/2022 11:17:46.9,0:00:01.0,24/10/2022 11:17:47.6,0.007587,A AC,0.0075562,A AC,24/10/2022 11:17:46.9,0.007507,A AC,Interval,24/10/2022 11:17:47.9
233,0.007586,A AC,24/10/2022 11:17:47.9,0:00:01.0,24/10/2022 11:17:48.5,0.007659,A AC,0.0076288,A AC,24/10/2022 11:17:47.9,0.007586,A AC,Interval,24/10/2022 11:17:48.9
234,0.007619,A AC,24/10/2022 11:17:48.9,0:00:01.0,24/10/2022 11:17:48.9,0.007619,A AC,0.0075347,A AC,24/10/2022 11:17:49.8,0.007456,A AC,Interval,24/10/2022 11:17:49.9
235,0.007455,A AC,24/10/2022 11:17:49.9,0:00:01.0,24/10/2022 11:17:50.9,0.007496,A AC,0.0074549,A AC,24/10/2022 11:17:50.3,0.007427,A AC,Interval,24/10/2022 11:17:51.0
236,0.007509,A AC,24/10/2022 11:17:51.0,0:00:01.0,24/10/2022 11:17:51.9,0.007608,A AC,0.007556,A AC,24/10/2022 11:17:51.0,0.007509,A AC,Interval,24/10/2022 11:17:52.0
237,0.007617,A AC,24/10/2022 11:17:52.0,0:00:01.0,24/10/2022 11:17:52.4,0.007646,A AC,0.0076218,A AC,24/10/2022 11:17:52.9,0.007576,A AC,Interval,24/10/2022 11:17:53.0
238,0.007559,A AC,24/10/2022 11:17:53.0,0:00:01.0,24/10/2022 11:17:53.0,0.007559,A AC,0.0075006,A AC,24/10/2022 11:17:53.9,0.007429,A AC,Interval,24/10/2022 11:17:54.0
239,0.007426,A AC,24/10/2022 11:17:54.0,0:00:00.9,24/10/2022 11:17:54.8,0.00753,A AC,0.00747055555555556,A AC,24/10/2022 11:17:54.0,0.007426,A AC,Interval,24/10/2022 11:17:54.9
240,0.007539,A AC,24/10/2022 11:17:54.9,0:00:01.0,24/10/2022 11:17:55.8,0.007636,A AC,0.0075726,A AC,24/10/2022 11:17:54.9,0.007539,A AC,Interval,24/10/2022 11:17:55.9
241,0.007653,A AC,24/10/2022 11:17:55.9,0:00:01.0,24/10/2022 11:17:56.0,0.007656,A AC,0.0076137,A AC,24/10/2022 11:17:56.8,0.007556,A AC,Interval,24/10/2022 11:17:56.9
242,0.007541,A AC,24/10/2022 11:17:56.9,0:00:01.0,24/10/2022 11:17:56.9,0.007541,A AC,0.0074912,A AC,24/10/2022 11:17:57.8,0.007446,A AC,Interval,24/10/2022 11:17:57.9
243,0.00746,A AC,24/10/2022 11:17:57.9,0:00:01.0,24/10/2022 11:17:58.7,0.007575,A AC,0.0075245,A AC,24/10/2022 11:17:57.9,0.00746,A AC,Interval,24/10/2022 11:17:58.9
244,0.007577,A AC,24/10/2022 11:17:58.9,0:00:01.0,24/10/2022 11:17:59.8,0.007671,A AC,0.0076234,A AC,24/10/2022 11:17:58.9,0.007577,A AC,Interval,24/10/2022 11:17:59.9
245,0.00767,A AC,24/10/2022 11:17:59.9,0:00:01.0,24/10/2022 11:17:59.9,0.00767,A AC,0.0075781,A AC,24/10/2022 11:18:00.8,0.007487,A AC,Interval,24/10/2022 11:18:00.9
246,0.007469,A AC,24/10/2022 11:18:00.9,0:00:01.0,24/10/2022 11:18:01.8,0.007533,A AC,0.0074657,A AC,24/10/2022 11:18:01.4,0.007436,A AC,Interval,24/10/2022 11:18:01.9
247,0.007552,A AC,24/10/2022 11:18:01.9,0:00:01.0,24/10/2022 11:18:02.8,0.007606,A AC,0.0075836,A AC,24/10/2022 11:18:01.9,0.007552,A AC,Interval,24/10/2022 11:18:02.9
248,0.00761,A AC,24/10/2022 11:18:02.9,0:00:01.0,24/10/2022 11:18:03.6,0.007649,A AC,0.0076326,A AC,24/10/2022 11:18:02.9,0.00761,A AC,Interval,24/10/2022 11:18:03.9
249,0.007614,A AC,24/10/2022 11:18:03.9,0:00:01.0,24/10/2022 11:18:03.9,0.007614,A AC,0.0075507,A AC,24/10/2022 11:18:04.8,0.007488,A AC,Interval,24/10/2022 11:18:04.9
250,0.007478,A AC,24/10/2022 11:18:04.9,0:00:01.0,24/10/2022 11:18:05.8,0.007572,A AC,0.0075159,A AC,24/10/2022 11:18:05.1,0.007472,A AC,Interval,24/10/2022 11:18:05.9
251,0.007574,A AC,24/10/2022 11:18:05.9,0:00:01.0,24/10/2022 11:18:06.8,0.00764,A AC,0.0076038,A AC,24/10/2022 11:18:05.9,0.007574,A AC,Interval,24/10/2022 11:18:06.9
252,0.007641,A AC,24/10/2022 11:18:06.9,0:00:01.0,24/10/2022 11:18:07.1,0.007656,A AC,0.0076201,A AC,24/10/2022 11:18:07.9,0.007525,A AC,Interval,24/10/2022 11:18:08.0
253,0.007512,A AC,24/10/2022 11:18:08.0,0:00:01.0,24/10/2022 11:18:08.0,0.007512,A AC,0.0074626,A AC,24/10/2022 11:18:08.7,0.007436,A AC,Interval,24/10/2022 11:18:09.0
254,0.00745,A AC,24/10/2022 11:18:09.0,0:00:01.0,24/10/2022 11:18:09.9,0.007591,A AC,0.0075107,A AC,24/10/2022 11:18:09.0,0.00745,A AC,Interval,24/10/2022 11:18:10.0
255,0.007597,A AC,24/10/2022 11:18:10.0,0:00:01.0,24/10/2022 11:18:10.9,0.007662,A AC,0.0076275,A AC,24/10/2022 11:18:10.0,0.007597,A AC,Interval,24/10/2022 11:18:11.0
256,0.007656,A AC,24/10/2022 11:18:11.0,0:00:00.9,24/10/2022 11:18:11.1,0.007657,A AC,0.00759622222222222,A AC,24/10/2022 11:18:11.8,0.007518,A AC,Interval,24/10/2022 11:18:11.9
257,0.00749,A AC,24/10/2022 11:18:11.9,0:00:01.0,24/10/2022 11:18:11.9,0.00749,A AC,0.0074552,A AC,24/10/2022 11:18:12.5,0.007433,A AC,Interval,24/10/2022 11:18:12.9
258,0.007474,A AC,24/10/2022 11:18:12.9,0:00:01.0,24/10/2022 11:18:13.8,0.007598,A AC,0.007536,A AC,24/10/2022 11:18:12.9,0.007474,A AC,Interval,24/10/2022 11:18:13.9
259,0.007602,A AC,24/10/2022 11:18:13.9,0:00:01.0,24/10/2022 11:18:14.6,0.007659,A AC,0.0076361,A AC,24/10/2022 11:18:13.9,0.007602,A AC,Interval,24/10/2022 11:18:14.9
260,0.00763,A AC,24/10/2022 11:18:14.9,0:00:01.0,24/10/2022 11:18:14.9,0.00763,A AC,0.0075619,A AC,24/10/2022 11:18:15.8,0.007511,A AC,Interval,24/10/2022 11:18:15.9
261,0.007494,A AC,24/10/2022 11:18:15.9,0:00:01.0,24/10/2022 11:18:16.8,0.007544,A AC,0.0074947,A AC,24/10/2022 11:18:16.2,0.007471,A AC,Interval,24/10/2022 11:18:16.9
262,0.007565,A AC,24/10/2022 11:18:16.9,0:00:01.0,24/10/2022 11:18:17.7,0.007612,A AC,0.0075916,A AC,24/10/2022 11:18:16.9,0.007565,A AC,Interval,24/10/2022 11:18:17.9
263,0.007592,A AC,24/10/2022 11:18:17.9,0:00:01.0,24/10/2022 11:18:18.3,0.007625,A AC,0.0076052,A AC,24/10/2022 11:18:18.8,0.00757,A AC,Interval,24/10/2022 11:18:18.9
264,0.00755,A AC,24/10/2022 11:18:18.9,0:00:01.0,24/10/2022 11:18:18.9,0.00755,A AC,0.0075141,A AC,24/10/2022 11:18:19.6,0.007482,A AC,Interval,24/10/2022 11:18:19.9
265,0.007517,A AC,24/10/2022 11:18:19.9,0:00:01.0,24/10/2022 11:18:20.6,0.00761,A AC,0.0075749,A AC,24/10/2022 11:18:19.9,0.007517,A AC,Interval,24/10/2022 11:18:20.9
266,0.007592,A AC,24/10/2022 11:18:20.9,0:00:01.0,24/10/2022 11:18:21.8,0.007665,A AC,0.0076173,A AC,24/10/2022 11:18:20.9,0.007592,A AC,Interval,24/10/2022 11:18:21.9
267,0.007667,A AC,24/10/2022 11:18:21.9,0:00:01.0,24/10/2022 11:18:22.1,0.007676,A AC,0.0076306,A AC,24/10/2022 11:18:22.8,0.007554,A AC,Interval,24/10/2022 11:18:22.9
268,0.007539,A AC,24/10/2022 11:18:22.9,0:00:01.0,24/10/2022 11:18:22.9,0.007539,A AC,0.0074832,A AC,24/10/2022 11:18:23.8,0.00745,A AC,Interval,24/10/2022 11:18:23.9
269,0.007457,A AC,24/10/2022 11:18:23.9,0:00:01.0,24/10/2022 11:18:24.9,0.007566,A AC,0.0075154,A AC,24/10/2022 11:18:23.9,0.007457,A AC,Interval,24/10/2022 11:18:25.0
270,0.007564,A AC,24/10/2022 11:18:25.0,0:00:01.0,24/10/2022 11:18:25.8,0.007632,A AC,0.0075971,A AC,24/10/2022 11:18:25.0,0.007564,A AC,Interval,24/10/2022 11:18:26.0
271,0.007605,A AC,24/10/2022 11:18:26.0,0:00:01.0,24/10/2022 11:18:26.0,0.007605,A AC,0.0075314,A AC,24/10/2022 11:18:26.9,0.007468,A AC,Interval,24/10/2022 11:18:27.0
272,0.007452,A AC,24/10/2022 11:18:27.0,0:00:01.0,24/10/2022 11:18:27.9,0.007482,A AC,0.0074429,A AC,24/10/2022 11:18:27.4,0.00742,A AC,Interval,24/10/2022 11:18:28.0
273,0.007494,A AC,24/10/2022 11:18:28.0,0:00:00.9,24/10/2022 11:18:28.8,0.007561,A AC,0.00753822222222222,A AC,24/10/2022 11:18:28.0,0.007494,A AC,Interval,24/10/2022 11:18:28.9
274,0.007565,A AC,24/10/2022 11:18:28.9,0:00:01.0,24/10/2022 11:18:29.6,0.007622,A AC,0.0075975,A AC,24/10/2022 11:18:28.9,0.007565,A AC,Interval,24/10/2022 11:18:29.9
275,0.007605,A AC,24/10/2022 11:18:29.9,0:00:01.0,24/10/2022 11:18:29.9,0.007605,A AC,0.0075404,A AC,24/10/2022 11:18:30.8,0.007483,A AC,Interval,24/10/2022 11:18:30.9
276,0.00747,A AC,24/10/2022 11:18:30.9,0:00:01.0,24/10/2022 11:18:31.8,0.007547,A AC,0.0075027,A AC,24/10/2022 11:18:30.9,0.00747,A AC,Interval,24/10/2022 11:18:31.9
277,0.007547,A AC,24/10/2022 11:18:31.9,0:00:01.0,24/10/2022 11:18:32.8,0.007548,A AC,0.007546,A AC,24/10/2022 11:18:32.2,0.007545,A AC,Interval,24/10/2022 11:18:32.9
278,0.007575,A AC,24/10/2022 11:18:32.9,0:00:01.0,24/10/2022 11:18:33.2,0.007601,A AC,0.0075758,A AC,24/10/2022 11:18:33.8,0.007527,A AC,Interval,24/10/2022 11:18:33.9
279,0.007538,A AC,24/10/2022 11:18:33.9,0:00:01.0,24/10/2022 11:18:33.9,0.007538,A AC,0.0074973,A AC,24/10/2022 11:18:34.8,0.007465,A AC,Interval,24/10/2022 11:18:34.9
280,0.007469,A AC,24/10/2022 11:18:34.9,0:00:01.0,24/10/2022 11:18:35.8,0.00759,A AC,0.0075306,A AC,24/10/2022 11:18:34.9,0.007469,A AC,Interval,24/10/2022 11:18:35.9
281,0.007583,A AC,24/10/2022 11:18:35.9,0:00:01.0,24/10/2022 11:18:36.8,0.007616,A AC,0.0075852,A AC,24/10/2022 11:18:36.2,0.007565,A AC,Interval,24/10/2022 11:18:36.9
282,0.007624,A AC,24/10/2022 11:18:36.9,0:00:01.0,24/10/2022 11:18:36.9,0.007624,A AC,0.007567,A AC,24/10/2022 11:18:37.8,0.007502,A AC,Interval,24/10/2022 11:18:37.9
283,0.007497,A AC,24/10/2022 11:18:37.9,0:00:01.0,24/10/2022 11:18:37.9,0.007497,A AC,0.0074633,A AC,24/10/2022 11:18:38.5,0.00744,A AC,Interval,24/10/2022 11:18:38.9
284,0.007493,A AC,24/10/2022 11:18:38.9,0:00:01.0,24/10/2022 11:18:39.8,0.007599,A AC,0.0075543,A AC,24/10/2022 11:18:38.9,0.007493,A AC,Interval,24/10/2022 11:18:39.9
285,0.007631,A AC,24/10/2022 11:18:39.9,0:00:01.0,24/10/2022 11:18:40.6,0.007721,A AC,0.0076856,A AC,24/10/2022 11:18:39.9,0.007631,A AC,Interval,24/10/2022 11:18:40.9
286,0.00768,A AC,24/10/2022 11:18:40.9,0:00:01.0,24/10/2022 11:18:40.9,0.00768,A AC,0.0075776,A AC,24/10/2022 11:18:41.9,0.007515,A AC,Interval,24/10/2022 11:18:42.0
287,0.007512,A AC,24/10/2022 11:18:42.0,0:00:01.0,24/10/2022 11:18:42.9,0.007532,A AC,0.0074999,A AC,24/10/2022 11:18:42.3,0.007472,A AC,Interval,24/10/2022 11:18:43.0
288,0.007549,A AC,24/10/2022 11:18:43.0,0:00:01.0,24/10/2022 11:18:43.9,0.007594,A AC,0.0075767,A AC,24/10/2022 11:18:43.0,0.007549,A AC,Interval,24/10/2022 11:18:44.0
289,0.007613,A AC,24/10/2022 11:18:44.0,0:00:01.0,24/10/2022 11:18:44.3,0.007644,A AC,0.0076175,A AC,24/10/2022 11:18:44.9,0.007567,A AC,Interval,24/10/2022 11:18:45.0
290,0.007543,A AC,24/10/2022 11:18:45.0,0:00:00.9,24/10/2022 11:18:45.0,0.007543,A AC,0.00750222222222222,A AC,24/10/2022 11:18:45.8,0.00746,A AC,Interval,24/10/2022 11:18:45.9
291,0.007456,A AC,24/10/2022 11:18:45.9,0:00:01.0,24/10/2022 11:18:46.8,0.007536,A AC,0.0074844,A AC,24/10/2022 11:18:46.0,0.007455,A AC,Interval,24/10/2022 11:18:46.9
292,0.00754,A AC,24/10/2022 11:18:46.9,0:00:01.0,24/10/2022 11:18:47.8,0.0076,A AC,0.0075667,A AC,24/10/2022 11:18:46.9,0.00754,A AC,Interval,24/10/2022 11:18:47.9
293,0.007611,A AC,24/10/2022 11:18:47.9,0:00:01.0,24/10/2022 11:18:48.0,0.007622,A AC,0.0075801,A AC,24/10/2022 11:18:48.8,0.007518,A AC,Interval,24/10/2022 11:18:48.9
294,0.007506,A AC,24/10/2022 11:18:48.9,0:00:01.0,24/10/2022 11:18:48.9,0.007506,A AC,0.0074654,A AC,24/10/2022 11:18:49.7,0.007444,A AC,Interval,24/10/2022 11:18:49.9
295,0.007455,A AC,24/10/2022 11:18:49.9,0:00:01.0,24/10/2022 11:18:50.8,0.007564,A AC,0.0075208,A AC,24/10/2022 11:18:49.9,0.007455,A AC,Interval,24/10/2022 11:18:50.9
296,0.007563,A AC,24/10/2022 11:18:50.9,0:00:01.0,24/10/2022 11:18:51.7,0.007623,A AC,0.0075896,A AC,24/10/2022 11:18:50.9,0.007563,A AC,Interval,24/10/2022 11:18:51.9
297,0.007627,A AC,24/10/2022 11:18:51.9,0:00:01.0,24/10/2022 11:18:51.9,0.007627,A AC,0.007547,A AC,24/10/2022 11:18:52.8,0.007471,A AC,Interval,24/10/2022 11:18:52.9
298,0.007465,A AC,24/10/2022 11:18:52.9,0:00:01.0,24/10/2022 11:18:52.9,0.007465,A AC,0.0074433,A AC,24/10/2022 11:18:53.4,0.007425,A AC,Interval,24/10/2022 11:18:53.9
299,0.007481,A AC,24/10/2022 11:18:53.9,0:00:01.0,24/10/2022 11:18:54.8,0.007551,A AC,0.0075275,A AC,24/10/2022 11:18:53.9,0.007481,A AC,Interval,24/10/2022 11:18:54.9
300,0.007545,A AC,24/10/2022 11:18:54.9,0:00:01.0,24/10/2022 11:18:55.4,0.0076,A AC,0.0075817,A AC,24/10/2022 11:18:54.9,0.007545,A AC,Interval,24/10/2022 11:18:55.9
301,0.007549,A AC,24/10/2022 11:18:55.9,0:00:01.0,24/10/2022 11:18:56.0,0.007552,A AC,0.0075273,A AC,24/10/2022 11:18:56.8,0.007493,A AC,Interval,24/10/2022 11:18:56.9
302,0.007484,A AC,24/10/2022 11:18:56.9,0:00:01.0,24/10/2022 11:18:57.8,0.007569,A AC,0.0075117,A AC,24/10/2022 11:18:57.0,0.007478,A AC,Interval,24/10/2022 11:18:57.9
303,0.007581,A AC,24/10/2022 11:18:57.9,0:00:01.0,24/10/2022 11:18:58.9,0.007611,A AC,0.007586,A AC,24/10/2022 11:18:58.2,0.007574,A AC,Interval,24/10/2022 11:18:59.0
304,0.007623,A AC,24/10/2022 11:18:59.0,0:00:01.0,24/10/2022 11:18:59.3,0.007635,A AC,0.00761,A AC,24/10/2022 11:18:59.9,0.007559,A AC,Interval,24/10/2022 11:19:00.0
305,0.007551,A AC,24/10/2022 11:19:00.0,0:00:01.0,24/10/2022 11:19:00.0,0.007551,A AC,0.0075043,A AC,24/10/2022 11:19:00.7,0.007474,A AC,Interval,24/10/2022 11:19:01.0
306,0.007502,A AC,24/10/2022 11:19:01.0,0:00:01.0,24/10/2022 11:19:01.9,0.007567,A AC,0.0075282,A AC,24/10/2022 11:19:01.0,0.007502,A AC,Interval,24/10/2022 11:19:02.0
307,0.007568,A AC,24/10/2022 11:19:02.0,0:00:01.0,24/10/2022 11:19:02.9,0.00768,A AC,0.0076217,A AC,24/10/2022 11:19:02.0,0.007568,A AC,Interval,24/10/2022 11:19:03.0
308,0.007666,A AC,24/10/2022 11:19:03.0,0:00:00.9,24/10/2022 11:19:03.0,0.007666,A AC,0.00760377777777778,A AC,24/10/2022 11:19:03.8,0.007533,A AC,Interval,24/10/2022 11:19:03.9
309,0.007522,A AC,24/10/2022 11:19:03.9,0:00:01.0,24/10/2022 11:19:03.9,0.007522,A AC,0.0074844,A AC,24/10/2022 11:19:04.5,0.007459,A AC,Interval,24/10/2022 11:19:04.9
310,0.00747,A AC,24/10/2022 11:19:04.9,0:00:01.0,24/10/2022 11:19:05.6,0.007572,A AC,0.0075324,A AC,24/10/2022 11:19:04.9,0.00747,A AC,Interval,24/10/2022 11:19:05.9
311,0.007583,A AC,24/10/2022 11:19:05.9,0:00:01.0,24/10/2022 11:19:06.7,0.007669,A AC,0.0076377,A AC,24/10/2022 11:19:05.9,0.007583,A AC,Interval,24/10/2022 11:19:06.9
312,0.007646,A AC,24/10/2022 11:19:06.9,0:00:01.0,24/10/2022 11:19:06.9,0.007646,A AC,0.0075732,A AC,24/10/2022 11:19:07.8,0.007506,A AC,Interval,24/10/2022 11:19:07.9
313,0.007501,A AC,24/10/2022 11:19:07.9,0:00:01.0,24/10/2022 11:19:08.8,0.007529,A AC,0.0074946,A AC,24/10/2022 11:19:08.2,0.007476,A AC,Interval,24/10/2022 11:19:08.9
314,0.007551,A AC,24/10/2022 11:19:08.9,0:00:01.0,24/10/2022 11:19:09.8,0.007598,A AC,0.0075793,A AC,24/10/2022 11:19:08.9,0.007551,A AC,Interval,24/10/2022 11:19:09.9
315,0.007611,A AC,24/10/2022 11:19:09.9,0:00:01.0,24/10/2022 11:19:10.3,0.007664,A AC,0.0076346,A AC,24/10/2022 11:19:10.8,0.007601,A AC,Interval,24/10/2022 11:19:10.9
316,0.00758,A AC,24/10/2022 11:19:10.9,0:00:01.0,24/10/2022 11:19:10.9,0.00758,A AC,0.0075207,A AC,24/10/2022 11:19:11.8,0.007467,A AC,Interval,24/10/2022 11:19:11.9
317,0.007468,A AC,24/10/2022 11:19:11.9,0:00:01.0,24/10/2022 11:19:12.8,0.007529,A AC,0.0074904,A AC,24/10/2022 11:19:12.2,0.007467,A AC,Interval,24/10/2022 11:19:12.9
318,0.007537,A AC,24/10/2022 11:19:12.9,0:00:01.0,24/10/2022 11:19:13.8,0.007602,A AC,0.0075667,A AC,24/10/2022 11:19:12.9,0.007537,A AC,Interval,24/10/2022 11:19:13.9
319,0.00761,A AC,24/10/2022 11:19:13.9,0:00:00.8,24/10/2022 11:19:14.2,0.007645,A AC,0.0076125,A AC,24/10/2022 11:19:14.6,0.007577,A AC,Stable,24/10/2022 11:19:14.7
320,0.007559,A AC,24/10/2022 11:19:14.7,0:00:00.0,,,,,,,,,Logging Stopped,24/10/2022 11:19:14.7
