time; timestamp; t_delta; target; angle
02/16/2022, 10:26:33; 1645003593.2246268; 10.158151149749756; 0.667614; 0.667614
02/16/2022, 10:26:43; 1645003603.382656; 20.31618046760559; 1.349432; 1.349432
02/16/2022, 10:26:53; 1645003613.5410087; 30.474533081054688; 2.03125; 2.03125
02/16/2022, 10:27:03; 1645003623.6917188; 40.625243186950684; 2.698864; 2.698864
02/16/2022, 10:27:13; 1645003633.8477364; 50.78126072883606; 3.380682; 3.380682
02/16/2022, 10:27:24; 1645003644.0062063; 60.939730644226074; 4.0625; 4.0625
02/16/2022, 10:27:34; 1645003654.162564; 71.09608840942383; 4.730114; 4.730113
02/16/2022, 10:27:44; 1645003664.3121545; 81.24567890167236; 5.411932; 5.411932
02/16/2022, 10:27:54; 1645003674.4641583; 91.39768266677856; 6.079545; 6.065341
02/16/2022, 10:28:04; 1645003684.618336; 101.55186033248901; 6.761364; 6.761363
02/16/2022, 10:28:14; 1645003694.771517; 111.70504140853882; 7.443182; 7.443182
02/16/2022, 10:28:24; 1645003704.9287188; 121.86224317550659; 8.110795; 8.096591
02/16/2022, 10:28:35; 1645003715.0866623; 132.02018666267395; 8.792614; 8.778409
02/16/2022, 10:28:45; 1645003725.2417228; 142.1752471923828; 9.474432; 9.474432
02/16/2022, 10:28:55; 1645003735.400106; 152.33363032341003; 10.142045; 10.127841
02/16/2022, 10:29:06; 1645003746.166107; 163.09963130950928; 10.866477; 10.866477
02/16/2022, 10:29:16; 1645003756.3259492; 173.2594735622406; 11.548295; 11.534091
02/16/2022, 10:29:26; 1645003766.4871147; 183.42063903808594; 12.215909; 12.201705
02/16/2022, 10:29:36; 1645003776.6478295; 193.58135390281677; 12.897727; 12.897727
02/16/2022, 10:29:46; 1645003786.811082; 203.74460625648499; 13.579545; 13.565341
02/16/2022, 10:29:56; 1645003796.9746702; 213.90819454193115; 14.247159; 14.232955
02/16/2022, 10:30:07; 1645003807.135748; 224.06927227973938; 14.928977; 14.928977
02/16/2022, 10:30:17; 1645003817.2974446; 234.23096895217896; 15.610795; 15.596591
02/16/2022, 10:30:27; 1645003827.4559743; 244.38949871063232; 16.292614; 16.292613
02/16/2022, 10:30:37; 1645003837.617134; 254.55065846443176; 16.960227; 16.946022
02/16/2022, 10:30:47; 1645003847.7857392; 264.7192635536194; 17.642045; 17.62784
02/16/2022, 10:30:57; 1645003857.9455788; 274.87910318374634; 18.323864; 18.323863
02/16/2022, 10:31:08; 1645003868.106603; 285.04012727737427; 18.991477; 18.977272
02/16/2022, 10:31:18; 1645003878.2687526; 295.20227694511414; 19.673295; 19.673295
02/16/2022, 10:31:28; 1645003888.4291663; 305.36269068717957; 20.355114; 20.355113
02/16/2022, 10:31:38; 1645003898.5906575; 315.52418184280396; 21.022727; 21.022727
02/16/2022, 10:31:48; 1645003908.7516518; 325.6851761341095; 21.704545; 21.69034
02/16/2022, 10:31:58; 1645003918.9127753; 335.8462996482849; 22.386364; 22.372159
02/16/2022, 10:32:09; 1645003929.0768044; 346.01032876968384; 23.053977; 23.039772
02/16/2022, 10:32:19; 1645003939.2378762; 356.1714005470276; 23.735795; 23.735795
02/16/2022, 10:32:29; 1645003949.3984945; 366.3320188522339; 24.417614; 24.403409
02/16/2022, 10:32:39; 1645003959.5587003; 376.49222469329834; 25.099432; 25.085227
02/16/2022, 10:32:49; 1645003969.7256486; 386.6591730117798; 25.767045; 25.75284
02/16/2022, 10:32:59; 1645003979.887605; 396.821129322052; 26.448864; 26.434659
02/16/2022, 10:33:10; 1645003990.0498643; 406.98338866233826; 27.130682; 27.116477
02/16/2022, 10:33:20; 1645004000.2096746; 417.14319896698; 27.798295; 27.798295
02/16/2022, 10:33:30; 1645004010.3718233; 427.30534768104553; 28.480114; 28.465909
02/16/2022, 10:33:40; 1645004020.5319762; 437.4655005931854; 29.161932; 29.147727
02/16/2022, 10:33:50; 1645004030.6906874; 447.6242117881775; 29.829545; 29.81534
02/16/2022, 10:34:00; 1645004040.850601; 457.78412532806396; 30.511364; 30.497159
02/16/2022, 10:34:11; 1645004051.0134711; 467.9469954967499; 31.193182; 31.178977
02/16/2022, 10:34:21; 1645004061.1753254; 478.10884976387024; 31.860795; 31.860795
02/16/2022, 10:34:31; 1645004071.3340092; 488.2675335407257; 32.542614; 32.528408
02/16/2022, 10:34:41; 1645004081.4935572; 498.4270815849304; 33.224432; 33.210227
02/16/2022, 10:34:51; 1645004091.6548913; 508.5884156227112; 33.892045; 33.877841
02/16/2022, 10:35:01; 1645004101.8139682; 518.7474925518036; 34.573864; 34.559658
02/16/2022, 10:35:11; 1645004111.9746842; 528.9082086086273; 35.255682; 35.241477
02/16/2022, 10:35:22; 1645004122.1351745; 539.0686988830566; 35.9375; 35.9375
02/16/2022, 10:35:32; 1645004132.3139708; 549.247495174408; 36.605114; 36.590908
02/16/2022, 10:35:42; 1645004142.4764347; 559.4099590778351; 37.286932; 37.272727
02/16/2022, 10:35:52; 1645004152.637279; 569.5708034038544; 37.96875; 37.96875
02/16/2022, 10:36:02; 1645004162.794614; 579.7281384468079; 38.636364; 38.622158
02/16/2022, 10:36:12; 1645004172.953907; 589.8874313831329; 39.318182; 39.31818
02/16/2022, 10:36:23; 1645004183.11585; 600.0493743419647; 40.0; 40.0
02/16/2022, 10:36:33; 1645004193.2764318; 610.2099561691284; 40.667614; 40.667613
02/16/2022, 10:36:43; 1645004203.4388602; 620.3723845481873; 41.349432; 41.335227
02/16/2022, 10:36:53; 1645004213.6006112; 630.5341355800629; 42.03125; 42.017044
02/16/2022, 10:37:03; 1645004223.7623184; 640.6958427429199; 42.698864; 42.684658
02/16/2022, 10:37:13; 1645004233.9226668; 650.8561911582947; 43.380682; 43.366477
02/16/2022, 10:37:24; 1645004244.0840373; 661.017561674118; 44.0625; 44.0625
02/16/2022, 10:37:34; 1645004254.2453625; 671.1788868904114; 44.744318; 44.744319
02/16/2022, 10:37:44; 1645004264.407063; 681.3405873775482; 45.411932; 45.397727
02/16/2022, 10:37:54; 1645004274.5673513; 691.500875711441; 46.09375; 46.09375
02/16/2022, 10:38:04; 1645004284.7279456; 701.6614699363708; 46.775568; 46.775569
02/16/2022, 10:38:14; 1645004294.8927195; 711.8262438774109; 47.443182; 47.44318
02/16/2022, 10:38:25; 1645004305.0530522; 721.9865765571594; 48.125; 48.125
02/16/2022, 10:38:35; 1645004315.2140753; 732.147599697113; 48.806818; 48.806819
02/16/2022, 10:38:45; 1645004325.3746252; 742.3081495761871; 49.474432; 49.460227
02/16/2022, 10:38:55; 1645004335.5369546; 752.4704790115356; 50.15625; 50.142044
02/16/2022, 10:39:05; 1645004345.7000067; 762.6335310935974; 50.838068; 50.838069
02/16/2022, 10:39:15; 1645004355.8693461; 772.8028705120087; 51.519886; 51.519886
02/16/2022, 10:39:26; 1645004366.031371; 782.9648954868317; 52.1875; 52.1875
02/16/2022, 10:39:36; 1645004376.1908183; 793.1243426799774; 52.869318; 52.869319
02/16/2022, 10:39:46; 1645004386.3518002; 803.2853245735168; 53.551136; 53.53693
02/16/2022, 10:39:56; 1645004396.5115948; 813.4451191425323; 54.21875; 54.21875
02/16/2022, 10:40:06; 1645004406.672176; 823.6057002544403; 54.900568; 54.900569
02/16/2022, 10:40:16; 1645004416.8343394; 833.7678637504578; 55.582386; 55.56818
02/16/2022, 10:40:26; 1645004426.998072; 843.9315962791443; 56.25; 56.25
02/16/2022, 10:40:37; 1645004437.1586385; 854.0921628475189; 56.931818; 56.931819
02/16/2022, 10:40:47; 1645004447.3210564; 864.2545807361603; 57.613636; 57.59943
02/16/2022, 10:40:57; 1645004457.481507; 874.4150314331055; 58.28125; 58.267044
02/16/2022, 10:41:07; 1645004467.642688; 884.5762124061584; 58.963068; 58.963069
02/16/2022, 10:41:17; 1645004477.801639; 894.7351634502411; 59.644886; 59.644886
02/16/2022, 10:41:27; 1645004487.961804; 904.8953282833099; 60.3125; 60.3125
02/16/2022, 10:41:38; 1645004498.122667; 915.056191444397; 60.994318; 60.994319
02/16/2022, 10:41:48; 1645004508.283957; 925.2174813747406; 61.676136; 61.66193
02/16/2022, 10:41:58; 1645004518.44598; 935.379504442215; 62.357955; 62.357955
02/16/2022, 10:42:08; 1645004528.6077654; 945.541289806366; 63.025568; 63.025569
02/16/2022, 10:42:18; 1645004538.7698789; 955.7034032344818; 63.707386; 63.69318
02/16/2022, 10:42:28; 1645004548.9308946; 965.8644189834595; 64.389205; 64.389205
02/16/2022, 10:42:39; 1645004559.101997; 976.0355212688446; 65.056818; 65.056816
02/16/2022, 10:42:49; 1645004569.2630365; 986.1965608596802; 65.738636; 65.724433
02/16/2022, 10:42:59; 1645004579.42288; 996.3564043045044; 66.420455; 66.420455
02/16/2022, 10:43:09; 1645004589.5855877; 1006.5191121101379; 67.088068; 67.088066
02/16/2022, 10:43:19; 1645004599.746658; 1016.6801824569702; 67.769886; 67.769889
02/16/2022, 10:43:29; 1645004609.9066033; 1026.8401277065277; 68.451705; 68.451705
02/16/2022, 10:43:40; 1645004620.0686438; 1037.0021681785583; 69.119318; 69.119316
02/16/2022, 10:43:50; 1645004630.2305324; 1047.164056777954; 69.801136; 69.786933
02/16/2022, 10:44:00; 1645004640.3931165; 1057.326640844345; 70.482955; 70.46875
02/16/2022, 10:44:10; 1645004650.553445; 1067.4869694709778; 71.164773; 71.164772
02/16/2022, 10:44:20; 1645004660.7132435; 1077.6467678546906; 71.832386; 71.818183
02/16/2022, 10:44:30; 1645004670.8734076; 1087.8069319725037; 72.514205; 72.514205
02/16/2022, 10:44:41; 1645004681.034356; 1097.967880487442; 73.196023; 73.196022
02/16/2022, 10:44:51; 1645004691.1965792; 1108.1301035881042; 73.863636; 73.835227
02/16/2022, 10:45:01; 1645004701.3588161; 1118.292340517044; 74.545455; 74.545455
02/16/2022, 10:45:11; 1645004711.519726; 1128.4532504081726; 75.227273; 75.227272
02/16/2022, 10:45:21; 1645004721.6795926; 1138.613116979599; 75.894886; 75.880683
02/16/2022, 10:45:31; 1645004731.839055; 1148.7725794315338; 76.576705; 76.576705
02/16/2022, 10:45:42; 1645004742.0084531; 1158.9419775009155; 77.258523; 77.244316
02/16/2022, 10:45:52; 1645004752.1728442; 1169.1063685417175; 77.940341; 77.926139
02/16/2022, 10:46:02; 1645004762.3337476; 1179.2672719955444; 78.607955; 78.59375
02/16/2022, 10:46:12; 1645004772.4945743; 1189.4280986785889; 79.289773; 79.289772
02/16/2022, 10:46:22; 1645004782.6632102; 1199.5967345237732; 79.971591; 79.957389
02/16/2022, 10:46:32; 1645004792.823733; 1209.7572574615479; 80.639205; 80.639205
02/16/2022, 10:46:42; 1645004802.992726; 1219.9262504577637; 81.321023; 81.321022
02/16/2022, 10:46:53; 1645004813.1532693; 1230.0867936611176; 82.002841; 81.988639
02/16/2022, 10:47:03; 1645004823.3143003; 1240.2478246688843; 82.670455; 82.65625
02/16/2022, 10:47:13; 1645004833.480424; 1250.4139482975006; 83.352273; 83.338066
02/16/2022, 10:47:23; 1645004843.6429253; 1260.5764496326447; 84.034091; 84.019889
02/16/2022, 10:47:33; 1645004853.8066592; 1270.7401835918427; 84.715909; 84.715911
02/16/2022, 10:47:43; 1645004863.9683316; 1280.9018559455872; 85.383523; 85.369316
02/16/2022, 10:47:54; 1645004874.13006; 1291.0635843276978; 86.065341; 86.065338
02/16/2022, 10:48:04; 1645004884.292317; 1301.2258412837982; 86.747159; 86.747161
02/16/2022, 10:48:14; 1645004894.4540012; 1311.3875255584717; 87.414773; 87.414772
02/16/2022, 10:48:24; 1645004904.6153433; 1321.5488677024841; 88.096591; 88.096588
02/16/2022, 10:48:34; 1645004914.9823096; 1331.9158339500427; 88.792614; 88.79261
02/16/2022, 10:48:45; 1645004925.1434047; 1342.0769290924072; 89.460227; 89.446022
02/16/2022, 10:48:55; 1645004935.3014085; 1352.234932899475; 90.142045; 90.127838
02/16/2022, 10:49:05; 1645004945.462096; 1362.3956203460693; 90.823864; 90.809661
02/16/2022, 10:49:15; 1645004955.6215994; 1372.5551238059998; 91.491477; 91.477272
02/16/2022, 10:49:25; 1645004965.7830153; 1382.7165396213531; 92.173295; 92.159088
02/16/2022, 10:49:35; 1645004975.9434779; 1392.8770022392273; 92.855114; 92.840911
02/16/2022, 10:49:46; 1645004986.1040459; 1403.0375702381134; 93.522727; 93.508522
02/16/2022, 10:49:56; 1645004996.2680578; 1413.2015821933746; 94.204545; 94.190338
02/16/2022, 10:50:06; 1645005006.4281092; 1423.3616335391998; 94.886364; 94.88636
02/16/2022, 10:50:16; 1645005016.5883753; 1433.5218997001648; 95.553977; 95.539772
02/16/2022, 10:50:26; 1645005026.7526362; 1443.6861605644226; 96.235795; 96.221588
02/16/2022, 10:50:36; 1645005036.915761; 1453.849285364151; 96.917614; 96.91761
02/16/2022, 10:50:47; 1645005047.0788362; 1464.012360572815; 97.599432; 97.599433
02/16/2022, 10:50:57; 1645005057.2394426; 1474.1729669570923; 98.267045; 98.252838
02/16/2022, 10:51:07; 1645005067.3987296; 1484.3322539329529; 98.948864; 98.934661
02/16/2022, 10:51:17; 1645005077.5614107; 1494.4949350357056; 99.630682; 99.616477
02/16/2022, 10:51:27; 1645005087.7235527; 1504.657077074051; 100.298295; 100.284088
02/16/2022, 10:51:37; 1645005097.88487; 1514.8183944225311; 100.980114; 100.965911
02/16/2022, 10:51:48; 1645005108.045246; 1524.9787702560425; 101.661932; 101.661933
02/16/2022, 10:51:58; 1645005118.2045047; 1535.1380290985107; 102.329545; 102.315338
02/16/2022, 10:52:08; 1645005128.3980553; 1545.3315796852112; 103.011364; 102.997161
02/16/2022, 10:52:18; 1645005138.5595505; 1555.4930748939514; 103.693182; 103.693183
02/16/2022, 10:52:28; 1645005148.7216382; 1565.6551625728607; 104.375; 104.375
02/16/2022, 10:52:38; 1645005158.9083276; 1575.8418519496918; 105.042614; 105.04261
02/16/2022, 10:52:49; 1645005169.0699177; 1586.0034420490265; 105.724432; 105.724433
02/16/2022, 10:52:59; 1645005179.2412522; 1596.1747765541077; 106.40625; 106.40625
02/16/2022, 10:53:09; 1645005189.4020197; 1606.3355441093445; 107.088068; 107.07386
02/16/2022, 10:53:19; 1645005199.5636692; 1616.4971935749054; 107.755682; 107.741477
02/16/2022, 10:53:29; 1645005209.7275894; 1626.6611137390137; 108.4375; 108.4375
02/16/2022, 10:53:39; 1645005219.8902538; 1636.8237781524658; 109.119318; 109.119316
02/16/2022, 10:53:50; 1645005230.0505688; 1646.9840931892395; 109.786932; 109.772727
02/16/2022, 10:54:00; 1645005240.212409; 1657.1459333896637; 110.46875; 110.46875
02/16/2022, 10:54:10; 1645005250.376272; 1667.309796333313; 111.150568; 111.150566
02/16/2022, 10:54:20; 1645005260.5459821; 1677.4795064926147; 111.818182; 111.818183
02/16/2022, 10:54:30; 1645005270.7052832; 1687.6388075351715; 112.5; 112.5
02/16/2022, 10:54:40; 1645005280.8675416; 1697.8010659217834; 113.181818; 113.181816
02/16/2022, 10:54:51; 1645005291.0301049; 1707.963629245758; 113.863636; 113.863639
02/16/2022, 10:55:01; 1645005301.193172; 1718.1266963481903; 114.53125; 114.517044
02/16/2022, 10:55:11; 1645005311.3561175; 1728.2896418571472; 115.213068; 115.213066
02/16/2022, 10:55:21; 1645005321.5176668; 1738.451191186905; 115.894886; 115.894889
02/16/2022, 10:55:31; 1645005331.6788561; 1748.6123805046082; 116.5625; 116.548294
02/16/2022, 10:55:41; 1645005341.8427877; 1758.7763121128082; 117.244318; 117.244316
02/16/2022, 10:55:52; 1645005352.0061004; 1768.939624786377; 117.926136; 117.926139
02/16/2022, 10:56:02; 1645005362.1661735; 1779.0996978282928; 118.59375; 118.59375
02/16/2022, 10:56:12; 1645005372.325271; 1789.258795261383; 119.275568; 119.275566
02/16/2022, 10:56:22; 1645005382.4883735; 1799.4218978881836; 119.957386; 119.957389
02/16/2022, 10:56:32; 1645005392.6511223; 1809.5846467018127; 120.625; 120.3125
02/16/2022, 10:56:42; 1645005402.8135622; 1819.7470865249634; 121.306818; 121.306816
02/16/2022, 10:56:52; 1645005412.975299; 1829.9088232517242; 121.988636; 121.988639
02/16/2022, 10:57:03; 1645005423.1371863; 1840.070710659027; 122.670455; 122.65625
02/16/2022, 10:57:13; 1645005433.2962995; 1850.2298238277435; 123.338068; 123.32386
02/16/2022, 10:57:23; 1645005443.5305653; 1860.4640896320343; 124.019886; 124.019889
02/16/2022, 10:57:33; 1645005453.6939285; 1870.6274528503418; 124.701705; 124.6875
02/16/2022, 10:57:43; 1645005463.8561127; 1880.7896370887756; 125.383523; 125.369316
02/16/2022, 10:57:54; 1645005474.0172923; 1890.9508166313171; 126.051136; 126.051139
02/16/2022, 10:58:04; 1645005484.178561; 1901.1120853424072; 126.732955; 126.71875
02/16/2022, 10:58:14; 1645005494.342035; 1911.275559425354; 127.414773; 127.414772
02/16/2022, 10:58:24; 1645005504.505453; 1921.4389774799347; 128.082386; 127.8125
02/16/2022, 10:58:34; 1645005514.6692698; 1931.6027941703796; 128.764205; 128.764205
02/16/2022, 10:58:44; 1645005524.830344; 1941.7638683319092; 129.446023; 129.446029
02/16/2022, 10:58:54; 1645005534.9931703; 1951.9266946315765; 130.127841; 130.113632
02/16/2022, 10:59:05; 1645005545.15592; 1962.08944439888; 130.795455; 130.78125
02/16/2022, 10:59:15; 1645005555.3203845; 1972.2539088726044; 131.477273; 131.463073
02/16/2022, 10:59:25; 1645005565.4837847; 1982.4173090457916; 132.159091; 132.144882
02/16/2022, 10:59:35; 1645005575.645782; 1992.5793063640594; 132.826705; 132.8125
02/16/2022, 10:59:45; 1645005585.8248122; 2002.7583365440369; 133.508523; 133.4375
02/16/2022, 10:59:55; 1645005595.9866078; 2012.9201321601868; 134.190341; 134.190338
02/16/2022, 11:00:06; 1645005606.1483502; 2023.0818746089935; 134.857955; 134.6875
02/16/2022, 11:00:16; 1645005616.3112772; 2033.2448015213013; 135.539773; 135.298294
02/16/2022, 11:00:26; 1645005626.4742367; 2043.4077610969543; 136.221591; 136.207382
02/16/2022, 11:00:36; 1645005636.6371884; 2053.5707128047943; 136.903409; 136.903411
02/16/2022, 11:00:46; 1645005646.8012836; 2063.7348079681396; 137.571023; 137.571029
02/16/2022, 11:00:56; 1645005656.9639034; 2073.8974277973175; 138.252841; 138.252838
02/16/2022, 11:01:07; 1645005667.125875; 2084.059399366379; 138.934659; 138.920455
02/16/2022, 11:01:17; 1645005677.2879314; 2094.221455812454; 139.602273; 139.588073
02/16/2022, 11:01:27; 1645005687.4503284; 2104.3838527202606; 140.284091; 140.284088
02/16/2022, 11:01:37; 1645005697.6132739; 2114.5467982292175; 140.965909; 140.9375
02/16/2022, 11:01:47; 1645005707.776939; 2124.710463285446; 141.633523; 141.619323
02/16/2022, 11:01:57; 1645005717.9405472; 2134.874071598053; 142.315341; 142.315338
02/16/2022, 11:02:08; 1645005728.1021025; 2145.035626888275; 142.997159; 142.8125
02/16/2022, 11:02:18; 1645005738.2652564; 2155.19878077507; 143.678977; 143.664779
02/16/2022, 11:02:28; 1645005748.4260726; 2165.359596967697; 144.346591; 144.346588
02/16/2022, 11:02:38; 1645005758.587394; 2175.520918369293; 145.028409; 145.028411
02/16/2022, 11:02:48; 1645005768.7481103; 2185.6816346645355; 145.710227; 145.696029
02/16/2022, 11:02:58; 1645005778.9108088; 2195.8443331718445; 146.377841; 146.363632
02/16/2022, 11:03:09; 1645005789.0728536; 2206.0063779354095; 147.059659; 147.059661
02/16/2022, 11:03:19; 1645005799.2355812; 2216.169105529785; 147.741477; 147.727279
02/16/2022, 11:03:29; 1645005809.3983858; 2226.331910133362; 148.409091; 148.394882
02/16/2022, 11:03:39; 1645005819.5592895; 2236.4928138256073; 149.090909; 149.090911
02/16/2022, 11:03:49; 1645005829.7209542; 2246.6544785499573; 149.772727; 149.758529
02/16/2022, 11:03:59; 1645005839.8843088; 2256.817833185196; 150.440341; 150.3125
02/16/2022, 11:04:10; 1645005850.0467515; 2266.9802758693695; 151.122159; 150.9375
02/16/2022, 11:04:20; 1645005860.2105591; 2277.1440834999084; 151.803977; 151.5625
02/16/2022, 11:04:30; 1645005870.3750834; 2287.308607816696; 152.485795; 152.1875
02/16/2022, 11:04:40; 1645005880.5371811; 2297.470705509186; 153.153409; 153.153411
02/16/2022, 11:04:50; 1645005890.6997979; 2307.633322238922; 153.835227; 153.821029
02/16/2022, 11:05:00; 1645005900.862711; 2317.7962353229523; 154.517045; 154.502838
02/16/2022, 11:05:11; 1645005911.025268; 2327.958792448044; 155.184659; 155.170455
02/16/2022, 11:05:21; 1645005921.1869807; 2338.120505094528; 155.866477; 155.852279
02/16/2022, 11:05:31; 1645005931.3547084; 2348.2882328033447; 156.548295; 156.534088
02/16/2022, 11:05:41; 1645005941.5160224; 2358.449546813965; 157.215909; 157.201705
02/16/2022, 11:05:51; 1645005951.6800327; 2368.613557100296; 157.897727; 157.883529
02/16/2022, 11:06:01; 1645005961.8429015; 2378.7764258384705; 158.579545; 158.579544
02/16/2022, 11:06:12; 1645005972.0066872; 2388.9402115345; 159.261364; 159.247161
02/16/2022, 11:06:22; 1645005982.2449288; 2399.178453207016; 159.943182; 159.92897
02/16/2022, 11:06:32; 1645005992.407972; 2409.3414964675903; 160.610795; 160.610794
02/16/2022, 11:06:42; 1645006002.5692792; 2419.5028035640717; 161.292614; 161.278411
02/16/2022, 11:06:52; 1645006012.73286; 2429.666384458542; 161.974432; 161.96022
02/16/2022, 11:07:02; 1645006022.8980436; 2439.831568002701; 162.642045; 162.642044
02/16/2022, 11:07:13; 1645006033.0657134; 2449.9992377758026; 163.323864; 163.323867
02/16/2022, 11:07:23; 1645006043.227394; 2460.1609184741974; 164.005682; 163.99147
02/16/2022, 11:07:33; 1645006053.3887722; 2470.3222966194153; 164.6875; 164.6875
02/16/2022, 11:07:43; 1645006063.5496976; 2480.4832220077515; 165.355114; 165.355117
02/16/2022, 11:07:53; 1645006073.710486; 2490.6440103054047; 166.036932; 166.02272
02/16/2022, 11:08:03; 1645006083.8712366; 2500.8047609329224; 166.71875; 166.71875
02/16/2022, 11:08:14; 1645006094.0258865; 2510.959410905838; 167.386364; 167.386367
02/16/2022, 11:08:24; 1645006104.1794608; 2521.1129851341248; 168.068182; 167.8125
02/16/2022, 11:08:34; 1645006114.3396785; 2531.273202896118; 168.75; 168.4375
02/16/2022, 11:08:44; 1645006124.5161176; 2541.449641942978; 169.417614; 169.417617
02/16/2022, 11:08:54; 1645006134.6761851; 2551.6097095012665; 170.099432; 170.08522
02/16/2022, 11:09:04; 1645006144.8353705; 2561.7688949108124; 170.78125; 170.78125
02/16/2022, 11:09:14; 1645006154.9972632; 2571.930787563324; 171.448864; 171.448867
02/16/2022, 11:09:25; 1645006165.151849; 2582.085373401642; 172.130682; 172.130676
02/16/2022, 11:09:35; 1645006175.3133914; 2592.2469158172607; 172.8125; 172.8125
02/16/2022, 11:09:45; 1645006185.4759684; 2602.4094927310944; 173.480114; 173.4375
02/16/2022, 11:09:55; 1645006195.636784; 2612.570308446884; 174.161932; 174.161926
02/16/2022, 11:10:05; 1645006205.8003569; 2622.7338812351227; 174.84375; 174.829544
02/16/2022, 11:10:15; 1645006215.9622898; 2632.895814180374; 175.525568; 175.525573
02/16/2022, 11:10:26; 1645006226.126087; 2643.0596113204956; 176.193182; 176.193176
02/16/2022, 11:10:36; 1645006236.2887368; 2653.2222611904144; 176.875; 176.875
02/16/2022, 11:10:46; 1645006246.456577; 2663.3901014328003; 177.556818; 177.556823
02/16/2022, 11:10:56; 1645006256.6171877; 2673.550712108612; 178.224432; 178.224426
02/16/2022, 11:11:06; 1645006266.7780995; 2683.7116239070892; 178.90625; 178.90625
02/16/2022, 11:11:16; 1645006276.9374354; 2693.8709597587585; 179.588068; 179.588073
02/16/2022, 11:11:27; 1645006287.0983362; 2704.031860589981; 180.255682; 180.255676
02/16/2022, 11:11:37; 1645006297.259966; 2714.1934902668; 180.9375; 180.9375
02/16/2022, 11:11:47; 1645006307.4296134; 2724.3631377220154; 181.619318; 181.5625
02/16/2022, 11:11:57; 1645006317.5927248; 2734.5262491703033; 182.301136; 182.301132
02/16/2022, 11:12:07; 1645006327.75486; 2744.68838429451; 182.96875; 182.96875
02/16/2022, 11:12:17; 1645006337.9171712; 2754.8506956100464; 183.650568; 183.636367
02/16/2022, 11:12:28; 1645006348.078; 2765.011524438858; 184.332386; 184.332382
02/16/2022, 11:12:38; 1645006358.247275; 2775.180799484253; 185.0; 185.0
02/16/2022, 11:12:48; 1645006368.409513; 2785.343037366867; 185.681818; 185.681823
02/16/2022, 11:12:58; 1645006378.5715673; 2795.5050916671753; 186.363636; 186.349426
02/16/2022, 11:13:08; 1645006388.73429; 2805.6678142547607; 187.03125; 187.03125
02/16/2022, 11:13:18; 1645006398.8951356; 2815.8286600112915; 187.713068; 187.698867
02/16/2022, 11:13:29; 1645006409.0576067; 2825.991131067276; 188.394886; 188.394882
02/16/2022, 11:13:39; 1645006419.2192154; 2836.15273976326; 189.076705; 189.0625
02/16/2022, 11:13:49; 1645006429.3805053; 2846.3140296936035; 189.744318; 189.744323
02/16/2022, 11:13:59; 1645006439.540201; 2856.4737253189087; 190.426136; 190.426132
02/16/2022, 11:14:09; 1645006449.7038193; 2866.637343645096; 191.107955; 191.09375
02/16/2022, 11:14:19; 1645006459.8664455; 2876.7999699115753; 191.775568; 191.775573
02/16/2022, 11:14:30; 1645006470.0288804; 2886.962404727936; 192.457386; 192.457382
02/16/2022, 11:14:40; 1645006480.1918204; 2897.1253447532654; 193.139205; 193.125
02/16/2022, 11:14:50; 1645006490.3533537; 2907.2868781089783; 193.806818; 193.806823
02/16/2022, 11:15:00; 1645006500.516861; 2917.4503853321075; 194.488636; 194.488632
02/16/2022, 11:15:10; 1645006510.6801248; 2927.6136491298676; 195.170455; 195.15625
02/16/2022, 11:15:20; 1645006520.8439276; 2937.777451992035; 195.838068; 195.838073
02/16/2022, 11:15:31; 1645006531.0043955; 2947.937919855118; 196.519886; 196.519882
02/16/2022, 11:15:41; 1645006541.1648924; 2958.0984168052673; 197.201705; 197.1875
02/16/2022, 11:15:51; 1645006551.3271768; 2968.2607011795044; 197.883523; 197.883529
02/16/2022, 11:16:01; 1645006561.4910731; 2978.4245975017548; 198.551136; 198.551132
02/16/2022, 11:16:11; 1645006571.6524427; 2988.585967063904; 199.232955; 199.21875
02/16/2022, 11:16:21; 1645006581.8156593; 2998.749183654785; 199.914773; 199.914779
02/16/2022, 11:16:31; 1645006591.9780655; 3008.911589860916; 200.582386; 200.582382
02/16/2022, 11:16:42; 1645006602.1406827; 3019.0742070674896; 201.264205; 200.9375
02/16/2022, 11:16:52; 1645006612.3040302; 3029.237554550171; 201.946023; 201.946029
02/16/2022, 11:17:02; 1645006622.468086; 3039.4016103744507; 202.613636; 202.613632
02/16/2022, 11:17:12; 1645006632.6283722; 3049.5618965625763; 203.295455; 203.28125
02/16/2022, 11:17:22; 1645006642.7899132; 3059.7234375476837; 203.977273; 203.977279
02/16/2022, 11:17:32; 1645006652.9508414; 3069.884365797043; 204.644886; 204.644882
02/16/2022, 11:17:43; 1645006663.1120117; 3080.0455360412598; 205.326705; 205.3125
02/16/2022, 11:17:53; 1645006673.2725873; 3090.2061116695404; 206.008523; 205.9375
02/16/2022, 11:18:03; 1645006683.4583688; 3100.3918931484222; 206.690341; 206.676132
02/16/2022, 11:18:13; 1645006693.622672; 3110.556196451187; 207.357955; 207.34375
02/16/2022, 11:18:23; 1645006703.7856724; 3120.7191967964172; 208.039773; 208.039779
02/16/2022, 11:18:33; 1645006713.9484391; 3130.88196349144; 208.721591; 208.707382
02/16/2022, 11:18:44; 1645006724.109824; 3141.043348312378; 209.389205; 209.375
02/16/2022, 11:18:54; 1645006734.2689807; 3151.2025051116943; 210.071023; 210.071029
02/16/2022, 11:19:04; 1645006744.430906; 3161.3644304275513; 210.752841; 210.752838
02/16/2022, 11:19:14; 1645006754.5944011; 3171.527925491333; 211.434659; 211.420455
02/16/2022, 11:19:24; 1645006764.7548485; 3181.688372850418; 212.102273; 212.102279
02/16/2022, 11:19:34; 1645006774.9181104; 3191.8516347408295; 212.784091; 212.769882
02/16/2022, 11:19:45; 1645006785.0775228; 3202.0110471248627; 213.465909; 213.451705
02/16/2022, 11:19:55; 1645006795.2388475; 3212.172371864319; 214.133523; 214.133529
02/16/2022, 11:20:05; 1645006805.4066465; 3222.3401708602905; 214.815341; 214.6875
02/16/2022, 11:20:15; 1645006815.5676608; 3232.5011851787567; 215.497159; 215.482955
02/16/2022, 11:20:25; 1645006825.731628; 3242.665152311325; 216.164773; 216.164779
02/16/2022, 11:20:35; 1645006835.894058; 3252.827582359314; 216.846591; 216.832382
02/16/2022, 11:20:46; 1645006846.0572789; 3262.9908032417297; 217.528409; 217.528411
02/16/2022, 11:20:56; 1645006856.219511; 3273.153035402298; 218.196023; 218.196029
02/16/2022, 11:21:06; 1645006866.380455; 3283.3139793872833; 218.877841; 218.863632
02/16/2022, 11:21:16; 1645006876.5424867; 3293.4760110378265; 219.559659; 219.559661
02/16/2022, 11:21:26; 1645006886.7052677; 3303.638792037964; 220.241477; 220.227279
02/16/2022, 11:21:36; 1645006896.8671618; 3313.800686120987; 220.909091; 220.894882
02/16/2022, 11:21:47; 1645006907.0290077; 3323.962532043457; 221.590909; 221.576705
02/16/2022, 11:21:57; 1645006917.1897457; 3334.12327003479; 222.272727; 222.258529
02/16/2022, 11:22:07; 1645006927.3513165; 3344.28484082222; 222.940341; 222.926132
02/16/2022, 11:22:17; 1645006937.5132813; 3354.446805715561; 223.622159; 223.607955
02/16/2022, 11:22:27; 1645006947.675653; 3364.609177350998; 224.303977; 224.30397
02/16/2022, 11:22:37; 1645006957.836606; 3374.7701303958893; 224.971591; 224.957382
02/16/2022, 11:22:47; 1645006967.9978237; 3384.9313480854034; 225.653409; 225.639205
02/16/2022, 11:22:58; 1645006978.157578; 3395.091102361679; 226.335227; 226.33522
02/16/2022, 11:23:08; 1645006988.3155842; 3405.2491085529327; 227.002841; 227.002838
02/16/2022, 11:23:18; 1645006998.4754179; 3415.408942222595; 227.684659; 227.670455
02/16/2022, 11:23:28; 1645007008.6372774; 3425.5708017349243; 228.366477; 228.352279
02/16/2022, 11:23:38; 1645007018.8015625; 3435.735086917877; 229.048295; 229.034088
02/16/2022, 11:23:48; 1645007028.9640157; 3445.8975400924683; 229.715909; 229.701705
02/16/2022, 11:23:59; 1645007039.1285334; 3456.0620577335358; 230.397727; 230.383529
02/16/2022, 11:24:09; 1645007049.290087; 3466.223611354828; 231.079545; 231.079544
02/16/2022, 11:24:19; 1645007059.4560578; 3476.389582157135; 231.747159; 231.732955
02/16/2022, 11:24:29; 1645007069.6178067; 3486.5513310432434; 232.428977; 232.414779
02/16/2022, 11:24:39; 1645007079.7811904; 3496.7147147655487; 233.110795; 233.110794
02/16/2022, 11:24:49; 1645007089.949822; 3506.8833463191986; 233.778409; 233.778411
02/16/2022, 11:25:00; 1645007100.112409; 3517.045933485031; 234.460227; 234.446029
02/16/2022, 11:25:10; 1645007110.2747529; 3527.2082772254944; 235.142045; 235.142044
02/16/2022, 11:25:20; 1645007120.4369864; 3537.370510816574; 235.823864; 235.823867
02/16/2022, 11:25:30; 1645007130.5996127; 3547.5331370830536; 236.491477; 236.477279
02/16/2022, 11:25:40; 1645007140.7777846; 3557.7113089561462; 237.173295; 237.159088
02/16/2022, 11:25:50; 1645007150.9428957; 3567.876420021057; 237.855114; 237.855117
02/16/2022, 11:26:01; 1645007161.1054704; 3578.0389947891235; 238.522727; 238.508529
02/16/2022, 11:26:11; 1645007171.267586; 3588.2011103630066; 239.204545; 239.190338
02/16/2022, 11:26:21; 1645007181.4293804; 3598.3629047870636; 239.886364; 239.886367
02/16/2022, 11:26:31; 1645007191.595604; 3608.5291283130646; 240.568182; 240.55397
02/16/2022, 11:26:41; 1645007201.7584248; 3618.6919491291046; 241.235795; 241.221588
02/16/2022, 11:26:51; 1645007211.9206991; 3628.8542234897614; 241.917614; 241.917617
02/16/2022, 11:27:02; 1645007222.0833297; 3639.0168540477753; 242.599432; 242.58522
02/16/2022, 11:27:12; 1645007232.2470794; 3649.1806037425995; 243.267045; 243.252838
02/16/2022, 11:27:22; 1645007242.4122741; 3659.3457984924316; 243.948864; 243.948867
02/16/2022, 11:27:32; 1645007252.5761182; 3669.509642601013; 244.630682; 244.630676
02/16/2022, 11:27:42; 1645007262.737657; 3679.6711814403534; 245.298295; 245.284088
02/16/2022, 11:27:52; 1645007272.899539; 3689.833063364029; 245.980114; 245.965911
02/16/2022, 11:28:03; 1645007283.0612788; 3699.9948031902313; 246.661932; 246.661926
02/16/2022, 11:28:13; 1645007293.221987; 3710.155511379242; 247.329545; 247.329544
02/16/2022, 11:28:23; 1645007303.3849947; 3720.318519115448; 248.011364; 247.997161
02/16/2022, 11:28:33; 1645007313.5475485; 3730.4810729026794; 248.693182; 248.693176
02/16/2022, 11:28:43; 1645007323.7110598; 3740.6445841789246; 249.375; 249.375
02/16/2022, 11:28:53; 1645007333.8854318; 3750.8189561367035; 250.042614; 250.028411
02/16/2022, 11:29:04; 1645007344.0482557; 3760.981780052185; 250.724432; 250.724426
02/16/2022, 11:29:14; 1645007354.2774763; 3771.2110006809235; 251.40625; 251.40625
02/16/2022, 11:29:24; 1645007364.437998; 3781.371522426605; 252.088068; 252.088073
02/16/2022, 11:29:34; 1645007374.6012828; 3791.5348072052; 252.755682; 252.74147
02/16/2022, 11:29:44; 1645007384.7619672; 3801.695491552353; 253.4375; 253.4375
02/16/2022, 11:29:54; 1645007394.9221537; 3811.8556780815125; 254.119318; 254.105117
02/16/2022, 11:30:05; 1645007405.0833; 3822.0168244838715; 254.786932; 254.77272
02/16/2022, 11:30:15; 1645007415.2471185; 3832.1806428432465; 255.46875; 255.46875
02/16/2022, 11:30:25; 1645007425.41008; 3842.343604326248; 256.150568; 256.136352
02/16/2022, 11:30:35; 1645007435.5714476; 3852.5049719810486; 256.832386; 256.818176
02/16/2022, 11:30:45; 1645007445.7317958; 3862.6653201580048; 257.5; 257.5
02/16/2022, 11:30:55; 1645007455.8936238; 3872.8271481990814; 258.181818; 258.181823
02/16/2022, 11:31:06; 1645007466.0566254; 3882.9901497364044; 258.863636; 258.849426
02/16/2022, 11:31:16; 1645007476.2340386; 3893.1675629615784; 259.53125; 259.53125
02/16/2022, 11:31:26; 1645007486.3975217; 3903.331046104431; 260.213068; 260.213073
02/16/2022, 11:31:36; 1645007496.562387; 3913.495911359787; 260.894886; 260.880676
02/16/2022, 11:31:46; 1645007506.7269459; 3923.6604702472687; 261.576705; 261.5625
02/16/2022, 11:31:56; 1645007516.888984; 3933.8225083351135; 262.244318; 262.244323
02/16/2022, 11:32:07; 1645007527.053168; 3943.986692428589; 262.926136; 262.911926
02/16/2022, 11:32:17; 1645007537.2199063; 3954.153430700302; 263.607955; 263.59375
02/16/2022, 11:32:27; 1645007547.3815207; 3964.315045118332; 264.275568; 264.275573
02/16/2022, 11:32:37; 1645007557.5430098; 3974.476534128189; 264.957386; 264.943176
02/16/2022, 11:32:47; 1645007567.705227; 3984.638751268387; 265.639205; 265.625
02/16/2022, 11:32:57; 1645007577.8706021; 3994.8041265010834; 266.306818; 266.306823
02/16/2022, 11:33:08; 1645007588.0321262; 4004.9656505584717; 266.988636; 266.974426
02/16/2022, 11:33:18; 1645007598.195047; 4015.1285712718964; 267.670455; 267.65625
02/16/2022, 11:33:28; 1645007608.3572202; 4025.2907445430756; 268.352273; 268.352264
02/16/2022, 11:33:38; 1645007618.5181406; 4035.4516649246216; 269.019886; 269.005676
02/16/2022, 11:33:48; 1645007628.679889; 4045.613413333893; 269.701705; 269.6875
02/16/2022, 11:33:58; 1645007638.8406508; 4055.7741751670837; 270.383523; 270.383514
02/16/2022, 11:34:09; 1645007649.004961; 4065.9384853839874; 271.051136; 271.036926
02/16/2022, 11:34:19; 1645007659.169064; 4076.102588415146; 271.732955; 271.71875
02/16/2022, 11:34:29; 1645007669.3317804; 4086.2653048038483; 272.414773; 272.414764
02/16/2022, 11:34:39; 1645007679.5035024; 4096.4370267391205; 273.082386; 273.082397
02/16/2022, 11:34:49; 1645007689.6671488; 4106.6006731987; 273.764205; 273.75
02/16/2022, 11:34:59; 1645007699.8319392; 4116.765463590622; 274.446023; 274.446014
02/16/2022, 11:35:09; 1645007709.9950593; 4126.928583621979; 275.127841; 275.127838
02/16/2022, 11:35:20; 1645007720.1576035; 4137.091127872467; 275.795455; 275.78125
02/16/2022, 11:35:30; 1645007730.3184574; 4147.2519817352295; 276.477273; 276.477264
02/16/2022, 11:35:40; 1645007740.4803104; 4157.413834810257; 277.159091; 277.159088
02/16/2022, 11:35:50; 1645007750.6428783; 4167.576402664185; 277.826705; 277.82669
02/16/2022, 11:36:00; 1645007760.805229; 4177.738753318787; 278.508523; 278.494323
02/16/2022, 11:36:10; 1645007770.9673371; 4187.900861501694; 279.190341; 279.190338
02/16/2022, 11:36:21; 1645007781.1265953; 4198.060119628906; 279.857955; 279.84375
02/16/2022, 11:36:31; 1645007791.2780368; 4208.211561203003; 280.539773; 280.539764
02/16/2022, 11:36:41; 1645007801.4461143; 4218.379638671875; 281.221591; 281.221588
02/16/2022, 11:36:51; 1645007811.6076195; 4228.541143894196; 281.889205; 281.875
02/16/2022, 11:37:01; 1645007821.7694776; 4238.703001976013; 282.571023; 282.556823
02/16/2022, 11:37:11; 1645007831.926951; 4248.860475301743; 283.252841; 283.252838
02/16/2022, 11:37:22; 1645007842.089571; 4259.023095369339; 283.934659; 283.92044
02/16/2022, 11:37:32; 1645007852.251933; 4269.185457468033; 284.602273; 284.602264
02/16/2022, 11:37:42; 1645007862.4141634; 4279.347687721252; 285.284091; 285.284088
02/16/2022, 11:37:52; 1645007872.579072; 4289.51259636879; 285.965909; 285.965911
02/16/2022, 11:38:02; 1645007882.7418792; 4299.675403594971; 286.633523; 286.633514
02/16/2022, 11:38:12; 1645007892.9027092; 4309.836233615875; 287.315341; 287.301147
02/16/2022, 11:38:23; 1645007903.1323628; 4320.065887212753; 287.997159; 287.98294
02/16/2022, 11:38:33; 1645007913.2914987; 4330.225023031235; 288.678977; 288.664764
02/16/2022, 11:38:43; 1645007923.4629626; 4340.396486997604; 289.346591; 289.346588
02/16/2022, 11:38:53; 1645007933.6270943; 4350.560618638992; 290.028409; 290.028411
02/16/2022, 11:39:03; 1645007943.7893143; 4360.722838640213; 290.710227; 290.710235
02/16/2022, 11:39:13; 1645007953.9516056; 4370.885129928589; 291.392045; 291.377838
02/16/2022, 11:39:24; 1645007964.1450539; 4381.078578233719; 292.059659; 292.04544
02/16/2022, 11:39:34; 1645007974.305768; 4391.239292383194; 292.741477; 292.727264
02/16/2022, 11:39:44; 1645007984.4673257; 4401.400850057602; 293.423295; 293.409088
02/16/2022, 11:39:54; 1645007994.6343937; 4411.56791806221; 294.090909; 294.07669
02/16/2022, 11:40:04; 1645008004.796065; 4421.72958946228; 294.772727; 294.772735
02/16/2022, 11:40:14; 1645008014.9599802; 4431.893504619598; 295.454545; 295.454559
02/16/2022, 11:40:25; 1645008025.1231346; 4442.056658983231; 296.136364; 296.122161
02/16/2022, 11:40:35; 1645008035.2864583; 4452.219982624054; 296.803977; 296.789764
02/16/2022, 11:40:45; 1645008045.4482574; 4462.3817818164825; 297.485795; 297.471588
02/16/2022, 11:40:55; 1645008055.6102545; 4472.543778896332; 298.167614; 298.153411
02/16/2022, 11:41:05; 1645008065.7718635; 4482.705387830734; 298.835227; 298.821014
02/16/2022, 11:41:15; 1645008075.934394; 4492.867918252945; 299.517045; 299.517059
02/16/2022, 11:41:26; 1645008086.1000483; 4503.033572673798; 300.198864; 300.184661
02/16/2022, 11:41:36; 1645008096.2630403; 4513.196564674377; 300.866477; 300.852264
02/16/2022, 11:41:46; 1645008106.4242501; 4523.3577744960785; 301.548295; 301.534088
02/16/2022, 11:41:56; 1645008116.5871189; 4533.520643234253; 302.230114; 302.215911
02/16/2022, 11:42:06; 1645008126.749262; 4543.682786464691; 302.911932; 302.911926
02/16/2022, 11:42:16; 1645008136.9121583; 4553.845682621002; 303.579545; 303.565338
02/16/2022, 11:42:27; 1645008147.0759897; 4564.009514093399; 304.261364; 304.247161
02/16/2022, 11:42:37; 1645008157.2397296; 4574.1732540130615; 304.943182; 304.928985
02/16/2022, 11:42:47; 1645008167.4032252; 4584.33674955368; 305.610795; 305.596588
02/16/2022, 11:42:57; 1645008177.5650628; 4594.4985871315; 306.292614; 306.278411
02/16/2022, 11:43:07; 1645008187.7274413; 4604.660965681076; 306.974432; 306.974426
02/16/2022, 11:43:17; 1645008197.8882594; 4614.821783781052; 307.642045; 307.627838
02/16/2022, 11:43:28; 1645008208.0481417; 4624.981666088104; 308.323864; 308.309661
02/16/2022, 11:43:38; 1645008218.2092633; 4635.142787694931; 309.005682; 309.005676
02/16/2022, 11:43:48; 1645008228.369257; 4645.30278134346; 309.673295; 309.659088
02/16/2022, 11:43:58; 1645008238.529216; 4655.462740421295; 310.355114; 310.340911
02/16/2022, 11:44:08; 1645008248.6922786; 4665.625802993774; 311.036932; 311.022735
02/16/2022, 11:44:18; 1645008258.8549657; 4675.788490056992; 311.71875; 311.71875
02/16/2022, 11:44:29; 1645008269.0184882; 4685.95201253891; 312.386364; 312.372161
02/16/2022, 11:44:39; 1645008279.1843104; 4696.117834806442; 313.068182; 313.068176
02/16/2022, 11:44:49; 1645008289.345227; 4706.278751373291; 313.75; 313.75
02/16/2022, 11:44:59; 1645008299.5087898; 4716.442314147949; 314.417614; 314.403411
02/16/2022, 11:45:09; 1645008309.6715412; 4726.605065584183; 315.099432; 315.085235
02/16/2022, 11:45:19; 1645008319.8316534; 4736.765177726746; 315.78125; 315.767059
02/16/2022, 11:45:29; 1645008329.993736; 4746.927260398865; 316.448864; 316.434661
02/16/2022, 11:45:40; 1645008340.15651; 4757.090034484863; 317.130682; 317.130676
02/16/2022, 11:45:50; 1645008350.3158925; 4767.2494168281555; 317.8125; 317.8125
02/16/2022, 11:46:00; 1645008360.479438; 4777.412962436676; 318.480114; 318.465911
02/16/2022, 11:46:10; 1645008370.641063; 4787.574587345123; 319.161932; 319.147735
02/16/2022, 11:46:20; 1645008380.8030689; 4797.73659324646; 319.84375; 319.829559
02/16/2022, 11:46:30; 1645008390.9730856; 4807.906610012054; 320.525568; 320.525573
02/16/2022, 11:46:41; 1645008401.1360788; 4818.069603204727; 321.193182; 321.193176
02/16/2022, 11:46:51; 1645008411.2995791; 4828.233103513718; 321.875; 321.875
02/16/2022, 11:47:01; 1645008421.4608302; 4838.394354581833; 322.556818; 322.556823
02/16/2022, 11:47:11; 1645008431.6228268; 4848.556351184845; 323.224432; 323.224426
02/16/2022, 11:47:21; 1645008441.8242588; 4858.757783174515; 323.90625; 323.892059
02/16/2022, 11:47:31; 1645008451.986568; 4868.920092344284; 324.588068; 324.573852
02/16/2022, 11:47:42; 1645008462.1503203; 4879.083844661713; 325.269886; 325.255676
02/16/2022, 11:47:52; 1645008472.3117678; 4889.245292186737; 325.9375; 325.9375
02/16/2022, 11:48:02; 1645008482.474932; 4899.408456325531; 326.619318; 326.619323
02/16/2022, 11:48:12; 1645008492.6379626; 4909.571486949921; 327.301136; 327.286926
02/16/2022, 11:48:22; 1645008502.7983916; 4919.731915950775; 327.96875; 327.954559
02/16/2022, 11:48:32; 1645008512.9604485; 4929.893972873688; 328.650568; 328.636352
02/16/2022, 11:48:43; 1645008523.1228175; 4940.05634188652; 329.332386; 329.318176
02/16/2022, 11:48:53; 1645008533.2841718; 4950.21769618988; 330.014205; 330.01419
02/16/2022, 11:49:03; 1645008543.4462016; 4960.379725933075; 330.681818; 330.667602
02/16/2022, 11:49:13; 1645008553.610212; 4970.543736457825; 331.363636; 331.363647
02/16/2022, 11:49:23; 1645008563.7720659; 4980.705590248108; 332.045455; 332.03125
02/16/2022, 11:49:33; 1645008573.934253; 4990.867777347565; 332.713068; 332.698852
02/16/2022, 11:49:44; 1645008584.0971732; 5001.030697584152; 333.394886; 333.394897
02/16/2022, 11:49:54; 1645008594.259193; 5011.1927173137665; 334.076705; 334.0625
02/16/2022, 11:50:04; 1645008604.4205415; 5021.354065895081; 334.744318; 334.730102
02/16/2022, 11:50:14; 1645008614.5831006; 5031.516624927521; 335.426136; 335.426147
02/16/2022, 11:50:24; 1645008624.7428188; 5041.676343202591; 336.107955; 336.10794
02/16/2022, 11:50:34; 1645008634.9029605; 5051.836484909058; 336.775568; 336.761352
02/16/2022, 11:50:45; 1645008645.066401; 5061.999925374985; 337.457386; 337.457397
02/16/2022, 11:50:55; 1645008655.2285542; 5072.162078619003; 338.139205; 338.125
02/16/2022, 11:51:05; 1645008665.3919895; 5082.325513839722; 338.821023; 338.821014
02/16/2022, 11:51:15; 1645008675.5543287; 5092.487853050232; 339.488636; 339.488647
02/16/2022, 11:51:25; 1645008685.7165537; 5102.650078058243; 340.170455; 340.17044
02/16/2022, 11:51:35; 1645008695.8813708; 5112.814895153046; 340.852273; 340.852264
02/16/2022, 11:51:46; 1645008706.0437567; 5122.977281093597; 341.519886; 341.519897
02/16/2022, 11:51:56; 1645008716.2052417; 5133.138766050339; 342.201705; 342.1875
02/16/2022, 11:52:06; 1645008726.377812; 5143.311336278915; 342.883523; 342.883514
02/16/2022, 11:52:16; 1645008736.5405383; 5153.474062681198; 343.551136; 343.551147
02/16/2022, 11:52:26; 1645008746.7029727; 5163.636497020721; 344.232955; 344.23294
02/16/2022, 11:52:36; 1645008756.865925; 5173.799449443817; 344.914773; 344.914764
02/16/2022, 11:52:47; 1645008767.0281267; 5183.961651086807; 345.596591; 345.582397
02/16/2022, 11:52:57; 1645008777.188771; 5194.122295379639; 346.264205; 346.25
02/16/2022, 11:53:07; 1645008787.348375; 5204.2818994522095; 346.946023; 346.946014
02/16/2022, 11:53:17; 1645008797.512442; 5214.4459664821625; 347.627841; 347.613647
02/16/2022, 11:53:27; 1645008807.677795; 5224.611319303513; 348.295455; 348.28125
02/16/2022, 11:53:37; 1645008817.8380976; 5234.77162194252; 348.977273; 348.977264
02/16/2022, 11:53:48; 1645008828.0005229; 5244.934047222137; 349.659091; 349.659088
02/16/2022, 11:53:58; 1645008838.1630855; 5255.096609830856; 350.326705; 350.32669
02/16/2022, 11:54:08; 1645008848.326598; 5265.260122299194; 351.008523; 351.008514
02/16/2022, 11:54:18; 1645008858.4917781; 5275.425302505493; 351.690341; 351.676147
02/16/2022, 11:54:28; 1645008868.6534994; 5285.587023735046; 352.372159; 352.35794
02/16/2022, 11:54:38; 1645008878.815374; 5295.748898267746; 353.039773; 353.039764
02/16/2022, 11:54:48; 1645008888.978539; 5305.912063360214; 353.721591; 353.721588
02/16/2022, 11:54:59; 1645008899.1418083; 5316.075332641602; 354.403409; 354.38919
02/16/2022, 11:55:09; 1645008909.302949; 5326.236473321915; 355.071023; 355.071014
02/16/2022, 11:55:19; 1645008919.4668565; 5336.400380849838; 355.752841; 355.738647
02/16/2022, 11:55:29; 1645008929.6289861; 5346.5625104904175; 356.434659; 356.42044
02/16/2022, 11:55:39; 1645008939.7914622; 5356.724986553192; 357.102273; 357.102264
02/16/2022, 11:55:49; 1645008949.9543648; 5366.887889146805; 357.784091; 357.784088
02/16/2022, 11:56:00; 1645008960.1148126; 5377.048336982727; 358.465909; 358.45169
02/16/2022, 11:56:10; 1645008970.2760496; 5387.209573984146; 359.133523; 359.133514
02/16/2022, 11:56:20; 1645008980.4386067; 5397.372131109238; 359.815341; 359.801147
