timestamp,uptimeInS,gs_wdt_time_left_s,counter_wdt_gs,mpptConverterVoltage_0,mpptConverterVoltage_1,mpptConverterVoltage_2,mpptConverterVoltage_3,curSolarPanels_0,curSolarPanels_1,curSolarPanels_2,curSolarPanels_3,curSolarPanels_4,curSolarPanels_5,curSolarPanels_6,curSolarPanels_7,vBatt,curSolar,curBattIn,curBattOut,curOutput_0,curOutput_1,curOutput_2,curOutput_3,curOutput_4,curOutput_5,curOutput_6,curOutput_7,curOutput_8,curOutput_9,curOutput_10,curOutput_11,curOutput_12,curOutput_13,curOutput_14,curOutput_15,curOutput_16,curOutput_17,AOcurOutput_0,AOcurOutput_1,outputConverterVoltage_0,outputConverterVoltage_1,outputConverterVoltage_2,outputConverterVoltage_3,outputConverterVoltage_4,outputConverterVoltage_5,outputConverterVoltage_6,outputConverterVoltage_7,outputConverterState,outputStatus,outputFaultStatus,outputOnDelta_0,outputOnDelta_1,outputOnDelta_2,outputOnDelta_3,outputOnDelta_4,outputOnDelta_5,outputOnDelta_6,outputOnDelta_7,outputOnDelta_8,outputOnDelta_9,outputOnDelta_10,outputOnDelta_11,outputOnDelta_12,outputOnDelta_13,outputOnDelta_14,outputOnDelta_15,outputOnDelta_16,outputOnDelta_17,outputOffDelta_0,outputOffDelta_1,outputOffDelta_2,outputOffDelta_3,outputOffDelta_4,outputOffDelta_5,outputOffDelta_6,outputOffDelta_7,outputOffDelta_8,outputOffDelta_9,outputOffDelta_10,outputOffDelta_11,outputOffDelta_12,outputOffDelta_13,outputOffDelta_14,outputOffDelta_15,outputOffDelta_16,outputOffDelta_17,outputFaultCnt_0,outputFaultCnt_1,outputFaultCnt_2,outputFaultCnt_3,outputFaultCnt_4,outputFaultCnt_5,outputFaultCnt_6,outputFaultCnt_7,outputFaultCnt_8,outputFaultCnt_9,outputFaultCnt_10,outputFaultCnt_11,outputFaultCnt_12,outputFaultCnt_13,outputFaultCnt_14,outputFaultCnt_15,outputFaultCnt_16,outputFaultCnt_17,temp_0,temp_1,temp_2,temp_3,temp_4,temp_5,temp_6,temp_7,temp_8,temp_9,temp_10,temp_11,temp_12,temp_13,battState,mpptMode,batHeaterMode,batHeaterState,
1654069494.959625,5356,46814,31,353,263,259,277,0,0,0,0,0,0,0,0,8380,134,36,0,0,0,0,140,0,0,0,0,0,0,32767,32767,32767,32767,32767,32767,32767,32767,35,0,3345,5013,12098,4978,0,0,0,0,15,9,0,0,0,0,0,0,0,0,0,0,0,0,0,0,0,0,0,0,0,0,0,0,0,0,0,0,0,0,0,0,0,0,0,0,0,0,0,0,0,0,0,0,0,0,0,0,0,0,0,0,0,0,0,0,0,38,37,37,37,37,37,37,37,37,127,127,127,127,127,3,2,0,0,
1654069500.059723,5361,46809,31,339,263,259,277,0,0,0,0,0,0,0,0,8380,134,36,0,0,0,0,132,0,0,0,0,0,0,32767,32767,32767,32767,32767,32767,32767,32767,38,0,3341,5013,12116,4982,0,0,0,0,15,9,0,0,0,0,0,0,0,0,0,0,0,0,0,0,0,0,0,0,0,0,0,0,0,0,0,0,0,0,0,0,0,0,0,0,0,0,0,0,0,0,0,0,0,0,0,0,0,0,0,0,0,0,0,0,0,37,37,37,37,37,37,37,37,37,127,127,127,127,127,3,2,0,0,
1654069505.159668,5366,46804,31,326,268,259,277,0,0,0,0,0,0,0,0,8378,136,34,0,0,0,0,135,0,0,0,0,0,0,32767,32767,32767,32767,32767,32767,32767,32767,36,0,3341,5009,12094,4982,0,0,0,0,15,9,0,0,0,0,0,0,0,0,0,0,0,0,0,0,0,0,0,0,0,0,0,0,0,0,0,0,0,0,0,0,0,0,0,0,0,0,0,0,0,0,0,0,0,0,0,0,0,0,0,0,0,0,0,0,0,37,37,37,37,37,37,37,37,37,127,127,127,127,127,3,2,0,0,
1654069510.359711,5371,46799,31,317,263,259,277,0,0,0,0,0,0,0,0,8378,136,34,0,0,0,0,135,0,0,0,0,0,0,32767,32767,32767,32767,32767,32767,32767,32767,30,0,3345,5013,12116,4982,0,0,0,0,15,9,0,0,0,0,0,0,0,0,0,0,0,0,0,0,0,0,0,0,0,0,0,0,0,0,0,0,0,0,0,0,0,0,0,0,0,0,0,0,0,0,0,0,0,0,0,0,0,0,0,0,0,0,0,0,0,37,37,37,37,37,37,37,37,37,127,127,127,127,127,3,2,0,0,
1654069515.559723,5376,46794,31,313,263,259,277,0,0,0,0,0,0,0,0,8378,134,38,0,0,0,0,139,0,0,0,0,0,0,32767,32767,32767,32767,32767,32767,32767,32767,30,0,3345,5013,12103,4978,0,0,0,0,15,9,0,0,0,0,0,0,0,0,0,0,0,0,0,0,0,0,0,0,0,0,0,0,0,0,0,0,0,0,0,0,0,0,0,0,0,0,0,0,0,0,0,0,0,0,0,0,0,0,0,0,0,0,0,0,0,37,37,37,37,37,37,37,37,37,127,127,127,127,127,3,2,0,0,
1654069520.659760,5382,46789,31,304,263,259,277,0,0,0,0,0,0,0,0,8378,134,38,0,0,0,0,137,0,0,0,0,0,0,32767,32767,32767,32767,32767,32767,32767,32767,29,0,3345,5009,12112,4982,0,0,0,0,15,9,0,0,0,0,0,0,0,0,0,0,0,0,0,0,0,0,0,0,0,0,0,0,0,0,0,0,0,0,0,0,0,0,0,0,0,0,0,0,0,0,0,0,0,0,0,0,0,0,0,0,0,0,0,0,0,37,37,37,37,37,37,37,37,37,127,127,127,127,127,3,2,0,0,
1654069525.759766,5387,46783,31,353,263,259,277,0,0,0,0,0,0,0,0,8378,130,36,0,0,0,0,128,0,0,0,0,0,0,32767,32767,32767,32767,32767,32767,32767,32767,36,0,3345,5013,12112,4982,0,0,0,0,15,9,0,0,0,0,0,0,0,0,0,0,0,0,0,0,0,0,0,0,0,0,0,0,0,0,0,0,0,0,0,0,0,0,0,0,0,0,0,0,0,0,0,0,0,0,0,0,0,0,0,0,0,0,0,0,0,37,37,37,37,37,37,37,37,37,127,127,127,127,127,3,2,0,0,
1654069530.859802,5392,46778,31,339,263,259,277,0,0,0,0,0,0,0,0,8378,130,36,0,0,0,0,138,0,0,0,0,0,0,32767,32767,32767,32767,32767,32767,32767,32767,30,0,3345,5013,12094,4982,0,0,0,0,15,9,0,0,0,0,0,0,0,0,0,0,0,0,0,0,0,0,0,0,0,0,0,0,0,0,0,0,0,0,0,0,0,0,0,0,0,0,0,0,0,0,0,0,0,0,0,0,0,0,0,0,0,0,0,0,0,37,37,37,37,37,37,37,37,37,127,127,127,127,127,3,2,0,0,
1654069535.959808,5397,46773,31,330,263,259,277,0,0,0,0,0,0,0,0,8376,136,32,0,0,0,0,139,0,0,0,0,0,0,32767,32767,32767,32767,32767,32767,32767,32767,36,0,3345,5013,12103,4982,0,0,0,0,15,9,0,0,0,0,0,0,0,0,0,0,0,0,0,0,0,0,0,0,0,0,0,0,0,0,0,0,0,0,0,0,0,0,0,0,0,0,0,0,0,0,0,0,0,0,0,0,0,0,0,0,0,0,0,0,0,37,37,37,37,37,37,37,37,37,127,127,127,127,127,3,2,0,0,
1654069541.060242,5402,46768,31,322,263,259,277,0,0,0,0,0,0,0,0,8376,136,32,0,0,0,0,128,0,0,0,0,0,0,32767,32767,32767,32767,32767,32767,32767,32767,38,0,3341,5013,12112,4978,0,0,0,0,15,9,0,0,0,0,0,0,0,0,0,0,0,0,0,0,0,0,0,0,0,0,0,0,0,0,0,0,0,0,0,0,0,0,0,0,0,0,0,0,0,0,0,0,0,0,0,0,0,0,0,0,0,0,0,0,0,37,37,37,37,37,37,37,37,37,127,127,127,127,127,3,2,0,0,
1654069546.159851,5407,46763,31,313,263,259,277,0,0,0,0,0,0,0,0,8378,131,32,0,0,0,0,129,0,0,0,0,0,0,32767,32767,32767,32767,32767,32767,32767,32767,32,0,3341,5013,12107,4982,0,0,0,0,15,9,0,0,0,0,0,0,0,0,0,0,0,0,0,0,0,0,0,0,0,0,0,0,0,0,0,0,0,0,0,0,0,0,0,0,0,0,0,0,0,0,0,0,0,0,0,0,0,0,0,0,0,0,0,0,0,37,37,37,37,37,37,37,37,37,127,127,127,127,127,3,2,0,0,
1654069551.359894,5412,46758,31,304,263,259,277,0,0,0,0,0,0,0,0,8378,131,32,0,0,0,0,132,0,0,0,0,0,0,32767,32767,32767,32767,32767,32767,32767,32767,35,0,3341,5013,12098,4978,0,0,0,0,15,9,0,0,0,0,0,0,0,0,0,0,0,0,0,0,0,0,0,0,0,0,0,0,0,0,0,0,0,0,0,0,0,0,0,0,0,0,0,0,0,0,0,0,0,0,0,0,0,0,0,0,0,0,0,0,0,37,37,37,37,37,37,37,37,37,127,127,127,127,127,3,2,0,0,
1654069556.559906,5417,46753,31,353,263,259,277,0,0,0,0,0,0,0,0,8376,262,21,10,0,0,0,133,0,0,0,0,0,0,32767,32767,32767,32767,32767,32767,32767,32767,33,0,3345,5013,12094,4982,0,0,0,0,15,9,0,0,0,0,0,0,0,0,0,0,0,0,0,0,0,0,0,0,0,0,0,0,0,0,0,0,0,0,0,0,0,0,0,0,0,0,0,0,0,0,0,0,0,0,0,0,0,0,0,0,0,0,0,0,0,37,37,37,37,37,37,37,37,37,127,127,127,127,127,3,2,0,0,
1654069561.659943,5423,46748,31,339,268,259,277,0,0,0,0,0,0,0,0,8376,262,21,10,0,0,0,129,0,0,0,0,0,0,32767,32767,32767,32767,32767,32767,32767,32767,38,0,3341,5013,12103,4982,0,0,0,0,15,9,0,0,0,0,0,0,0,0,0,0,0,0,0,0,0,0,0,0,0,0,0,0,0,0,0,0,0,0,0,0,0,0,0,0,0,0,0,0,0,0,0,0,0,0,0,0,0,0,0,0,0,0,0,0,0,37,37,37,37,37,37,37,37,37,127,127,127,127,127,3,2,0,0,
1654069566.759949,5428,46743,31,330,263,259,281,0,0,0,0,0,0,0,0,8376,125,32,0,0,0,0,129,0,0,0,0,0,0,32767,32767,32767,32767,32767,32767,32767,32767,33,0,3345,5013,12107,4978,0,0,0,0,15,9,0,0,0,0,0,0,0,0,0,0,0,0,0,0,0,0,0,0,0,0,0,0,0,0,0,0,0,0,0,0,0,0,0,0,0,0,0,0,0,0,0,0,0,0,0,0,0,0,0,0,0,0,0,0,0,37,37,37,37,37,37,37,37,37,127,127,127,127,127,3,2,0,0,
1654069571.859985,5433,46738,31,322,268,259,277,0,0,0,0,0,0,0,0,8376,125,32,0,0,0,0,132,0,0,0,0,0,0,32767,32767,32767,32767,32767,32767,32767,32767,36,0,3345,5009,12116,4982,0,0,0,0,15,9,0,0,0,0,0,0,0,0,0,0,0,0,0,0,0,0,0,0,0,0,0,0,0,0,0,0,0,0,0,0,0,0,0,0,0,0,0,0,0,0,0,0,0,0,0,0,0,0,0,0,0,0,0,0,0,37,37,37,37,37,37,37,37,37,127,127,127,127,127,3,2,0,0,
1654069576.959991,5438,46732,31,313,268,259,277,0,0,0,0,0,0,0,0,8378,125,31,0,0,0,0,139,0,0,0,0,0,0,32767,32767,32767,32767,32767,32767,32767,32767,36,0,3341,5013,12085,4982,0,0,0,0,15,9,0,0,0,0,0,0,0,0,0,0,0,0,0,0,0,0,0,0,0,0,0,0,0,0,0,0,0,0,0,0,0,0,0,0,0,0,0,0,0,0,0,0,0,0,0,0,0,0,0,0,0,0,0,0,0,37,37,37,37,37,37,37,37,37,127,127,127,127,127,3,2,0,0,
1654069582.060028,5443,46727,31,304,268,259,277,0,0,0,0,0,0,0,0,8378,125,31,0,0,0,0,136,0,0,0,0,0,0,32767,32767,32767,32767,32767,32767,32767,32767,33,0,3341,5009,12089,4978,0,0,0,0,15,9,0,0,0,0,0,0,0,0,0,0,0,0,0,0,0,0,0,0,0,0,0,0,0,0,0,0,0,0,0,0,0,0,0,0,0,0,0,0,0,0,0,0,0,0,0,0,0,0,0,0,0,0,0,0,0,37,37,37,37,37,37,37,37,37,127,127,127,127,127,3,2,0,0,
1654069587.160034,5448,46722,31,353,268,259,277,0,0,0,0,0,0,0,0,8366,626,3,25,0,0,0,136,0,0,0,0,0,0,32767,32767,32767,32767,32767,32767,32767,32767,36,0,3345,5009,12089,4987,0,0,0,0,15,9,0,0,0,0,0,0,0,0,0,0,0,0,0,0,0,0,0,0,0,0,0,0,0,0,0,0,0,0,0,0,0,0,0,0,0,0,0,0,0,0,0,0,0,0,0,0,0,0,0,0,0,0,0,0,0,37,37,37,37,37,37,37,37,37,127,127,127,127,127,3,2,0,0,
1654069592.360077,5453,46717,31,339,268,259,277,0,0,0,0,0,0,0,0,8366,626,3,25,0,0,0,133,0,0,0,0,0,0,32767,32767,32767,32767,32767,32767,32767,32767,42,0,3345,5013,12116,4982,0,0,0,0,15,9,0,0,0,0,0,0,0,0,0,0,0,0,0,0,0,0,0,0,0,0,0,0,0,0,0,0,0,0,0,0,0,0,0,0,0,0,0,0,0,0,0,0,0,0,0,0,0,0,0,0,0,0,0,0,0,37,37,37,37,37,37,37,37,37,127,127,127,127,127,3,2,0,0,
1654069597.560089,5458,46712,31,330,268,259,277,0,0,0,0,0,0,0,0,8378,127,31,0,0,0,0,133,0,0,0,0,0,0,32767,32767,32767,32767,32767,32767,32767,32767,32,0,3345,5013,12112,4978,0,0,0,0,15,9,0,0,0,0,0,0,0,0,0,0,0,0,0,0,0,0,0,0,0,0,0,0,0,0,0,0,0,0,0,0,0,0,0,0,0,0,0,0,0,0,0,0,0,0,0,0,0,0,0,0,0,0,0,0,0,37,37,37,37,37,37,37,37,37,127,127,127,127,127,3,2,0,0,
1654069602.660126,5464,46707,31,317,268,254,277,0,0,0,0,0,0,0,0,8378,127,31,0,0,0,0,140,0,0,0,0,0,0,32767,32767,32767,32767,32767,32767,32767,32767,32,0,3345,5009,12089,4982,0,0,0,0,15,9,0,0,0,0,0,0,0,0,0,0,0,0,0,0,0,0,0,0,0,0,0,0,0,0,0,0,0,0,0,0,0,0,0,0,0,0,0,0,0,0,0,0,0,0,0,0,0,0,0,0,0,0,0,0,0,37,37,37,37,37,37,37,37,37,127,127,127,127,127,3,2,0,0,
1654069607.760132,5469,46702,31,308,268,259,277,0,0,0,0,0,0,0,0,8378,124,29,0,0,0,0,134,0,0,0,0,0,0,32767,32767,32767,32767,32767,32767,32767,32767,35,0,3341,5009,12112,4982,0,0,0,0,15,9,0,0,0,0,0,0,0,0,0,0,0,0,0,0,0,0,0,0,0,0,0,0,0,0,0,0,0,0,0,0,0,0,0,0,0,0,0,0,0,0,0,0,0,0,0,0,0,0,0,0,0,0,0,0,0,37,37,37,37,37,37,37,37,37,127,127,127,127,127,3,2,0,0,
1654069612.860168,5474,46696,31,304,268,259,277,0,0,0,0,0,0,0,0,8378,124,29,0,0,0,0,129,0,0,0,0,0,0,32767,32767,32767,32767,32767,32767,32767,32767,32,0,3341,5009,12094,4978,0,0,0,0,15,9,0,0,0,0,0,0,0,0,0,0,0,0,0,0,0,0,0,0,0,0,0,0,0,0,0,0,0,0,0,0,0,0,0,0,0,0,0,0,0,0,0,0,0,0,0,0,0,0,0,0,0,0,0,0,0,37,37,37,37,37,37,37,37,37,127,127,127,127,127,3,2,0,0,
1654069617.960175,5479,46691,31,357,268,259,277,0,0,0,0,0,0,0,0,8378,131,42,0,0,0,0,122,0,0,0,0,0,0,32767,32767,32767,32767,32767,32767,32767,32767,33,0,3345,5013,12112,4982,0,0,0,0,15,9,0,0,0,0,0,0,0,0,0,0,0,0,0,0,0,0,0,0,0,0,0,0,0,0,0,0,0,0,0,0,0,0,0,0,0,0,0,0,0,0,0,0,0,0,0,0,0,0,0,0,0,0,0,0,0,37,37,37,37,37,37,37,37,37,127,127,127,127,127,3,2,0,0,
1654069623.060211,5484,46686,31,344,268,259,277,0,0,0,0,0,0,0,0,8378,131,42,0,0,0,0,86,0,0,0,0,0,0,32767,32767,32767,32767,32767,32767,32767,32767,35,0,3345,5013,12089,4978,0,0,0,0,15,9,0,0,0,0,0,0,0,0,0,0,0,0,0,0,0,0,0,0,0,0,0,0,0,0,0,0,0,0,0,0,0,0,0,0,0,0,0,0,0,0,0,0,0,0,0,0,0,0,0,0,0,0,0,0,0,37,37,37,37,37,37,37,37,37,127,127,127,127,127,3,2,0,0,
1654069628.160217,5489,46681,31,330,268,259,277,0,0,0,0,0,0,0,0,8356,0,0,84,0,0,0,130,0,0,0,0,0,0,32767,32767,32767,32767,32767,32767,32767,32767,38,0,3336,5009,12094,4978,0,0,0,0,15,9,0,0,0,0,0,0,0,0,0,0,0,0,0,0,0,0,0,0,0,0,0,0,0,0,0,0,0,0,0,0,0,0,0,0,0,0,0,0,0,0,0,0,0,0,0,0,0,0,0,0,0,0,0,0,0,37,37,37,37,37,37,37,37,37,127,127,127,127,127,3,2,0,0,
1654069633.360260,5494,46676,31,322,263,259,277,0,0,0,0,0,0,0,0,8356,0,0,84,0,0,0,138,0,0,0,0,0,0,32767,32767,32767,32767,32767,32767,32767,32767,38,0,3345,5013,12098,4982,0,0,0,0,15,9,0,0,0,0,0,0,0,0,0,0,0,0,0,0,0,0,0,0,0,0,0,0,0,0,0,0,0,0,0,0,0,0,0,0,0,0,0,0,0,0,0,0,0,0,0,0,0,0,0,0,0,0,0,0,0,37,37,37,37,37,37,37,37,37,127,127,127,127,127,3,2,0,0,
1654069638.560272,5499,46671,31,313,268,259,277,0,0,0,0,0,0,0,0,8356,0,0,84,0,0,0,128,0,0,0,0,0,0,32767,32767,32767,32767,32767,32767,32767,32767,38,0,3341,5009,12098,4978,0,0,0,0,15,9,0,0,0,0,0,0,0,0,0,0,0,0,0,0,0,0,0,0,0,0,0,0,0,0,0,0,0,0,0,0,0,0,0,0,0,0,0,0,0,0,0,0,0,0,0,0,0,0,0,0,0,0,0,0,0,37,37,37,36,37,37,37,37,37,127,127,127,127,127,3,2,0,0,
1654069643.660309,5505,46666,31,308,268,259,277,0,0,0,0,0,0,0,0,8351,0,0,80,0,0,0,137,0,0,0,0,0,0,32767,32767,32767,32767,32767,32767,32767,32767,29,0,3345,5009,12089,4978,0,0,0,0,15,9,0,0,0,0,0,0,0,0,0,0,0,0,0,0,0,0,0,0,0,0,0,0,0,0,0,0,0,0,0,0,0,0,0,0,0,0,0,0,0,0,0,0,0,0,0,0,0,0,0,0,0,0,0,0,0,37,37,37,36,37,37,37,37,37,127,127,127,127,127,3,2,0,0,
1654069648.760315,5510,46660,31,362,268,259,277,0,0,0,0,0,0,0,0,8351,0,0,80,0,0,0,134,0,0,0,0,0,0,32767,32767,32767,32767,32767,32767,32767,32767,35,0,3341,5009,12107,4982,0,0,0,0,15,9,0,0,0,0,0,0,0,0,0,0,0,0,0,0,0,0,0,0,0,0,0,0,0,0,0,0,0,0,0,0,0,0,0,0,0,0,0,0,0,0,0,0,0,0,0,0,0,0,0,0,0,0,0,0,0,37,37,37,36,37,37,37,37,37,127,127,127,127,127,3,2,0,0,
1654069653.860352,5515,46655,31,344,263,259,277,0,0,0,0,0,0,0,0,8349,0,0,87,0,0,0,138,0,0,0,0,0,0,32767,32767,32767,32767,32767,32767,32767,32767,36,0,3341,5013,12098,4973,0,0,0,0,15,9,0,0,0,0,0,0,0,0,0,0,0,0,0,0,0,0,0,0,0,0,0,0,0,0,0,0,0,0,0,0,0,0,0,0,0,0,0,0,0,0,0,0,0,0,0,0,0,0,0,0,0,0,0,0,0,37,37,37,36,37,37,37,37,37,127,127,127,127,127,3,2,0,0,
1654069658.960358,5520,46650,31,335,268,259,277,0,0,0,0,0,0,0,0,8349,0,0,87,0,0,0,131,0,0,0,0,0,0,32767,32767,32767,32767,32767,32767,32767,32767,39,0,3341,5004,12103,4982,0,0,0,0,15,9,0,0,0,0,0,0,0,0,0,0,0,0,0,0,0,0,0,0,0,0,0,0,0,0,0,0,0,0,0,0,0,0,0,0,0,0,0,0,0,0,0,0,0,0,0,0,0,0,0,0,0,0,0,0,0,37,37,36,36,37,37,37,37,37,127,127,127,127,127,3,2,0,0,
1654069664.060394,5525,46645,31,326,268,259,277,0,0,0,0,0,0,0,0,8349,0,0,84,0,0,0,137,0,0,0,0,0,0,32767,32767,32767,32767,32767,32767,32767,32767,33,0,3345,5009,12094,4982,0,0,0,0,15,9,0,0,0,0,0,0,0,0,0,0,0,0,0,0,0,0,0,0,0,0,0,0,0,0,0,0,0,0,0,0,0,0,0,0,0,0,0,0,0,0,0,0,0,0,0,0,0,0,0,0,0,0,0,0,0,37,37,36,36,37,37,37,37,37,127,127,127,127,127,3,2,0,0,
1654069669.160400,5530,46640,31,317,268,259,277,0,0,0,0,0,0,0,0,8349,0,0,84,0,0,0,132,0,0,0,0,0,0,32767,32767,32767,32767,32767,32767,32767,32767,35,0,3345,5013,12112,4973,0,0,0,0,15,9,0,0,0,0,0,0,0,0,0,0,0,0,0,0,0,0,0,0,0,0,0,0,0,0,0,0,0,0,0,0,0,0,0,0,0,0,0,0,0,0,0,0,0,0,0,0,0,0,0,0,0,0,0,0,0,37,37,36,36,37,37,37,37,37,127,127,127,127,127,3,2,0,0,
1654069674.360443,5535,46635,31,308,263,259,277,0,0,0,0,0,0,0,0,8347,0,0,84,0,0,0,137,0,0,0,0,0,0,32767,32767,32767,32767,32767,32767,32767,32767,32,0,3345,5009,12094,4982,0,0,0,0,15,9,0,0,0,0,0,0,0,0,0,0,0,0,0,0,0,0,0,0,0,0,0,0,0,0,0,0,0,0,0,0,0,0,0,0,0,0,0,0,0,0,0,0,0,0,0,0,0,0,0,0,0,0,0,0,0,37,37,36,36,37,37,37,37,37,127,127,127,127,127,3,2,0,0,
1654069679.560455,5540,46630,31,357,263,259,277,0,0,0,0,0,0,0,0,8347,0,0,84,0,0,0,136,0,0,0,0,0,0,32767,32767,32767,32767,32767,32767,32767,32767,35,0,3345,5013,12098,4978,0,0,0,0,15,9,0,0,0,0,0,0,0,0,0,0,0,0,0,0,0,0,0,0,0,0,0,0,0,0,0,0,0,0,0,0,0,0,0,0,0,0,0,0,0,0,0,0,0,0,0,0,0,0,0,0,0,0,0,0,0,37,37,36,36,37,37,37,37,37,127,127,127,127,127,3,2,0,0,
1654069684.660492,5546,46625,31,344,268,259,281,0,0,0,0,0,0,0,0,8345,0,0,84,0,0,0,129,0,0,0,0,0,0,32767,32767,32767,32767,32767,32767,32767,32767,38,0,3341,5013,12098,4982,0,0,0,0,15,9,0,0,0,0,0,0,0,0,0,0,0,0,0,0,0,0,0,0,0,0,0,0,0,0,0,0,0,0,0,0,0,0,0,0,0,0,0,0,0,0,0,0,0,0,0,0,0,0,0,0,0,0,0,0,0,37,37,36,36,37,37,37,37,37,127,127,127,127,127,3,2,0,0,
1654069689.760529,5551,46620,31,335,263,259,277,0,0,0,0,0,0,0,0,8345,0,0,84,0,0,0,133,0,0,0,0,0,0,32767,32767,32767,32767,32767,32767,32767,32767,33,0,3341,5013,12089,4978,0,0,0,0,15,9,0,0,0,0,0,0,0,0,0,0,0,0,0,0,0,0,0,0,0,0,0,0,0,0,0,0,0,0,0,0,0,0,0,0,0,0,0,0,0,0,0,0,0,0,0,0,0,0,0,0,0,0,0,0,0,37,37,36,36,37,37,37,37,37,127,127,127,127,127,3,2,0,0,
1654069694.860535,5556,46615,31,326,268,259,281,0,0,0,0,0,0,0,0,8345,0,0,84,0,0,0,135,0,0,0,0,0,0,32767,32767,32767,32767,32767,32767,32767,32767,33,0,3341,5009,12107,4982,0,0,0,0,15,9,0,0,0,0,0,0,0,0,0,0,0,0,0,0,0,0,0,0,0,0,0,0,0,0,0,0,0,0,0,0,0,0,0,0,0,0,0,0,0,0,0,0,0,0,0,0,0,0,0,0,0,0,0,0,0,37,37,36,36,36,37,37,37,37,127,127,127,127,127,3,2,0,0,
1654069699.960541,5561,46609,31,317,263,263,277,0,0,0,0,0,0,0,0,8345,0,0,84,0,0,0,131,0,0,0,0,0,0,32767,32767,32767,32767,32767,32767,32767,32767,38,0,3345,5009,12098,4982,0,0,0,0,15,9,0,0,0,0,0,0,0,0,0,0,0,0,0,0,0,0,0,0,0,0,0,0,0,0,0,0,0,0,0,0,0,0,0,0,0,0,0,0,0,0,0,0,0,0,0,0,0,0,0,0,0,0,0,0,0,37,37,36,36,36,37,37,37,37,127,127,127,127,127,3,2,0,0,
1654069705.060577,5566,46604,31,313,263,259,281,0,0,0,0,0,0,0,0,8345,0,0,87,0,0,0,133,0,0,0,0,0,0,32767,32767,32767,32767,32767,32767,32767,32767,35,0,3345,5009,12116,4982,0,0,0,0,15,9,0,0,0,0,0,0,0,0,0,0,0,0,0,0,0,0,0,0,0,0,0,0,0,0,0,0,0,0,0,0,0,0,0,0,0,0,0,0,0,0,0,0,0,0,0,0,0,0,0,0,0,0,0,0,0,37,37,36,36,36,37,37,37,37,127,127,127,127,127,3,2,0,0,
1654069710.160614,5571,46599,31,366,268,259,281,0,0,0,0,0,0,0,0,8345,0,0,87,0,0,0,134,0,0,0,0,0,0,32767,32767,32767,32767,32767,32767,32767,32767,30,0,3345,5013,12107,4982,0,0,0,0,15,9,0,0,0,0,0,0,0,0,0,0,0,0,0,0,0,0,0,0,0,0,0,0,0,0,0,0,0,0,0,0,0,0,0,0,0,0,0,0,0,0,0,0,0,0,0,0,0,0,0,0,0,0,0,0,0,37,37,36,36,36,37,37,37,37,127,127,127,127,127,3,2,0,0,
1654069715.560608,5576,46594,31,348,263,259,281,0,0,0,0,0,0,0,0,8341,0,0,80,0,0,0,134,0,0,0,0,0,0,32767,32767,32767,32767,32767,32767,32767,32767,35,0,3345,5009,12107,4982,0,0,0,0,15,9,0,0,0,0,0,0,0,0,0,0,0,0,0,0,0,0,0,0,0,0,0,0,0,0,0,0,0,0,0,0,0,0,0,0,0,0,0,0,0,0,0,0,0,0,0,0,0,0,0,0,0,0,0,0,0,37,37,36,36,36,37,37,37,37,127,127,127,127,127,3,2,0,0,
1654069720.760651,5582,46589,31,335,268,263,281,0,0,0,0,0,0,0,0,8341,0,0,80,0,0,0,138,0,0,0,0,0,0,32767,32767,32767,32767,32767,32767,32767,32767,35,0,3345,5013,12089,4982,0,0,0,0,15,9,0,0,0,0,0,0,0,0,0,0,0,0,0,0,0,0,0,0,0,0,0,0,0,0,0,0,0,0,0,0,0,0,0,0,0,0,0,0,0,0,0,0,0,0,0,0,0,0,0,0,0,0,0,0,0,37,37,36,36,36,37,37,37,37,127,127,127,127,127,3,2,0,0,
1654069725.860657,5587,46584,31,322,263,259,281,0,0,0,0,0,0,0,0,8343,0,0,87,0,0,0,133,0,0,0,0,0,0,32767,32767,32767,32767,32767,32767,32767,32767,32,0,3341,5013,12107,4973,0,0,0,0,15,9,0,0,0,0,0,0,0,0,0,0,0,0,0,0,0,0,0,0,0,0,0,0,0,0,0,0,0,0,0,0,0,0,0,0,0,0,0,0,0,0,0,0,0,0,0,0,0,0,0,0,0,0,0,0,0,37,37,36,36,36,36,37,37,37,127,127,127,127,127,3,2,0,0,
1654069730.960693,5592,46578,31,317,263,259,277,0,0,0,0,0,0,0,0,8343,0,0,87,0,0,0,129,0,0,0,0,0,0,32767,32767,32767,32767,32767,32767,32767,32767,35,0,3345,5013,12094,4978,0,0,0,0,15,9,0,0,0,0,0,0,0,0,0,0,0,0,0,0,0,0,0,0,0,0,0,0,0,0,0,0,0,0,0,0,0,0,0,0,0,0,0,0,0,0,0,0,0,0,0,0,0,0,0,0,0,0,0,0,0,37,37,36,36,36,36,37,37,37,127,127,127,127,127,3,2,0,0,
1654069736.060730,5597,46573,31,308,263,259,277,0,0,0,0,0,0,0,0,8343,0,0,84,0,0,0,134,0,0,0,0,0,0,32767,32767,32767,32767,32767,32767,32767,32767,29,0,3341,5013,12107,4978,0,0,0,0,15,9,0,0,0,0,0,0,0,0,0,0,0,0,0,0,0,0,0,0,0,0,0,0,0,0,0,0,0,0,0,0,0,0,0,0,0,0,0,0,0,0,0,0,0,0,0,0,0,0,0,0,0,0,0,0,0,37,37,36,36,36,36,37,37,37,127,127,127,127,127,3,2,0,0,
1654069741.160736,5602,46568,31,357,272,263,254,44,4,2,2,0,1,0,0,8343,0,0,84,1,0,0,134,0,0,0,0,0,0,32767,32767,32767,32767,32767,32767,32767,32767,1348,0,3341,5013,12098,4987,0,0,0,0,15,9,0,0,0,0,0,0,0,0,0,0,0,0,0,0,0,0,0,0,0,0,0,0,0,0,0,0,0,0,0,0,0,0,0,0,0,0,0,0,0,0,0,0,0,0,0,0,0,0,0,0,0,0,0,0,0,37,37,36,36,36,36,37,37,37,127,127,127,127,127,3,2,0,0,
1654069746.260773,5607,46563,31,348,263,259,277,0,0,0,0,0,0,0,0,8339,0,0,87,0,0,0,133,0,0,0,0,0,0,32767,32767,32767,32767,32767,32767,32767,32767,40,0,3345,5013,12089,4978,0,0,0,0,15,9,0,0,0,0,0,0,0,0,0,0,0,0,0,0,0,0,0,0,0,0,0,0,0,0,0,0,0,0,0,0,0,0,0,0,0,0,0,0,0,0,0,0,0,0,0,0,0,0,0,0,0,0,0,0,0,37,36,36,36,36,36,37,37,37,127,127,127,127,127,3,2,0,0,
1654069751.360779,5612,46558,31,335,268,259,277,0,0,0,0,0,0,0,0,8339,0,0,87,0,0,0,133,0,0,0,0,0,0,32767,32767,32767,32767,32767,32767,32767,32767,30,0,3345,5009,12103,4982,0,0,0,0,15,9,0,0,0,0,0,0,0,0,0,0,0,0,0,0,0,0,0,0,0,0,0,0,0,0,0,0,0,0,0,0,0,0,0,0,0,0,0,0,0,0,0,0,0,0,0,0,0,0,0,0,0,0,0,0,0,37,36,36,36,36,36,37,37,37,127,127,127,127,127,3,2,0,0,
1654069756.560791,5617,46553,31,326,268,259,272,0,0,0,0,0,0,0,0,8339,0,0,87,0,0,0,129,0,0,0,0,0,0,32767,32767,32767,32767,32767,32767,32767,32767,35,0,3345,5009,12098,4982,0,0,0,0,15,9,0,0,0,0,0,0,0,0,0,0,0,0,0,0,0,0,0,0,0,0,0,0,0,0,0,0,0,0,0,0,0,0,0,0,0,0,0,0,0,0,0,0,0,0,0,0,0,0,0,0,0,0,0,0,0,37,36,36,36,36,36,37,37,37,127,127,127,127,127,3,2,0,0,
1654069761.760834,5623,46547,31,317,268,259,277,0,0,0,0,0,0,0,0,8339,0,0,87,0,0,0,135,0,0,0,0,0,0,32767,32767,32767,32767,32767,32767,32767,32767,33,0,3341,5013,12098,4982,0,0,0,0,15,9,0,0,0,0,0,0,0,0,0,0,0,0,0,0,0,0,0,0,0,0,0,0,0,0,0,0,0,0,0,0,0,0,0,0,0,0,0,0,0,0,0,0,0,0,0,0,0,0,0,0,0,0,0,0,0,37,36,36,36,36,36,37,37,37,127,127,127,127,127,3,2,0,0,
1654069766.860840,5628,46542,31,313,268,263,277,0,0,0,0,0,0,0,0,8337,0,0,80,0,0,0,135,0,0,0,0,0,0,32767,32767,32767,32767,32767,32767,32767,32767,35,0,3345,5013,12098,4982,0,0,0,0,15,9,0,0,0,0,0,0,0,0,0,0,0,0,0,0,0,0,0,0,0,0,0,0,0,0,0,0,0,0,0,0,0,0,0,0,0,0,0,0,0,0,0,0,0,0,0,0,0,0,0,0,0,0,0,0,0,37,36,36,36,36,36,37,37,37,127,127,127,127,127,3,2,0,0,
1654069771.960876,5633,46537,31,322,268,259,295,51,7,2,2,1,1,0,0,8337,0,0,80,0,0,0,133,0,0,0,0,0,0,32767,32767,32767,32767,32767,32767,32767,32767,420,0,3341,5013,12107,4978,0,0,0,0,15,9,0,0,0,0,0,0,0,0,0,0,0,0,0,0,0,0,0,0,0,0,0,0,0,0,0,0,0,0,0,0,0,0,0,0,0,0,0,0,0,0,0,0,0,0,0,0,0,0,0,0,0,0,0,0,0,37,36,36,36,36,36,37,37,37,127,127,127,127,127,3,2,0,0,
1654069777.060913,5638,46532,31,344,268,259,277,0,0,0,0,0,0,0,0,8378,221,122,0,0,0,0,139,0,0,0,0,0,0,32767,32767,32767,32767,32767,32767,32767,32767,36,0,3345,5009,12112,4982,0,0,0,0,15,9,0,0,0,0,0,0,0,0,0,0,0,0,0,0,0,0,0,0,0,0,0,0,0,0,0,0,0,0,0,0,0,0,0,0,0,0,0,0,0,0,0,0,0,0,0,0,0,0,0,0,0,0,0,0,0,37,36,36,36,36,36,37,37,37,127,127,127,127,127,3,2,0,0,
1654069782.161255,5643,46527,31,335,263,259,281,0,0,0,0,0,0,0,0,8378,221,122,0,0,0,0,135,0,0,0,0,0,0,32767,32767,32767,32767,32767,32767,32767,32767,33,0,3336,5009,12094,4982,0,0,0,0,15,9,0,0,0,0,0,0,0,0,0,0,0,0,0,0,0,0,0,0,0,0,0,0,0,0,0,0,0,0,0,0,0,0,0,0,0,0,0,0,0,0,0,0,0,0,0,0,0,0,0,0,0,0,0,0,0,37,36,36,36,36,36,37,37,37,127,127,127,127,127,3,2,0,0,
1654069787.260956,5648,46522,31,322,268,259,277,0,0,0,0,0,0,0,0,8378,221,122,0,0,0,0,131,0,0,0,0,0,0,32767,32767,32767,32767,32767,32767,32767,32767,35,0,3345,5013,12103,4978,0,0,0,0,15,9,0,0,0,0,0,0,0,0,0,0,0,0,0,0,0,0,0,0,0,0,0,0,0,0,0,0,0,0,0,0,0,0,0,0,0,0,0,0,0,0,0,0,0,0,0,0,0,0,0,0,0,0,0,0,0,37,36,36,36,36,36,37,37,37,127,127,127,127,127,3,2,0,0,
1654069792.560974,5653,46517,31,313,268,259,277,0,0,0,0,0,0,0,0,8378,206,106,0,0,0,0,127,0,0,0,0,0,0,32767,32767,32767,32767,32767,32767,32767,32767,35,0,3345,5009,12089,4982,0,0,0,0,15,9,0,0,0,0,0,0,0,0,0,0,0,0,0,0,0,0,0,0,0,0,0,0,0,0,0,0,0,0,0,0,0,0,0,0,0,0,0,0,0,0,0,0,0,0,0,0,0,0,0,0,0,0,0,0,0,37,36,36,36,36,36,37,37,37,127,127,127,127,127,3,2,0,0,
1654069797.760986,5659,46512,31,308,268,259,277,0,0,0,0,0,0,0,0,8378,206,106,0,0,0,0,133,0,0,0,0,0,0,32767,32767,32767,32767,32767,32767,32767,32767,36,0,3341,5009,12107,4978,0,0,0,0,15,9,0,0,0,0,0,0,0,0,0,0,0,0,0,0,0,0,0,0,0,0,0,0,0,0,0,0,0,0,0,0,0,0,0,0,0,0,0,0,0,0,0,0,0,0,0,0,0,0,0,0,0,0,0,0,0,37,36,36,36,36,36,37,37,37,127,127,127,127,127,3,2,0,0,
1654069802.961029,5664,46506,31,317,263,259,281,38,6,2,1,1,0,0,0,8378,188,96,0,1,0,0,134,0,0,0,0,0,0,32767,32767,32767,32767,32767,32767,32767,32767,1352,0,3345,5013,12103,4973,0,0,0,0,15,9,0,0,0,0,0,0,0,0,0,0,0,0,0,0,0,0,0,0,0,0,0,0,0,0,0,0,0,0,0,0,0,0,0,0,0,0,0,0,0,0,0,0,0,0,0,0,0,0,0,0,0,0,0,0,0,37,36,36,36,36,36,37,37,37,127,127,127,127,127,3,2,0,0,
1654069808.061035,5669,46501,31,339,263,259,277,0,0,0,0,0,0,0,0,8378,188,96,0,0,0,0,132,0,0,0,0,0,0,32767,32767,32767,32767,32767,32767,32767,32767,33,0,3345,5013,12107,4973,0,0,0,0,15,9,0,0,0,0,0,0,0,0,0,0,0,0,0,0,0,0,0,0,0,0,0,0,0,0,0,0,0,0,0,0,0,0,0,0,0,0,0,0,0,0,0,0,0,0,0,0,0,0,0,0,0,0,0,0,0,37,36,36,36,36,36,37,37,37,127,127,127,127,127,3,2,0,0,
1654069813.161072,5674,46496,31,330,263,263,277,0,0,0,0,0,0,0,0,8378,187,89,0,0,0,0,132,0,0,0,0,0,0,32767,32767,32767,32767,32767,32767,32767,32767,33,0,3336,5013,12120,4978,0,0,0,0,15,9,0,0,0,0,0,0,0,0,0,0,0,0,0,0,0,0,0,0,0,0,0,0,0,0,0,0,0,0,0,0,0,0,0,0,0,0,0,0,0,0,0,0,0,0,0,0,0,0,0,0,0,0,0,0,0,37,36,36,36,37,37,37,37,37,127,127,127,127,127,3,2,0,0,
1654069818.261078,5679,46491,31,322,268,263,277,0,0,0,0,0,0,0,0,8378,187,89,0,0,0,0,129,0,0,0,0,0,0,32767,32767,32767,32767,32767,32767,32767,32767,35,0,3345,5013,12098,4982,0,0,0,0,15,9,0,0,0,0,0,0,0,0,0,0,0,0,0,0,0,0,0,0,0,0,0,0,0,0,0,0,0,0,0,0,0,0,0,0,0,0,0,0,0,0,0,0,0,0,0,0,0,0,0,0,0,0,0,0,0,37,36,36,36,37,37,37,37,37,127,127,127,127,127,3,2,0,0,
1654069823.361115,5684,46486,31,313,268,263,277,0,0,0,0,0,0,0,0,8376,183,84,0,0,0,0,142,0,0,0,0,0,0,32767,32767,32767,32767,32767,32767,32767,32767,35,0,3345,5013,12098,4982,0,0,0,0,15,9,0,0,0,0,0,0,0,0,0,0,0,0,0,0,0,0,0,0,0,0,0,0,0,0,0,0,0,0,0,0,0,0,0,0,0,0,0,0,0,0,0,0,0,0,0,0,0,0,0,0,0,0,0,0,0,37,37,36,36,37,37,37,37,37,127,127,127,127,127,3,2,0,0,
1654069828.461121,5689,46481,31,308,268,259,277,0,0,0,0,0,0,0,0,8376,183,84,0,0,0,0,133,0,0,0,0,0,0,32767,32767,32767,32767,32767,32767,32767,32767,32,0,3341,5009,12107,4982,0,0,0,0,15,9,0,0,0,0,0,0,0,0,0,0,0,0,0,0,0,0,0,0,0,0,0,0,0,0,0,0,0,0,0,0,0,0,0,0,0,0,0,0,0,0,0,0,0,0,0,0,0,0,0,0,0,0,0,0,0,37,37,36,36,37,37,37,37,37,127,127,127,127,127,3,2,0,0,
1654069833.561157,5694,46476,31,299,263,263,281,0,0,0,0,0,0,0,0,8378,171,76,0,0,0,0,135,0,0,0,0,0,0,32767,32767,32767,32767,32767,32767,32767,32767,1354,0,3341,5013,12103,4969,0,0,0,0,15,9,0,0,0,0,0,0,0,0,0,0,0,0,0,0,0,0,0,0,0,0,0,0,0,0,0,0,0,0,0,0,0,0,0,0,0,0,0,0,0,0,0,0,0,0,0,0,0,0,0,0,0,0,0,0,0,37,37,36,36,37,37,37,37,37,127,127,127,127,127,3,2,0,0,
1654069838.761169,5700,46471,31,344,268,263,281,0,0,0,0,0,0,0,0,8378,171,76,0,0,0,0,137,0,0,0,0,0,0,32767,32767,32767,32767,32767,32767,32767,32767,33,0,3345,5009,12098,4982,0,0,0,0,15,9,0,0,0,0,0,0,0,0,0,0,0,0,0,0,0,0,0,0,0,0,0,0,0,0,0,0,0,0,0,0,0,0,0,0,0,0,0,0,0,0,0,0,0,0,0,0,0,0,0,0,0,0,0,0,0,37,37,36,37,37,37,37,37,37,127,127,127,127,127,3,2,0,0,
1654069843.961212,5705,46465,31,330,268,259,277,0,0,0,0,0,0,0,0,8376,171,76,0,0,0,0,129,0,0,0,0,0,0,32767,32767,32767,32767,32767,32767,32767,32767,33,0,3345,5009,12112,4982,0,0,0,0,15,9,0,0,0,0,0,0,0,0,0,0,0,0,0,0,0,0,0,0,0,0,0,0,0,0,0,0,0,0,0,0,0,0,0,0,0,0,0,0,0,0,0,0,0,0,0,0,0,0,0,0,0,0,0,0,0,37,37,36,37,37,37,37,37,37,127,127,127,127,127,3,2,0,0,
1654069849.061218,5710,46460,31,322,263,263,277,0,0,0,0,0,0,0,0,8376,171,76,0,0,0,0,126,0,0,0,0,0,0,32767,32767,32767,32767,32767,32767,32767,32767,38,0,3341,5013,12089,4978,0,0,0,0,15,9,0,0,0,0,0,0,0,0,0,0,0,0,0,0,0,0,0,0,0,0,0,0,0,0,0,0,0,0,0,0,0,0,0,0,0,0,0,0,0,0,0,0,0,0,0,0,0,0,0,0,0,0,0,0,0,37,37,36,37,37,37,37,37,37,127,127,127,127,127,3,2,0,0,
1654069854.161255,5715,46455,31,313,268,263,277,0,0,0,0,0,0,0,0,8376,166,71,0,0,0,0,137,0,0,0,0,0,0,32767,32767,32767,32767,32767,32767,32767,32767,30,0,3345,5009,12103,4978,0,0,0,0,15,9,0,0,0,0,0,0,0,0,0,0,0,0,0,0,0,0,0,0,0,0,0,0,0,0,0,0,0,0,0,0,0,0,0,0,0,0,0,0,0,0,0,0,0,0,0,0,0,0,0,0,0,0,0,0,0,37,37,36,37,37,37,37,37,37,127,127,127,127,127,3,2,0,0,
1654069859.261261,5720,46450,31,308,263,259,277,0,0,0,0,0,0,0,0,8376,166,71,0,0,0,0,126,0,0,0,0,0,0,32767,32767,32767,32767,32767,32767,32767,32767,36,0,3341,5004,12107,4978,0,0,0,0,15,9,0,0,0,0,0,0,0,0,0,0,0,0,0,0,0,0,0,0,0,0,0,0,0,0,0,0,0,0,0,0,0,0,0,0,0,0,0,0,0,0,0,0,0,0,0,0,0,0,0,0,0,0,0,0,0,37,37,36,37,37,37,37,37,37,127,127,127,127,127,3,2,0,0,
1654069864.361298,5725,46445,31,299,268,259,277,0,0,0,0,0,0,0,0,8378,165,69,0,0,0,0,139,0,0,0,0,0,0,32767,32767,32767,32767,32767,32767,32767,32767,32,0,3345,5013,12089,4978,0,0,0,0,15,9,0,0,0,0,0,0,0,0,0,0,0,0,0,0,0,0,0,0,0,0,0,0,0,0,0,0,0,0,0,0,0,0,0,0,0,0,0,0,0,0,0,0,0,0,0,0,0,0,0,0,0,0,0,0,0,37,37,36,37,37,37,37,37,37,127,127,127,127,127,3,2,0,0,
1654069869.461304,5730,46440,31,344,263,259,277,0,0,0,0,0,0,0,0,8378,165,69,0,0,0,0,140,0,0,0,0,0,0,32767,32767,32767,32767,32767,32767,32767,32767,32,0,3345,5013,12103,4978,0,0,0,0,15,9,0,0,0,0,0,0,0,0,0,0,0,0,0,0,0,0,0,0,0,0,0,0,0,0,0,0,0,0,0,0,0,0,0,0,0,0,0,0,0,0,0,0,0,0,0,0,0,0,0,0,0,0,0,0,0,37,37,36,37,37,37,37,37,37,127,127,127,127,127,3,2,0,0,
1654069874.561340,5735,46435,31,330,268,263,281,0,0,0,0,0,0,0,0,8378,162,62,0,0,0,0,139,0,0,0,0,0,0,32767,32767,32767,32767,32767,32767,32767,32767,36,0,3341,5018,12112,4978,0,0,0,0,15,9,0,0,0,0,0,0,0,0,0,0,0,0,0,0,0,0,0,0,0,0,0,0,0,0,0,0,0,0,0,0,0,0,0,0,0,0,0,0,0,0,0,0,0,0,0,0,0,0,0,0,0,0,0,0,0,37,37,36,37,37,37,37,37,37,127,127,127,127,127,3,2,0,0,
1654069879.761353,5741,46429,31,322,268,263,277,0,0,0,0,0,0,0,0,8378,162,62,0,0,0,0,135,0,0,0,0,0,0,32767,32767,32767,32767,32767,32767,32767,32767,36,0,3341,5013,12103,4982,0,0,0,0,15,9,0,0,0,0,0,0,0,0,0,0,0,0,0,0,0,0,0,0,0,0,0,0,0,0,0,0,0,0,0,0,0,0,0,0,0,0,0,0,0,0,0,0,0,0,0,0,0,0,0,0,0,0,0,0,0,37,37,36,37,37,37,37,37,37,127,127,127,127,127,3,2,0,0,
1654069884.961395,5746,46424,31,313,268,263,277,0,0,0,0,0,0,0,0,8374,159,60,0,0,0,0,139,0,0,0,0,0,0,32767,32767,32767,32767,32767,32767,32767,32767,33,0,3341,5004,12098,4982,0,0,0,0,15,9,0,0,0,0,0,0,0,0,0,0,0,0,0,0,0,0,0,0,0,0,0,0,0,0,0,0,0,0,0,0,0,0,0,0,0,0,0,0,0,0,0,0,0,0,0,0,0,0,0,0,0,0,0,0,0,37,37,36,37,37,37,37,37,37,127,127,127,127,127,3,2,0,0,
1654069890.061401,5751,46419,31,304,268,263,277,0,0,0,0,0,0,0,0,8374,159,60,0,0,0,0,131,0,0,0,0,0,0,32767,32767,32767,32767,32767,32767,32767,32767,32,0,3341,5013,12103,4978,0,0,0,0,15,9,0,0,0,0,0,0,0,0,0,0,0,0,0,0,0,0,0,0,0,0,0,0,0,0,0,0,0,0,0,0,0,0,0,0,0,0,0,0,0,0,0,0,0,0,0,0,0,0,0,0,0,0,0,0,0,37,37,36,37,37,37,37,37,37,127,127,127,127,127,3,2,0,0,
1654069895.161438,5756,46414,31,299,268,259,277,0,0,0,0,0,0,0,0,8378,155,60,0,0,0,0,127,0,0,0,0,0,0,32767,32767,32767,32767,32767,32767,32767,32767,39,0,3345,5013,12085,4978,0,0,0,0,15,9,0,0,0,0,0,0,0,0,0,0,0,0,0,0,0,0,0,0,0,0,0,0,0,0,0,0,0,0,0,0,0,0,0,0,0,0,0,0,0,0,0,0,0,0,0,0,0,0,0,0,0,0,0,0,0,37,37,36,37,37,37,37,37,37,127,127,127,127,127,3,2,0,0,
1654069900.261444,5761,46409,31,344,268,263,277,0,0,0,0,0,0,0,0,8378,155,60,0,0,0,0,139,0,0,0,0,0,0,32767,32767,32767,32767,32767,32767,32767,32767,30,0,3345,5009,12107,4982,0,0,0,0,15,9,0,0,0,0,0,0,0,0,0,0,0,0,0,0,0,0,0,0,0,0,0,0,0,0,0,0,0,0,0,0,0,0,0,0,0,0,0,0,0,0,0,0,0,0,0,0,0,0,0,0,0,0,0,0,0,37,37,36,37,37,37,37,37,37,127,127,127,127,127,3,2,0,0,
1654069905.361481,5766,46404,31,330,263,259,277,0,0,0,0,0,0,0,0,8378,149,54,0,0,0,0,137,0,0,0,0,0,0,32767,32767,32767,32767,32767,32767,32767,32767,32,0,3341,5013,12107,4978,0,0,0,0,15,9,0,0,0,0,0,0,0,0,0,0,0,0,0,0,0,0,0,0,0,0,0,0,0,0,0,0,0,0,0,0,0,0,0,0,0,0,0,0,0,0,0,0,0,0,0,0,0,0,0,0,0,0,0,0,0,37,37,37,37,37,37,37,37,37,127,127,127,127,127,3,2,0,0,
1654069910.461487,5771,46399,31,322,263,259,277,0,0,0,0,0,0,0,0,8378,149,54,0,0,0,0,132,0,0,0,0,0,0,32767,32767,32767,32767,32767,32767,32767,32767,33,0,3341,5013,12112,4978,0,0,0,0,15,9,0,0,0,0,0,0,0,0,0,0,0,0,0,0,0,0,0,0,0,0,0,0,0,0,0,0,0,0,0,0,0,0,0,0,0,0,0,0,0,0,0,0,0,0,0,0,0,0,0,0,0,0,0,0,0,37,37,37,37,37,37,37,37,37,127,127,127,127,127,3,2,0,0,
1654069915.561523,5776,46394,31,313,268,259,277,0,0,0,0,0,0,0,0,8376,149,60,0,0,0,0,129,0,0,0,0,0,0,32767,32767,32767,32767,32767,32767,32767,32767,35,0,3341,5009,12094,4982,0,0,0,0,15,9,0,0,0,0,0,0,0,0,0,0,0,0,0,0,0,0,0,0,0,0,0,0,0,0,0,0,0,0,0,0,0,0,0,0,0,0,0,0,0,0,0,0,0,0,0,0,0,0,0,0,0,0,0,0,0,37,37,37,37,37,37,37,37,37,127,127,127,127,127,3,2,0,0,
1654069920.761566,5782,46389,31,304,263,259,277,0,0,0,0,0,0,0,0,8376,149,60,0,0,0,0,131,0,0,0,0,0,0,32767,32767,32767,32767,32767,32767,32767,32767,35,0,3341,5013,12112,4973,0,0,0,0,15,9,0,0,0,0,0,0,0,0,0,0,0,0,0,0,0,0,0,0,0,0,0,0,0,0,0,0,0,0,0,0,0,0,0,0,0,0,0,0,0,0,0,0,0,0,0,0,0,0,0,0,0,0,0,0,0,37,37,37,37,37,37,37,37,37,127,127,127,127,127,3,2,0,0,
1654069926.061584,5787,46383,31,304,268,259,277,0,0,0,0,0,0,0,0,8378,150,51,0,0,0,0,129,0,0,0,0,0,0,32767,32767,32767,32767,32767,32767,32767,32767,35,0,3341,5013,12094,4982,0,0,0,0,15,9,0,0,0,0,0,0,0,0,0,0,0,0,0,0,0,0,0,0,0,0,0,0,0,0,0,0,0,0,0,0,0,0,0,0,0,0,0,0,0,0,0,0,0,0,0,0,0,0,0,0,0,0,0,0,0,37,37,37,37,37,37,37,37,37,127,127,127,127,127,3,2,0,0,
1654069931.161591,5792,46378,31,339,263,259,277,0,0,0,0,0,0,0,0,8378,150,51,0,0,0,0,130,0,0,0,0,0,0,32767,32767,32767,32767,32767,32767,32767,32767,38,0,3345,5009,12094,4982,0,0,0,0,15,9,0,0,0,0,0,0,0,0,0,0,0,0,0,0,0,0,0,0,0,0,0,0,0,0,0,0,0,0,0,0,0,0,0,0,0,0,0,0,0,0,0,0,0,0,0,0,0,0,0,0,0,0,0,0,0,37,37,37,37,37,37,37,37,37,127,127,127,127,127,3,2,0,0,
1654069936.261627,5797,46373,31,330,268,263,277,0,0,0,0,0,0,0,0,8378,150,51,0,0,0,0,129,0,0,0,0,0,0,32767,32767,32767,32767,32767,32767,32767,32767,33,0,3345,5013,12103,4982,0,0,0,0,15,9,0,0,0,0,0,0,0,0,0,0,0,0,0,0,0,0,0,0,0,0,0,0,0,0,0,0,0,0,0,0,0,0,0,0,0,0,0,0,0,0,0,0,0,0,0,0,0,0,0,0,0,0,0,0,0,37,37,37,37,37,37,37,37,37,127,127,127,127,127,3,2,0,0,
1654069941.361633,5802,46368,31,317,263,263,277,0,0,0,0,0,0,0,0,8378,149,49,0,0,0,0,137,0,0,0,0,0,0,32767,32767,32767,32767,32767,32767,32767,32767,36,0,3345,5009,12094,4978,0,0,0,0,15,9,0,0,0,0,0,0,0,0,0,0,0,0,0,0,0,0,0,0,0,0,0,0,0,0,0,0,0,0,0,0,0,0,0,0,0,0,0,0,0,0,0,0,0,0,0,0,0,0,0,0,0,0,0,0,0,37,37,37,37,37,37,37,37,37,127,127,127,127,127,3,2,0,0,
1654069946.461670,5807,46363,31,313,268,259,277,0,0,0,0,0,0,0,0,8378,149,49,0,0,0,0,137,0,0,0,0,0,0,32767,32767,32767,32767,32767,32767,32767,32767,33,0,3341,5009,12103,4978,0,0,0,0,15,9,0,0,0,0,0,0,0,0,0,0,0,0,0,0,0,0,0,0,0,0,0,0,0,0,0,0,0,0,0,0,0,0,0,0,0,0,0,0,0,0,0,0,0,0,0,0,0,0,0,0,0,0,0,0,0,37,37,37,37,37,37,37,37,37,127,127,127,127,127,3,2,0,0,
1654069951.561676,5812,46358,31,304,263,259,277,0,0,0,0,0,0,0,0,8380,146,49,0,0,0,0,141,0,0,0,0,0,0,32767,32767,32767,32767,32767,32767,32767,32767,35,0,3345,5013,12089,4982,0,0,0,0,15,9,0,0,0,0,0,0,0,0,0,0,0,0,0,0,0,0,0,0,0,0,0,0,0,0,0,0,0,0,0,0,0,0,0,0,0,0,0,0,0,0,0,0,0,0,0,0,0,0,0,0,0,0,0,0,0,37,37,37,37,37,37,37,37,37,127,127,127,127,127,3,2,0,0,
1654069956.661713,5818,46353,31,299,268,263,281,0,0,0,0,0,0,0,0,8380,146,49,0,0,0,0,130,0,0,0,0,0,0,32767,32767,32767,32767,32767,32767,32767,32767,33,0,3345,5013,12103,4978,0,0,0,0,15,9,0,0,0,0,0,0,0,0,0,0,0,0,0,0,0,0,0,0,0,0,0,0,0,0,0,0,0,0,0,0,0,0,0,0,0,0,0,0,0,0,0,0,0,0,0,0,0,0,0,0,0,0,0,0,0,37,37,37,37,37,37,37,37,37,127,127,127,127,127,3,2,0,0,
1654069961.862061,5823,46347,31,348,268,259,277,0,0,0,0,0,0,0,0,8376,162,54,0,0,0,0,136,0,0,0,0,0,0,32767,32767,32767,32767,32767,32767,32767,32767,35,0,3345,5013,12098,4982,0,0,0,0,15,9,0,0,0,0,0,0,0,0,0,0,0,0,0,0,0,0,0,0,0,0,0,0,0,0,0,0,0,0,0,0,0,0,0,0,0,0,0,0,0,0,0,0,0,0,0,0,0,0,0,0,0,0,0,0,0,37,37,37,37,37,37,37,37,37,127,127,127,127,127,3,2,0,0,
1654069967.061737,5828,46342,31,330,263,259,277,0,0,0,0,0,0,0,0,8376,162,54,0,0,0,0,139,0,0,0,0,0,0,32767,32767,32767,32767,32767,32767,32767,32767,33,0,3345,5013,12098,4982,0,0,0,0,15,9,0,0,0,0,0,0,0,0,0,0,0,0,0,0,0,0,0,0,0,0,0,0,0,0,0,0,0,0,0,0,0,0,0,0,0,0,0,0,0,0,0,0,0,0,0,0,0,0,0,0,0,0,0,0,0,37,37,37,37,37,37,37,37,37,127,127,127,127,127,3,2,0,0,
1654069972.161774,5833,46337,31,322,268,259,277,0,0,0,0,0,0,0,0,8378,143,43,0,0,0,0,130,0,0,0,0,0,0,32767,32767,32767,32767,32767,32767,32767,32767,40,0,3345,5009,12107,4982,0,0,0,0,15,9,0,0,0,0,0,0,0,0,0,0,0,0,0,0,0,0,0,0,0,0,0,0,0,0,0,0,0,0,0,0,0,0,0,0,0,0,0,0,0,0,0,0,0,0,0,0,0,0,0,0,0,0,0,0,0,37,37,37,37,37,37,37,37,37,127,127,127,127,127,3,2,0,0,
1654069977.261810,5838,46332,31,313,263,259,277,0,0,0,0,0,0,0,0,8378,143,43,0,0,0,0,136,0,0,0,0,0,0,32767,32767,32767,32767,32767,32767,32767,32767,38,0,3345,5009,12089,4982,0,0,0,0,15,9,0,0,0,0,0,0,0,0,0,0,0,0,0,0,0,0,0,0,0,0,0,0,0,0,0,0,0,0,0,0,0,0,0,0,0,0,0,0,0,0,0,0,0,0,0,0,0,0,0,0,0,0,0,0,0,37,37,37,37,37,37,37,37,37,127,127,127,127,127,3,2,0,0,
1654069982.361816,5843,46327,31,304,263,259,277,0,0,0,0,0,0,0,0,8376,146,45,0,0,0,0,142,0,0,0,0,0,0,32767,32767,32767,32767,32767,32767,32767,32767,36,0,3345,5013,12103,4982,0,0,0,0,15,9,0,0,0,0,0,0,0,0,0,0,0,0,0,0,0,0,0,0,0,0,0,0,0,0,0,0,0,0,0,0,0,0,0,0,0,0,0,0,0,0,0,0,0,0,0,0,0,0,0,0,0,0,0,0,0,37,37,37,37,37,37,37,37,37,127,127,127,127,127,3,2,0,0,
1654069987.461853,5848,46322,31,299,263,259,277,0,0,0,0,0,0,0,0,8376,146,45,0,0,0,0,132,0,0,0,0,0,0,32767,32767,32767,32767,32767,32767,32767,32767,35,0,3341,5013,12112,4982,0,0,0,0,15,9,0,0,0,0,0,0,0,0,0,0,0,0,0,0,0,0,0,0,0,0,0,0,0,0,0,0,0,0,0,0,0,0,0,0,0,0,0,0,0,0,0,0,0,0,0,0,0,0,0,0,0,0,0,0,0,37,37,37,37,37,37,37,37,37,127,127,127,127,127,3,2,0,0,
1654069992.561859,5853,46317,31,344,268,259,281,0,0,0,0,0,0,0,0,8370,436,18,10,0,0,0,133,0,0,0,0,0,0,32767,32767,32767,32767,32767,32767,32767,32767,33,0,3345,5013,12103,4978,0,0,0,0,15,9,0,0,0,0,0,0,0,0,0,0,0,0,0,0,0,0,0,0,0,0,0,0,0,0,0,0,0,0,0,0,0,0,0,0,0,0,0,0,0,0,0,0,0,0,0,0,0,0,0,0,0,0,0,0,0,37,37,37,37,37,37,37,37,37,127,127,127,127,127,3,2,0,0,
1654069997.661896,5859,46312,31,335,268,259,277,0,0,0,0,0,0,0,0,8370,436,18,10,0,0,0,131,0,0,0,0,0,0,32767,32767,32767,32767,32767,32767,32767,32767,38,0,3341,5013,12103,4978,0,0,0,0,15,9,0,0,0,0,0,0,0,0,0,0,0,0,0,0,0,0,0,0,0,0,0,0,0,0,0,0,0,0,0,0,0,0,0,0,0,0,0,0,0,0,0,0,0,0,0,0,0,0,0,0,0,0,0,0,0,37,37,37,37,37,37,37,37,37,127,127,127,127,127,3,2,0,0,
1654070002.961914,5864,46306,31,322,268,259,281,0,0,0,0,0,0,0,0,8376,140,42,0,0,0,0,131,0,0,0,0,0,0,32767,32767,32767,32767,32767,32767,32767,32767,32,0,3345,5013,12089,4978,0,0,0,0,15,9,0,0,0,0,0,0,0,0,0,0,0,0,0,0,0,0,0,0,0,0,0,0,0,0,0,0,0,0,0,0,0,0,0,0,0,0,0,0,0,0,0,0,0,0,0,0,0,0,0,0,0,0,0,0,0,37,37,37,37,37,37,37,37,37,127,127,127,127,127,3,2,0,0,
1654070008.161926,5869,46301,31,313,263,259,277,0,0,0,0,0,0,0,0,8376,140,42,0,0,0,0,137,0,0,0,0,0,0,32767,32767,32767,32767,32767,32767,32767,32767,38,0,3341,5009,12112,4982,0,0,0,0,15,9,0,0,0,0,0,0,0,0,0,0,0,0,0,0,0,0,0,0,0,0,0,0,0,0,0,0,0,0,0,0,0,0,0,0,0,0,0,0,0,0,0,0,0,0,0,0,0,0,0,0,0,0,0,0,0,37,37,37,37,37,37,37,37,37,127,127,127,127,127,3,2,0,0,
1654070013.261963,5874,46296,31,308,268,259,277,0,0,0,0,0,0,0,0,8378,134,42,0,0,0,0,133,0,0,0,0,0,0,32767,32767,32767,32767,32767,32767,32767,32767,30,0,3350,5013,12089,4978,0,0,0,0,15,9,0,0,0,0,0,0,0,0,0,0,0,0,0,0,0,0,0,0,0,0,0,0,0,0,0,0,0,0,0,0,0,0,0,0,0,0,0,0,0,0,0,0,0,0,0,0,0,0,0,0,0,0,0,0,0,37,37,37,37,37,37,37,37,37,127,127,127,127,127,3,2,0,0,
1654070018.361969,5879,46291,31,304,263,259,281,0,0,0,0,0,0,0,0,8378,134,42,0,0,0,0,138,0,0,0,0,0,0,32767,32767,32767,32767,32767,32767,32767,32767,35,0,3345,5009,12103,4973,0,0,0,0,15,9,0,0,0,0,0,0,0,0,0,0,0,0,0,0,0,0,0,0,0,0,0,0,0,0,0,0,0,0,0,0,0,0,0,0,0,0,0,0,0,0,0,0,0,0,0,0,0,0,0,0,0,0,0,0,0,37,37,37,37,37,37,37,37,37,127,127,127,127,127,3,2,0,0,
1654070023.462006,5884,46286,31,344,268,259,281,0,0,0,0,0,0,0,0,8370,496,21,14,0,0,0,137,0,0,0,0,0,0,32767,32767,32767,32767,32767,32767,32767,32767,35,0,3345,5013,12112,4978,0,0,0,0,15,9,0,0,0,0,0,0,0,0,0,0,0,0,0,0,0,0,0,0,0,0,0,0,0,0,0,0,0,0,0,0,0,0,0,0,0,0,0,0,0,0,0,0,0,0,0,0,0,0,0,0,0,0,0,0,0,37,37,37,37,37,37,37,37,37,127,127,127,127,127,3,2,0,0,
1654070028.562012,5889,46281,31,330,268,259,277,0,0,0,0,0,0,0,0,8370,496,21,14,0,0,0,131,0,0,0,0,0,0,32767,32767,32767,32767,32767,32767,32767,32767,39,0,3341,5013,12089,4982,0,0,0,0,15,9,0,0,0,0,0,0,0,0,0,0,0,0,0,0,0,0,0,0,0,0,0,0,0,0,0,0,0,0,0,0,0,0,0,0,0,0,0,0,0,0,0,0,0,0,0,0,0,0,0,0,0,0,0,0,0,37,37,37,37,37,37,37,37,37,127,127,127,127,127,3,2,0,0,
1654070033.662048,5895,46276,31,326,272,263,277,0,0,0,0,0,0,0,0,8378,139,38,0,0,0,0,132,0,0,0,0,0,0,32767,32767,32767,32767,32767,32767,32767,32767,33,0,3345,5009,12112,4978,0,0,0,0,15,9,0,0,0,0,0,0,0,0,0,0,0,0,0,0,0,0,0,0,0,0,0,0,0,0,0,0,0,0,0,0,0,0,0,0,0,0,0,0,0,0,0,0,0,0,0,0,0,0,0,0,0,0,0,0,0,37,37,37,37,37,37,37,37,37,127,127,127,127,127,3,2,0,0,
1654070038.762054,5900,46271,31,322,272,268,277,0,0,0,0,0,0,0,0,8378,139,38,0,0,0,0,135,0,0,0,0,0,0,32767,32767,32767,32767,32767,32767,32767,32767,38,0,3345,5013,12098,4982,0,0,0,0,15,9,0,0,0,0,0,0,0,0,0,0,0,0,0,0,0,0,0,0,0,0,0,0,0,0,0,0,0,0,0,0,0,0,0,0,0,0,0,0,0,0,0,0,0,0,0,0,0,0,0,0,0,0,0,0,0,37,37,37,37,37,37,37,37,37,127,127,127,127,127,3,2,0,0,
1654070043.962097,5905,46265,31,317,272,272,277,0,0,0,0,0,0,0,0,8376,134,38,0,0,0,0,138,0,0,0,0,0,0,32767,32767,32767,32767,32767,32767,32767,32767,32,0,3341,5009,12094,4982,0,0,0,0,15,9,0,0,0,0,0,0,0,0,0,0,0,0,0,0,0,0,0,0,0,0,0,0,0,0,0,0,0,0,0,0,0,0,0,0,0,0,0,0,0,0,0,0,0,0,0,0,0,0,0,0,0,0,0,0,0,37,37,37,37,37,37,37,37,37,127,127,127,127,127,3,2,0,0,
1654070049.262115,5910,46260,31,313,277,272,277,0,0,0,0,0,0,0,0,8376,134,38,0,0,0,0,132,0,0,0,0,0,0,32767,32767,32767,32767,32767,32767,32767,32767,35,0,3341,5013,12112,4982,0,0,0,0,15,9,0,0,0,0,0,0,0,0,0,0,0,0,0,0,0,0,0,0,0,0,0,0,0,0,0,0,0,0,0,0,0,0,0,0,0,0,0,0,0,0,0,0,0,0,0,0,0,0,0,0,0,0,0,0,0,37,37,37,37,37,37,37,37,37,127,127,127,127,127,3,2,0,0,
1654070054.362122,5915,46255,31,348,277,272,277,0,0,0,0,0,0,0,0,8378,139,43,0,0,0,0,140,0,0,0,0,0,0,32767,32767,32767,32767,32767,32767,32767,32767,36,0,3341,5009,12094,4978,0,0,0,0,15,9,0,0,0,0,0,0,0,0,0,0,0,0,0,0,0,0,0,0,0,0,0,0,0,0,0,0,0,0,0,0,0,0,0,0,0,0,0,0,0,0,0,0,0,0,0,0,0,0,0,0,0,0,0,0,0,37,37,37,37,37,37,37,37,37,127,127,127,127,127,3,2,0,0,
1654070059.462158,5920,46250,31,339,277,277,277,0,0,0,0,0,0,0,0,8378,139,43,0,0,0,0,135,0,0,0,0,0,0,32767,32767,32767,32767,32767,32767,32767,32767,35,0,3341,5013,12098,4978,0,0,0,0,15,9,0,0,0,0,0,0,0,0,0,0,0,0,0,0,0,0,0,0,0,0,0,0,0,0,0,0,0,0,0,0,0,0,0,0,0,0,0,0,0,0,0,0,0,0,0,0,0,0,0,0,0,0,0,0,0,37,37,37,37,37,37,37,37,37,127,127,127,127,127,3,2,0,0,
1654070064.562164,5925,46245,31,330,277,272,277,0,0,0,0,0,0,0,0,8376,133,34,0,0,0,0,140,0,0,0,0,0,0,32767,32767,32767,32767,32767,32767,32767,32767,30,0,3341,5013,12112,4978,0,0,0,0,15,9,0,0,0,0,0,0,0,0,0,0,0,0,0,0,0,0,0,0,0,0,0,0,0,0,0,0,0,0,0,0,0,0,0,0,0,0,0,0,0,0,0,0,0,0,0,0,0,0,0,0,0,0,0,0,0,37,37,37,37,37,37,37,37,37,127,127,127,127,127,3,2,0,0,
1654070069.662231,5931,46240,31,322,277,277,281,0,0,0,0,0,0,0,0,8376,133,34,0,0,0,0,131,0,0,0,0,0,0,32767,32767,32767,32767,32767,32767,32767,32767,32,0,3345,5013,12103,4978,0,0,0,0,15,9,0,0,0,0,0,0,0,0,0,0,0,0,0,0,0,0,0,0,0,0,0,0,0,0,0,0,0,0,0,0,0,0,0,0,0,0,0,0,0,0,0,0,0,0,0,0,0,0,0,0,0,0,0,0,0,37,37,37,37,37,37,37,37,37,127,127,127,127,127,3,2,0,0,
1654070074.762207,5936,46235,31,322,277,277,281,0,0,0,0,0,0,0,0,8376,133,34,0,0,0,0,133,0,0,0,0,0,0,32767,32767,32767,32767,32767,32767,32767,32767,30,0,3345,5009,12107,4982,0,0,0,0,15,9,0,0,0,0,0,0,0,0,0,0,0,0,0,0,0,0,0,0,0,0,0,0,0,0,0,0,0,0,0,0,0,0,0,0,0,0,0,0,0,0,0,0,0,0,0,0,0,0,0,0,0,0,0,0,0,37,37,37,37,37,37,37,37,37,127,127,127,127,127,3,2,0,0,
1654070079.862244,5941,46229,31,313,281,277,277,0,0,0,0,0,0,0,0,8376,152,34,0,0,0,0,137,0,0,0,0,0,0,32767,32767,32767,32767,32767,32767,32767,32767,36,0,3345,5013,12094,4978,0,0,0,0,15,9,0,0,0,0,0,0,0,0,0,0,0,0,0,0,0,0,0,0,0,0,0,0,0,0,0,0,0,0,0,0,0,0,0,0,0,0,0,0,0,0,0,0,0,0,0,0,0,0,0,0,0,0,0,0,0,37,37,37,37,37,37,37,38,37,127,127,127,127,127,3,2,0,0,
1654070085.062256,5946,46224,31,348,277,272,277,0,0,0,0,0,0,0,0,8376,152,34,0,0,0,0,135,0,0,0,0,0,0,32767,32767,32767,32767,32767,32767,32767,32767,32,0,3345,5013,12089,4982,0,0,0,0,15,9,0,0,0,0,0,0,0,0,0,0,0,0,0,0,0,0,0,0,0,0,0,0,0,0,0,0,0,0,0,0,0,0,0,0,0,0,0,0,0,0,0,0,0,0,0,0,0,0,0,0,0,0,0,0,0,37,37,37,37,37,37,37,38,37,127,127,127,127,127,3,2,0,0,
1654070090.362305,5951,46219,31,335,272,272,277,0,0,0,0,0,0,0,0,8374,130,36,0,0,0,0,139,0,0,0,0,0,0,32767,32767,32767,32767,32767,32767,32767,32767,35,0,3341,5009,12094,4978,0,0,0,0,15,9,0,0,0,0,0,0,0,0,0,0,0,0,0,0,0,0,0,0,0,0,0,0,0,0,0,0,0,0,0,0,0,0,0,0,0,0,0,0,0,0,0,0,0,0,0,0,0,0,0,0,0,0,0,0,0,37,37,37,37,37,37,37,38,37,127,127,127,127,127,3,2,0,0,
1654070095.462311,5956,46214,31,326,272,268,277,0,0,0,0,0,0,0,0,8374,130,36,0,0,0,0,139,0,0,0,0,0,0,32767,32767,32767,32767,32767,32767,32767,32767,32,0,3345,5013,12107,4982,0,0,0,0,15,9,0,0,0,0,0,0,0,0,0,0,0,0,0,0,0,0,0,0,0,0,0,0,0,0,0,0,0,0,0,0,0,0,0,0,0,0,0,0,0,0,0,0,0,0,0,0,0,0,0,0,0,0,0,0,0,37,37,37,37,37,37,37,38,37,127,127,127,127,127,3,2,0,0,
1654070112.207520,1,46229,31,0,0,0,0,0,0,0,0,0,0,0,0,0,0,0,0,0,0,0,0,0,0,0,0,0,0,32767,32767,32767,32767,32767,32767,32767,32767,27,0,3345,5009,12089,4987,0,0,0,0,15,0,0,0,0,0,0,0,0,0,0,0,0,0,0,0,0,0,0,0,0,0,0,0,0,0,0,0,0,0,0,0,0,0,0,0,0,0,0,0,0,0,0,0,0,0,0,0,0,0,0,0,0,0,0,0,0,37,37,36,36,37,37,37,38,37,127,127,127,127,127,0,2,0,0,
1654070117.507538,6,46224,31,272,241,237,237,0,0,0,0,0,0,0,0,0,0,0,0,0,0,0,0,0,0,0,0,0,0,32767,32767,32767,32767,32767,32767,32767,32767,35,0,3345,5013,12094,4982,0,0,0,0,15,0,0,0,0,0,0,0,0,0,0,0,0,0,0,0,0,0,0,0,0,0,0,0,0,0,0,0,0,0,0,0,0,0,0,0,0,0,0,0,0,0,0,0,0,0,0,0,0,0,0,0,0,0,0,0,0,37,37,36,36,37,37,37,38,37,127,127,127,127,127,0,2,0,0,
1654070122.607574,12,46219,31,272,245,237,237,0,0,0,0,0,0,0,0,8362,0,0,18,0,0,0,0,0,0,0,0,0,0,32767,32767,32767,32767,32767,32767,32767,32767,33,0,3345,5013,12089,4982,0,0,0,0,15,0,0,0,0,0,0,0,0,0,0,0,0,0,0,0,0,0,0,0,0,0,0,0,0,0,0,0,0,0,0,0,0,0,0,0,0,0,0,0,0,0,0,0,0,0,0,0,0,0,0,0,0,0,0,0,0,37,37,36,36,37,37,37,38,37,127,127,127,127,127,0,2,0,0,
1654070127.707581,17,46214,31,277,250,241,237,0,0,0,0,0,0,0,0,8362,0,0,18,0,0,0,79,0,0,0,0,0,0,32767,32767,32767,32767,32767,32767,32767,32767,35,0,3345,5009,12107,4973,0,0,0,0,15,9,0,0,0,0,0,0,0,0,0,0,0,0,0,0,0,0,0,0,0,0,0,0,0,0,0,0,0,0,0,0,0,0,0,0,0,0,0,0,0,0,0,0,0,0,0,0,0,0,0,0,0,0,0,0,0,37,37,36,36,37,37,37,38,37,127,127,127,127,127,1,2,0,0,
1654070132.807617,22,46209,31,272,254,245,237,0,0,0,0,0,0,0,0,8356,0,0,76,0,0,0,134,0,0,0,0,0,0,32767,32767,32767,32767,32767,32767,32767,32767,33,0,3345,5013,12089,4982,0,0,0,0,15,9,0,0,0,0,0,0,0,0,0,0,0,0,0,0,0,0,0,0,0,0,0,0,0,0,0,0,0,0,0,0,0,0,0,0,0,0,0,0,0,0,0,0,0,0,0,0,0,0,0,0,0,0,0,0,0,37,37,36,36,37,37,37,38,37,127,127,127,127,127,2,2,0,0,
1654070138.007629,27,46203,31,277,254,250,241,0,0,0,0,0,0,0,0,8356,0,0,76,0,0,0,135,0,0,0,0,0,0,32767,32767,32767,32767,32767,32767,32767,32767,40,0,3341,5013,12094,4982,0,0,0,0,15,9,0,0,0,0,0,0,0,0,0,0,0,0,0,0,0,0,0,0,0,0,0,0,0,0,0,0,0,0,0,0,0,0,0,0,0,0,0,0,0,0,0,0,0,0,0,0,0,0,0,0,0,0,0,0,0,37,36,36,36,37,37,37,38,37,127,127,127,127,127,3,2,0,0,
